run,t,life,stage,test_like,hi_now,prior,extrapolation,staged,gbm,gbm_session,final,final_session
1,100,2598,0 shocks,True,190.0,2109.0,2109.0,1227.8,761.7,1545.3,2109.0,1545.3
1,120,2598,0 shocks,True,189.0,2109.0,2109.0,1261.3,1384.6,1590.6,2109.0,1590.6
1,140,2598,0 shocks,True,190.0,2109.0,2109.0,1292.9,796.9,1585.3,2109.0,1585.3
1,160,2598,0 shocks,True,189.0,2109.0,2109.0,1323.0,1403.7,1630.6,2109.0,1630.6
1,180,2598,0 shocks,True,190.0,2109.0,2109.0,1352.1,825.8,1625.3,2109.0,1625.3
1,200,2598,0 shocks,True,190.0,2109.0,2109.0,1380.2,848.4,1645.3,2109.0,1645.3
1,220,2598,0 shocks,True,190.0,2109.0,2109.0,1407.6,870.3,1665.1,2109.0,1665.1
1,240,2598,0 shocks,True,189.0,2153.0,2153.0,1434.3,1468.0,1707.0,2153.0,1707.0
1,260,2598,0 shocks,True,190.0,2153.0,2153.0,1460.6,1018.8,1701.8,2153.0,1701.8
1,280,2598,0 shocks,True,190.0,2153.0,2153.0,1486.5,1038.8,1721.8,2153.0,1721.8
1,300,2598,0 shocks,True,190.0,2153.0,2153.0,1511.9,1058.8,1741.8,2153.0,1741.8
1,320,2598,0 shocks,True,189.0,2153.0,2153.0,1537.1,1537.9,1787.0,2153.0,1787.0
1,340,2598,0 shocks,True,190.0,2153.0,2153.0,1561.9,1099.1,1768.0,2153.0,1768.0
1,360,2598,0 shocks,True,190.0,2153.0,2153.0,1586.5,1119.1,1787.3,2153.0,1787.3
1,380,2598,0 shocks,True,190.0,2197.0,2197.0,1610.8,1144.1,1759.4,2197.0,1759.4
1,400,2598,0 shocks,True,190.0,2197.0,2197.0,1635.0,1164.1,1734.9,2197.0,1734.9
1,420,2598,0 shocks,True,190.0,2197.0,2197.0,1658.9,1195.2,1731.4,2197.0,1731.4
1,440,2598,0 shocks,True,189.0,2197.0,2197.0,1682.7,1658.9,1768.5,2197.0,1768.5
1,460,2598,0 shocks,True,190.0,2197.0,2197.0,1706.3,1235.2,1757.0,2197.0,1757.0
1,480,2598,0 shocks,True,189.0,2197.0,2197.0,1729.8,1698.9,1799.7,2197.0,1799.7
1,500,2598,0 shocks,True,189.0,2208.0,2208.0,1753.2,1718.9,1815.1,2208.0,1815.1
1,520,2598,0 shocks,True,190.0,2226.0,2226.0,1776.4,1339.5,1814.3,2226.0,1814.3
1,540,2598,0 shocks,True,190.0,2233.0,2233.0,1799.5,1371.8,1834.3,2233.0,1834.3
1,560,2598,0 shocks,True,190.0,2233.0,2233.0,1822.5,1403.6,1854.3,2233.0,1854.3
1,580,2598,0 shocks,True,190.0,2257.0,2257.0,1845.4,1459.1,1874.3,2257.0,1874.3
1,600,2598,0 shocks,True,190.0,2245.0,2245.0,1868.2,1491.1,1894.3,2245.0,1894.3
1,620,2598,0 shocks,True,190.0,2282.5,2282.5,1890.9,1531.0,1911.2,2282.5,1911.2
1,640,2598,0 shocks,True,190.0,2282.5,2282.5,1913.6,1627.7,1931.2,2282.5,1931.2
1,660,2598,0 shocks,True,189.0,2308.0,2308.0,1936.1,1950.6,1969.2,2308.0,1969.2
1,680,2598,0 shocks,True,190.0,2314.0,2314.0,1958.6,1755.3,1971.2,2314.0,1971.2
1,700,2598,0 shocks,True,190.0,2320.0,2320.0,1981.1,1795.3,1991.2,2320.0,1991.2
1,720,2598,0 shocks,True,189.0,2320.0,2320.0,2003.4,2072.2,2029.2,2320.0,2029.2
1,740,2598,0 shocks,True,190.0,2341.0,2341.0,2025.7,1841.6,2028.5,2341.0,2028.5
1,760,2598,0 shocks,True,190.0,2383.0,2383.0,2048.0,1861.6,2043.8,2383.0,2043.8
1,780,2598,0 shocks,True,190.0,2362.0,2362.0,2070.2,1881.6,2056.0,2362.0,2056.0
1,800,2598,0 shocks,True,190.0,2362.0,2362.0,2092.3,1901.6,2053.3,2362.0,2053.3
1,820,2598,0 shocks,True,189.0,2383.0,2383.0,2114.4,2172.2,2080.5,2383.0,2080.5
1,840,2598,0 shocks,True,190.0,2404.0,2404.0,2136.5,1941.6,2073.3,2404.0,2073.3
1,860,2598,0 shocks,True,190.0,2413.5,2413.5,2158.5,1961.6,2072.7,2413.5,2072.7
1,880,2598,0 shocks,True,190.0,2404.0,2404.0,2180.4,1981.6,2086.1,2404.0,2086.1
1,900,2598,0 shocks,True,189.0,2413.5,2413.5,2202.3,2252.2,2122.9,2413.5,2122.9
1,920,2598,0 shocks,True,190.0,2413.5,2413.5,2224.2,2021.6,2122.2,2413.5,2122.2
1,940,2598,0 shocks,True,190.0,2423.0,2423.0,2246.0,2039.7,2142.2,2423.0,2142.2
1,960,2598,0 shocks,True,190.0,2423.0,2423.0,2267.8,2059.7,2148.3,2423.0,2148.3
1,980,2598,0 shocks,True,190.0,2423.0,2423.0,2289.6,2079.7,2155.8,2423.0,2155.8
1,1000,2598,0 shocks,True,189.0,2423.0,2423.0,2311.4,2347.4,2182.8,2423.0,2182.8
1,1020,2598,0 shocks,True,190.0,2423.0,2423.0,2333.1,2117.3,2179.2,2423.0,2179.2
1,1040,2598,0 shocks,True,190.0,2423.0,2423.0,2354.7,2132.5,2199.2,2423.0,2199.2
1,1060,2598,0 shocks,True,190.0,2423.0,2423.0,2376.4,2152.5,2212.7,2423.0,2212.7
1,1080,2598,0 shocks,True,190.0,2423.0,2423.0,2398.0,2172.5,2232.7,2423.0,2232.7
1,1100,2598,0 shocks,True,190.0,2424.5,2424.5,2419.6,2192.5,2252.7,2424.5,2252.7
1,1120,2598,0 shocks,True,190.0,2426.0,2426.0,2441.1,2212.5,2272.7,2426.0,2272.7
1,1140,2598,0 shocks,True,189.0,2426.0,2426.0,2462.7,2481.6,2308.8,2426.0,2308.8
1,1160,2598,0 shocks,True,190.0,2426.0,2426.0,2484.2,2252.5,2312.7,2426.0,2312.7
1,1180,2598,0 shocks,True,189.0,2426.0,2426.0,2505.6,2521.6,2348.8,2426.0,2348.8
1,1200,2598,0 shocks,True,190.0,2426.0,2426.0,2527.1,2292.5,2352.7,2426.0,2352.7
1,1220,2598,0 shocks,True,190.0,2424.5,2424.5,2548.5,2312.5,2372.7,2424.5,2372.7
1,1240,2598,0 shocks,True,189.0,2424.5,2424.5,2570.0,2581.6,2408.8,2424.5,2408.8
1,1260,2598,0 shocks,True,190.0,2426.0,2426.0,2591.3,2352.5,2412.7,2426.0,2412.7
1,1280,2598,0 shocks,True,190.0,2424.5,2424.5,2612.7,2372.5,2432.7,2424.5,2432.7
1,1300,2598,0 shocks,True,190.0,2424.5,2424.5,2634.1,2392.5,2452.7,2424.5,2452.7
1,1320,2598,0 shocks,True,190.0,2426.0,2426.0,2655.4,2412.5,2472.7,2426.0,2472.7
1,1340,2598,0 shocks,True,190.0,2627.0,2627.0,2676.7,2432.5,2492.7,2627.0,2492.7
1,1360,2598,0 shocks,True,189.0,2996.5,2996.5,2698.0,2701.6,2528.8,2996.5,2528.8
1,1380,2598,0 shocks,True,190.0,2996.5,2996.5,2719.3,2472.5,2532.7,2996.5,2532.7
1,1400,2598,0 shocks,True,190.0,3366.0,3366.0,2740.6,2492.5,2552.7,3366.0,2552.7
1,1420,2598,0 shocks,True,189.0,2389.0,2389.0,2761.8,2761.6,2588.8,2389.0,2588.8
1,1440,2598,0 shocks,True,190.0,2409.0,2409.0,2783.0,2532.5,2592.7,2409.0,2592.7
1,1460,2598,1 shock,True,183.0,2320.0,2320.0,2530.2,2596.1,2524.0,2596.1,2596.1
1,1480,2598,1 shock,True,183.0,2320.0,2320.0,2963.2,2616.1,2544.0,2616.1,2616.1
1,1500,2598,1 shock,True,184.0,2320.0,2320.0,3246.4,2669.0,2586.8,2669.0,2669.0
1,1520,2598,1 shock,True,184.0,2362.0,2362.0,3395.2,2851.5,2627.5,2851.5,2851.5
1,1540,2598,1 shock,True,184.0,2362.0,2362.0,3512.8,2929.6,2650.4,2929.6,2929.6
1,1560,2598,1 shock,True,184.0,2362.0,2362.0,3611.5,2951.0,2682.9,2951.0,2951.0
1,1580,2598,1 shock,True,183.0,2363.5,2363.5,3600.1,2971.0,2702.9,2971.0,2971.0
1,1600,2598,1 shock,True,182.0,2365.0,2365.0,3578.1,2992.0,2722.9,2992.0,2992.0
1,1620,2598,1 shock,True,182.0,2365.0,2365.0,3642.8,3015.9,2742.9,3015.9,3015.9
1,1640,2598,1 shock,True,182.0,2365.0,2365.0,3702.5,3035.9,2762.9,3035.9,3035.9
1,1660,2598,1 shock,True,182.0,2365.0,2365.0,3757.9,3059.2,2779.6,3059.2,3059.2
1,1680,2598,1 shock,True,182.0,2382.5,2382.5,3809.8,3083.1,2799.6,3083.1,3083.1
1,1700,2598,1 shock,True,182.0,2382.5,2382.5,3858.8,3101.5,2819.6,3101.5,3101.5
1,1720,2598,1 shock,True,182.0,2382.5,2382.5,3905.3,3121.5,2839.6,3121.5,3121.5
1,1740,2598,2 shocks,True,166.0,2402.0,6188.0,3228.1,2699.0,2475.3,2699.0,2699.0
1,1760,2598,2 shocks,True,167.0,2402.0,6218.3,3632.9,2719.3,2499.0,2719.3,2719.3
1,1780,2598,2 shocks,True,167.0,2402.0,6218.3,3798.8,2761.4,2528.5,2761.4,2761.4
1,1800,2598,2 shocks,True,166.0,2402.0,6188.0,3842.0,2781.4,2548.5,2781.4,2781.4
1,1820,2598,2 shocks,True,167.0,2404.0,6218.3,3926.7,2801.4,2575.5,2801.4,2801.4
1,1840,2598,2 shocks,True,152.0,2404.0,5763.3,3361.7,2819.6,2596.2,2819.6,2819.6
1,1860,2598,3-4 shocks,True,152.0,2404.0,4652.2,3036.0,2800.2,2595.3,2800.2,2800.2
1,1880,2598,3-4 shocks,True,152.0,2404.0,4652.2,3119.4,2820.5,2618.6,2820.5,2820.5
1,1900,2598,3-4 shocks,True,152.0,2404.0,4652.2,3180.3,2862.2,2648.1,2862.2,2862.2
1,1920,2598,3-4 shocks,True,146.0,2404.0,4525.2,3109.4,2882.2,2668.6,2882.2,2882.2
1,1940,2598,3-4 shocks,True,146.0,2404.0,4102.5,2818.5,2958.0,2798.2,2958.0,2958.0
1,1960,2598,3-4 shocks,True,146.0,2404.0,4102.5,2890.9,2978.2,2814.1,2978.2,2978.2
1,1980,2598,5+ shocks,True,134.0,2413.0,3603.6,2986.5,2897.2,2686.9,2897.2,2897.2
1,2000,2598,5+ shocks,True,134.0,2413.0,3603.6,3017.0,2917.6,2706.9,2917.6,2917.6
1,2020,2598,5+ shocks,True,125.0,2413.0,3321.7,2828.8,2749.5,2621.5,2749.5,2749.5
1,2040,2598,5+ shocks,True,125.0,2413.0,3321.7,2859.4,2769.5,2641.5,2769.5,2769.5
1,2060,2598,5+ shocks,True,112.0,2422.0,3078.4,2702.2,2622.8,2522.9,2622.8,2622.8
1,2080,2598,5+ shocks,True,112.0,2422.0,3078.4,2730.6,2642.8,2542.9,2642.8,2642.8
1,2100,2598,5+ shocks,False,102.0,2422.0,2909.0,2603.3,2660.4,2572.4,2660.4,2660.4
1,2120,2598,5+ shocks,False,95.0,2422.5,2729.4,2357.2,2728.0,2620.4,2728.0,2728.0
1,2140,2598,5+ shocks,False,95.0,2422.5,2729.4,2380.6,2748.0,2640.4,2748.0,2748.0
1,2160,2598,5+ shocks,False,83.0,2422.5,2641.8,2497.0,2653.0,2571.9,2653.0,2653.0
1,2180,2598,5+ shocks,False,83.0,2422.5,2641.8,2520.6,2672.3,2589.6,2672.3,2672.3
1,2200,2598,5+ shocks,False,80.0,2423.0,2618.7,2529.7,2577.6,2507.3,2577.6,2577.6
1,2220,2598,5+ shocks,False,83.0,2424.5,2641.8,2563.7,2714.6,2627.5,2714.6,2714.6
1,2240,2598,5+ shocks,False,74.0,2426.0,2649.1,2606.3,2647.4,2551.3,2647.4,2647.4
1,2260,2598,5+ shocks,False,74.0,2503.5,2637.8,2489.4,2643.0,2565.7,2643.0,2643.0
1,2280,2598,5+ shocks,False,59.0,2503.5,2556.3,2493.0,2550.5,2492.9,2550.5,2550.5
1,2300,2598,5+ shocks,False,59.0,2503.5,2556.3,2516.9,2570.5,2512.9,2570.5,2570.5
1,2320,2598,5+ shocks,False,57.0,2604.0,2542.3,2529.6,2590.5,2534.7,2590.5,2590.5
1,2340,2598,5+ shocks,False,57.0,2604.0,2542.3,2550.5,2610.5,2554.8,2610.5,2610.5
1,2360,2598,5+ shocks,False,57.0,2604.0,2542.3,2571.1,2635.7,2574.9,2635.7,2635.7
1,2380,2598,5+ shocks,False,51.0,2670.5,2595.9,2614.9,2653.8,2589.4,2653.8,2653.8
1,2400,2598,5+ shocks,False,46.0,2714.0,2559.8,2607.3,2615.8,2569.2,2615.8,2615.8
1,2420,2598,5+ shocks,False,46.0,2804.0,2588.8,2576.0,2625.4,2586.7,2625.4,2625.4
1,2440,2598,5+ shocks,False,46.0,3183.0,2588.8,2597.2,2645.4,2606.1,2645.4,2645.4
1,2460,2598,5+ shocks,False,40.0,3183.0,2591.5,2595.8,2616.3,2590.7,2616.3,2616.3
1,2480,2598,5+ shocks,False,40.0,3183.0,2591.5,2617.2,2636.3,2610.3,2636.3,2636.3
1,2500,2598,5+ shocks,False,25.0,3183.0,2530.5,2548.4,2589.9,2584.9,2589.9,2589.9
1,2520,2598,5+ shocks,False,25.0,3183.0,2530.5,2568.9,2610.0,2604.9,2610.0,2610.0
1,2540,2598,5+ shocks,False,17.0,3183.0,2563.9,2578.0,2615.1,2613.9,2615.1,2615.1
1,2560,2598,5+ shocks,False,16.0,3183.0,2563.9,2598.6,2635.1,2633.9,2635.1,2635.1
1,2580,2598,5+ shocks,False,13.0,3183.0,2593.2,2613.9,2655.3,2653.9,2655.3,2655.3
2,100,2362,0 shocks,True,189.0,2109.0,2109.0,1225.7,1315.7,2181.9,2109.0,2181.9
2,120,2362,0 shocks,True,189.0,2109.0,2109.0,1259.7,1335.7,2201.9,2109.0,2201.9
2,140,2362,0 shocks,True,189.0,2109.0,2109.0,1291.6,1340.8,2221.9,2109.0,2221.9
2,160,2362,0 shocks,True,189.0,2109.0,2109.0,1322.0,1351.5,2236.8,2109.0,2236.8
2,180,2362,0 shocks,True,189.0,2109.0,2109.0,1351.3,1361.1,2256.8,2109.0,2256.8
2,200,2362,0 shocks,True,189.0,2109.0,2109.0,1379.7,1378.3,2276.8,2109.0,2276.8
2,220,2362,0 shocks,True,189.0,2109.0,2109.0,1407.3,1403.9,2292.1,2109.0,2292.1
2,240,2362,0 shocks,True,189.0,2153.0,2153.0,1434.3,1432.3,2306.1,2153.0,2306.1
2,260,2362,0 shocks,True,189.0,2153.0,2153.0,1460.7,1453.9,2326.1,2153.0,2326.1
2,280,2362,0 shocks,True,189.0,2153.0,2153.0,1486.7,1471.6,2342.5,2153.0,2342.5
2,300,2362,0 shocks,True,189.0,2153.0,2153.0,1512.4,1489.5,2355.5,2153.0,2355.5
2,320,2362,0 shocks,True,189.0,2153.0,2153.0,1537.7,1507.3,2357.6,2153.0,2357.6
2,340,2362,0 shocks,True,189.0,2153.0,2153.0,1562.7,1523.8,2355.4,2153.0,2355.4
2,360,2362,0 shocks,True,189.0,2153.0,2153.0,1587.4,1536.8,2357.4,2153.0,2357.4
2,380,2362,0 shocks,True,189.0,2197.0,2197.0,1611.9,1556.8,2341.0,2197.0,2341.0
2,400,2362,0 shocks,True,189.0,2197.0,2197.0,1636.1,1579.0,2339.0,2197.0,2339.0
2,420,2362,0 shocks,True,189.0,2197.0,2197.0,1660.2,1599.0,2320.0,2197.0,2320.0
2,440,2362,0 shocks,True,189.0,2197.0,2197.0,1684.1,1619.0,2316.3,2197.0,2316.3
2,460,2362,0 shocks,True,189.0,2197.0,2197.0,1707.9,1639.0,2325.9,2197.0,2325.9
2,480,2362,0 shocks,True,189.0,2197.0,2197.0,1731.4,1665.9,2326.3,2197.0,2326.3
2,500,2362,0 shocks,True,189.0,2208.0,2208.0,1754.9,1688.7,2336.1,2208.0,2336.1
2,520,2362,0 shocks,True,189.0,2226.0,2226.0,1778.2,1729.1,2352.4,2226.0,2352.4
2,540,2362,0 shocks,True,189.0,2233.0,2233.0,1801.4,1775.4,2366.0,2233.0,2366.0
2,560,2362,0 shocks,True,189.0,2233.0,2233.0,1824.5,1797.3,2386.0,2233.0,2386.0
2,580,2362,0 shocks,True,189.0,2257.0,2257.0,1847.5,1826.0,2406.0,2257.0,2406.0
2,600,2362,0 shocks,True,189.0,2245.0,2245.0,1870.4,1847.1,2419.8,2245.0,2419.8
2,620,2362,0 shocks,True,189.0,2282.5,2282.5,1893.2,1870.9,2439.8,2282.5,2439.8
2,640,2362,0 shocks,True,189.0,2282.5,2282.5,1916.0,1924.5,2459.8,2282.5,2459.8
2,660,2362,0 shocks,True,189.0,2308.0,2308.0,1938.6,1966.0,2473.3,2308.0,2473.3
2,680,2362,0 shocks,True,189.0,2314.0,2314.0,1961.2,2023.5,2489.8,2314.0,2489.8
2,700,2362,0 shocks,True,189.0,2320.0,2320.0,1983.7,2059.6,2505.7,2320.0,2505.7
2,720,2362,0 shocks,True,189.0,2320.0,2320.0,2006.2,2076.7,2525.7,2320.0,2525.7
2,740,2362,0 shocks,True,189.0,2362.0,2362.0,2028.5,2096.7,2535.9,2362.0,2535.9
2,760,2362,0 shocks,True,189.0,2413.0,2413.0,2050.9,2116.7,2550.3,2413.0,2550.3
2,780,2362,0 shocks,True,189.0,2404.0,2404.0,2073.1,2136.7,2557.9,2404.0,2557.9
2,800,2362,0 shocks,True,189.0,2404.0,2404.0,2095.3,2156.7,2550.8,2404.0,2550.8
2,820,2362,0 shocks,True,189.0,2413.5,2413.5,2117.5,2176.7,2542.3,2413.5,2542.3
2,840,2362,0 shocks,True,189.0,2423.0,2423.0,2139.6,2196.7,2562.3,2423.0,2562.3
2,860,2362,0 shocks,True,189.0,2424.5,2424.5,2161.7,2216.7,2578.0,2424.5,2578.0
2,880,2362,0 shocks,True,189.0,2423.0,2423.0,2183.7,2236.7,2581.8,2423.0,2581.8
2,900,2362,0 shocks,True,189.0,2424.5,2424.5,2205.7,2256.7,2594.7,2424.5,2594.7
2,920,2362,0 shocks,True,189.0,2424.5,2424.5,2227.6,2276.7,2600.7,2424.5,2600.7
2,940,2362,0 shocks,True,189.0,2426.0,2426.0,2249.5,2296.7,2613.3,2426.0,2613.3
2,960,2362,0 shocks,True,189.0,2426.0,2426.0,2271.4,2315.2,2619.1,2426.0,2619.1
2,980,2362,0 shocks,True,189.0,2426.0,2426.0,2293.2,2335.2,2623.2,2426.0,2623.2
2,1000,2362,0 shocks,True,189.0,2426.0,2426.0,2315.0,2355.2,2623.5,2426.0,2623.5
2,1020,2362,0 shocks,True,189.0,2426.0,2426.0,2336.7,2375.2,2631.3,2426.0,2631.3
2,1040,2362,0 shocks,True,189.0,2426.0,2426.0,2358.5,2395.2,2638.7,2426.0,2638.7
2,1060,2362,0 shocks,True,189.0,2426.0,2426.0,2380.2,2415.2,2656.1,2426.0,2656.1
2,1080,2362,0 shocks,True,189.0,2426.0,2426.0,2401.8,2435.2,2671.4,2426.0,2671.4
2,1100,2362,0 shocks,True,189.0,2503.5,2503.5,2423.5,2455.2,2691.4,2503.5,2691.4
2,1120,2362,0 shocks,True,189.0,2581.0,2581.0,2445.1,2475.2,2705.5,2581.0,2705.5
2,1140,2362,0 shocks,True,179.0,2503.5,2503.5,2466.7,2480.5,2721.1,2503.5,2721.1
2,1160,2362,1 shock,True,179.0,2245.0,2245.0,2103.5,2037.4,2283.9,2037.4,2037.4
2,1180,2362,1 shock,True,179.0,2245.0,2245.0,2244.4,2101.7,2308.3,2101.7,2101.7
2,1200,2362,1 shock,True,179.0,2245.0,2245.0,2342.3,2215.2,2337.5,2215.2,2215.2
2,1220,2362,1 shock,True,179.0,2245.0,2245.0,2420.5,2308.0,2372.9,2308.0,2308.0
2,1240,2362,1 shock,True,179.0,2245.0,2245.0,2487.2,2339.4,2427.9,2339.4,2339.4
2,1260,2362,1 shock,True,179.0,2245.0,2245.0,2546.3,2362.5,2447.9,2362.5,2362.5
2,1280,2362,2 shocks,True,164.0,2257.0,3450.0,1961.6,2167.7,2210.6,2167.7,2167.7
2,1300,2362,2 shocks,True,164.0,2282.5,3450.0,2228.6,2187.7,2230.6,2187.7,2187.7
2,1320,2362,2 shocks,True,164.0,2314.0,3450.0,2327.3,2221.5,2250.6,2221.5,2221.5
2,1340,2362,2 shocks,True,164.0,2314.0,3450.0,2376.7,2277.4,2281.7,2277.4,2277.4
2,1360,2362,2 shocks,True,164.0,2314.0,3450.0,2402.0,2299.7,2305.1,2299.7,2299.7
2,1380,2362,2 shocks,True,164.0,2314.0,3450.0,2413.5,2322.0,2341.2,2322.0,2322.0
2,1400,2362,2 shocks,True,164.0,2314.0,3450.0,2416.5,2342.0,2361.2,2342.0,2342.0
2,1420,2362,3-4 shocks,True,154.0,2314.0,3477.5,2431.0,2311.3,2343.7,2311.3,2311.3
2,1440,2362,3-4 shocks,True,155.0,2314.0,3492.8,2610.3,2331.3,2363.7,2331.3,2331.3
2,1460,2362,3-4 shocks,True,155.0,2320.0,3492.8,2691.3,2365.1,2382.2,2365.1,2365.1
2,1480,2362,3-4 shocks,True,155.0,2320.0,3492.8,2751.6,2421.1,2420.7,2421.1,2421.1
2,1500,2362,3-4 shocks,True,155.0,2320.0,3492.8,2801.9,2449.4,2448.1,2449.4,2449.4
2,1520,2362,3-4 shocks,True,155.0,2365.0,3492.8,2846.4,2471.7,2484.2,2471.7,2471.7
2,1540,2362,3-4 shocks,True,155.0,2365.0,3492.8,2887.0,2493.3,2504.2,2493.3,2493.3
2,1560,2362,3-4 shocks,True,137.0,2365.0,3352.6,2339.6,2455.8,2489.7,2455.8,2455.8
2,1580,2362,3-4 shocks,True,137.0,2382.5,3352.6,2445.2,2480.6,2509.7,2480.6,2480.6
2,1600,2362,3-4 shocks,True,137.0,2400.0,3352.6,2506.6,2521.8,2529.7,2521.8,2521.8
2,1620,2362,3-4 shocks,True,137.0,2400.0,3352.6,2554.6,2565.3,2567.3,2565.3,2565.3
2,1640,2362,3-4 shocks,True,137.0,2400.0,3352.6,2596.1,2595.9,2609.0,2595.9,2595.9
2,1660,2362,3-4 shocks,True,137.0,2400.0,3352.6,2633.5,2615.9,2631.0,2615.9,2615.9
2,1680,2362,5+ shocks,True,130.0,2402.0,3279.7,2977.7,2568.3,2615.0,2568.3,2568.3
2,1700,2362,5+ shocks,True,130.0,2402.0,3279.7,3008.1,2602.1,2635.0,2602.1,2602.1
2,1720,2362,5+ shocks,True,130.0,2402.0,3279.7,3033.8,2650.3,2666.1,2650.3,2650.3
2,1740,2362,5+ shocks,True,130.0,2413.0,3279.7,3057.9,2683.9,2693.5,2683.9,2683.9
2,1760,2362,5+ shocks,True,120.0,2413.0,3099.6,2787.8,2516.5,2562.2,2516.5,2516.5
2,1780,2362,5+ shocks,True,120.0,2413.0,3099.6,2815.9,2548.3,2582.2,2548.3,2548.3
2,1800,2362,5+ shocks,True,120.0,2413.0,3099.6,2840.5,2592.2,2611.7,2592.2,2592.2
2,1820,2362,5+ shocks,True,111.0,2422.0,2978.8,2789.7,2621.6,2638.1,2621.6,2621.6
2,1840,2362,5+ shocks,True,111.0,2422.0,2981.2,2733.4,2686.5,2758.0,2686.5,2686.5
2,1860,2362,5+ shocks,True,111.0,2422.0,2981.2,2759.7,2709.9,2778.0,2709.9,2709.9
2,1880,2362,5+ shocks,True,111.0,2422.0,2981.2,2783.4,2739.8,2808.8,2739.8,2739.8
2,1900,2362,5+ shocks,False,95.0,2422.0,2801.4,2612.0,2472.7,2486.5,2472.7,2472.7
2,1920,2362,5+ shocks,False,95.0,2422.0,2801.4,2641.1,2495.1,2506.5,2495.1,2495.1
2,1940,2362,5+ shocks,False,95.0,2422.0,2801.4,2665.1,2522.2,2523.6,2522.2,2522.2
2,1960,2362,5+ shocks,False,89.0,2422.0,2737.5,2557.1,2566.6,2550.2,2566.6,2566.6
2,1980,2362,5+ shocks,False,89.0,2422.5,2737.5,2583.5,2586.6,2570.2,2586.6,2586.6
2,2000,2362,5+ shocks,False,89.0,2422.5,2737.5,2606.6,2610.2,2590.2,2610.2,2610.2
2,2020,2362,5+ shocks,False,89.0,2422.5,2737.5,2628.6,2636.9,2610.7,2636.9,2636.9
2,2040,2362,5+ shocks,False,75.0,2422.5,2636.9,2563.0,2382.1,2396.8,2382.1,2382.1
2,2060,2362,5+ shocks,False,75.0,2423.0,2636.9,2587.4,2403.5,2415.3,2403.5,2403.5
2,2080,2362,5+ shocks,False,68.0,2423.0,2570.2,2463.5,2427.4,2445.8,2427.4,2427.4
2,2100,2362,5+ shocks,False,68.0,2423.0,2570.2,2486.8,2447.4,2465.8,2447.4,2447.4
2,2120,2362,5+ shocks,False,68.0,2424.5,2570.2,2508.6,2469.3,2485.8,2469.3,2469.3
2,2140,2362,5+ shocks,False,54.0,2424.5,2486.8,2463.8,2406.9,2398.1,2406.9,2406.9
2,2160,2362,5+ shocks,False,54.0,2424.5,2486.8,2488.7,2426.9,2418.1,2426.9,2426.9
2,2180,2362,5+ shocks,False,44.0,2424.5,2415.8,2388.9,2339.4,2340.1,2339.4,2339.4
2,2200,2362,5+ shocks,False,44.0,2426.0,2415.8,2412.4,2359.4,2360.1,2359.4,2359.4
2,2220,2362,5+ shocks,False,44.0,2503.5,2415.8,2433.6,2379.4,2380.1,2379.4,2379.4
2,2240,2362,5+ shocks,False,44.0,2581.0,2415.8,2454.4,2399.9,2400.1,2399.9,2399.9
2,2260,2362,5+ shocks,False,29.0,2589.5,2337.3,2374.1,2357.0,2355.3,2357.0,2357.0
2,2280,2362,5+ shocks,False,30.0,2589.5,2346.7,2403.9,2390.6,2389.9,2390.6,2390.6
2,2300,2362,5+ shocks,False,30.0,2589.5,2346.7,2424.4,2411.0,2409.9,2411.0,2411.0
2,2320,2362,5+ shocks,False,15.0,2612.5,2346.6,2378.5,2394.8,2392.8,2394.8,2394.8
2,2340,2362,5+ shocks,False,15.0,2612.5,2346.6,2399.0,2414.8,2412.8,2414.8,2414.8
3,100,1736,0 shocks,True,189.0,2197.0,2197.0,1223.3,1339.8,2130.1,2197.0,2130.1
3,120,1736,0 shocks,True,189.0,2197.0,2197.0,1260.6,1359.8,2150.1,2197.0,2150.1
3,140,1736,0 shocks,True,189.0,2197.0,2197.0,1295.4,1372.8,2170.1,2197.0,2170.1
3,160,1736,0 shocks,True,189.0,2197.0,2197.0,1328.5,1386.1,2190.1,2197.0,2190.1
3,180,1736,0 shocks,True,189.0,2197.0,2197.0,1360.1,1402.9,2210.1,2197.0,2210.1
3,200,1736,0 shocks,True,189.0,2197.0,2197.0,1390.5,1418.9,2230.1,2197.0,2230.1
3,220,1736,0 shocks,True,189.0,2197.0,2197.0,1420.1,1435.6,2250.1,2197.0,2250.1
3,240,1736,0 shocks,True,189.0,2208.0,2208.0,1448.9,1473.7,2270.1,2208.0,2270.1
3,260,1736,0 shocks,True,189.0,2208.0,2208.0,1477.0,1491.8,2290.1,2208.0,2290.1
3,280,1736,0 shocks,True,189.0,2208.0,2208.0,1504.6,1507.2,2310.1,2208.0,2310.1
3,300,1736,0 shocks,True,189.0,2208.0,2208.0,1531.7,1515.7,2324.7,2208.0,2324.7
3,320,1736,0 shocks,True,189.0,2208.0,2208.0,1558.4,1535.7,2342.8,2208.0,2342.8
3,340,1736,0 shocks,True,189.0,2208.0,2208.0,1584.7,1545.0,2345.1,2208.0,2345.1
3,360,1736,0 shocks,True,189.0,2208.0,2208.0,1610.7,1560.7,2334.8,2208.0,2334.8
3,380,1736,0 shocks,True,189.0,2219.0,2219.0,1636.4,1584.3,2339.2,2219.0,2339.2
3,400,1736,0 shocks,True,189.0,2219.0,2219.0,1661.8,1608.5,2330.0,2219.0,2330.0
3,420,1736,0 shocks,True,189.0,2219.0,2219.0,1687.0,1631.4,2315.3,2219.0,2315.3
3,440,1736,0 shocks,True,189.0,2219.0,2219.0,1712.0,1651.4,2333.5,2219.0,2333.5
3,460,1736,0 shocks,True,189.0,2219.0,2219.0,1736.7,1674.7,2349.5,2219.0,2349.5
3,480,1736,0 shocks,True,189.0,2219.0,2219.0,1761.3,1694.7,2362.9,2219.0,2362.9
3,500,1736,0 shocks,True,189.0,2226.0,2226.0,1785.7,1714.7,2376.0,2226.0,2376.0
3,520,1736,0 shocks,True,189.0,2245.0,2245.0,1809.9,1759.7,2385.1,2245.0,2385.1
3,540,1736,0 shocks,True,189.0,2257.0,2257.0,1834.0,1801.6,2405.1,2257.0,2405.1
3,560,1736,0 shocks,True,189.0,2257.0,2257.0,1858.0,1825.4,2425.1,2257.0,2425.1
3,580,1736,0 shocks,True,189.0,2308.0,2308.0,1881.8,1875.0,2449.8,2308.0,2449.8
3,600,1736,0 shocks,True,189.0,2282.5,2282.5,1905.5,1902.0,2469.8,2282.5,2469.8
3,620,1736,0 shocks,True,189.0,2314.0,2314.0,1929.1,1939.8,2489.8,2314.0,2489.8
3,640,1736,0 shocks,True,189.0,2314.0,2314.0,1952.6,2027.3,2503.0,2314.0,2503.0
3,660,1736,0 shocks,True,189.0,2320.0,2320.0,1976.0,2057.9,2523.0,2320.0,2523.0
3,680,1736,0 shocks,True,189.0,2341.0,2341.0,1999.3,2114.4,2538.3,2341.0,2538.3
3,700,1736,0 shocks,True,189.0,2362.0,2362.0,2022.5,2160.2,2554.1,2362.0,2554.1
3,720,1736,0 shocks,True,189.0,2362.0,2362.0,2045.6,2182.0,2574.1,2362.0,2574.1
3,740,1736,0 shocks,True,189.0,2383.0,2383.0,2068.7,2205.9,2594.1,2383.0,2594.1
3,760,1736,0 shocks,True,189.0,2413.0,2413.0,2091.6,2225.9,2602.5,2413.0,2602.5
3,780,1736,0 shocks,True,189.0,2404.0,2404.0,2114.5,2245.9,2615.5,2404.0,2615.5
3,800,1736,0 shocks,True,189.0,2404.0,2404.0,2137.4,2265.9,2624.2,2404.0,2624.2
3,820,1736,0 shocks,True,189.0,2413.5,2413.5,2160.2,2285.9,2618.8,2413.5,2618.8
3,840,1736,0 shocks,True,189.0,2423.0,2423.0,2182.9,2305.9,2631.6,2423.0,2631.6
3,860,1736,0 shocks,True,189.0,2424.5,2424.5,2205.5,2325.9,2633.4,2424.5,2633.4
3,880,1736,0 shocks,True,189.0,2423.0,2423.0,2228.1,2345.9,2649.7,2423.0,2649.7
3,900,1736,0 shocks,True,189.0,2424.5,2424.5,2250.7,2365.9,2669.7,2424.5,2669.7
3,920,1736,0 shocks,True,189.0,2424.5,2424.5,2273.2,2385.9,2676.9,2424.5,2676.9
3,940,1736,0 shocks,True,189.0,2426.0,2426.0,2295.6,2405.9,2696.9,2426.0,2696.9
3,960,1736,0 shocks,True,189.0,2426.0,2426.0,2318.0,2425.9,2711.7,2426.0,2711.7
3,980,1736,0 shocks,True,189.0,2426.0,2426.0,2340.3,2445.9,2711.6,2426.0,2711.6
3,1000,1736,0 shocks,True,189.0,2426.0,2426.0,2362.7,2465.9,2731.6,2426.0,2731.6
3,1020,1736,0 shocks,True,189.0,2426.0,2426.0,2384.9,2485.9,2738.7,2426.0,2738.7
3,1040,1736,0 shocks,True,189.0,2426.0,2426.0,2407.1,2505.9,2758.7,2426.0,2758.7
3,1060,1736,0 shocks,True,189.0,2426.0,2426.0,2429.3,2525.9,2778.7,2426.0,2778.7
3,1080,1736,0 shocks,True,189.0,2426.0,2426.0,2451.5,2545.9,2793.9,2426.0,2793.9
3,1100,1736,0 shocks,True,189.0,2503.5,2503.5,2473.6,2565.9,2813.9,2503.5,2813.9
3,1120,1736,0 shocks,True,189.0,2581.0,2581.0,2495.7,2585.9,2833.9,2581.0,2833.9
3,1140,1736,0 shocks,True,189.0,2581.0,2581.0,2517.7,2605.9,2853.9,2581.0,2853.9
3,1160,1736,0 shocks,True,189.0,2581.0,2581.0,2539.7,2625.9,2873.9,2581.0,2873.9
3,1180,1736,0 shocks,True,189.0,2581.0,2581.0,2561.7,2645.9,2893.9,2581.0,2893.9
3,1200,1736,0 shocks,True,189.0,2581.0,2581.0,2583.7,2665.9,2909.2,2581.0,2909.2
3,1220,1736,0 shocks,True,189.0,2512.0,2512.0,2605.6,2685.9,2929.2,2512.0,2929.2
3,1240,1736,0 shocks,True,189.0,2512.0,2512.0,2627.5,2705.9,2949.2,2512.0,2949.2
3,1260,1736,0 shocks,True,189.0,2598.0,2598.0,2649.3,2725.9,2969.2,2598.0,2969.2
3,1280,1736,0 shocks,True,189.0,2512.0,2512.0,2671.2,2745.9,2989.2,2512.0,2989.2
3,1300,1736,0 shocks,True,189.0,2512.0,2512.0,2693.0,2765.9,3009.2,2512.0,3009.2
3,1320,1736,0 shocks,True,173.0,2598.0,2598.0,2714.8,2719.7,3029.2,2598.0,3029.2
3,1340,1736,1 shock,True,173.0,2341.0,2341.0,2203.5,2003.6,2155.6,2003.6,2003.6
3,1360,1736,1 shock,True,173.0,2341.0,2341.0,2326.1,2067.3,2188.5,2067.3,2067.3
3,1380,1736,2 shocks,True,158.0,2341.0,2159.7,1629.1,1894.3,1903.1,1894.3,1894.3
3,1400,1736,2 shocks,True,158.0,2341.0,2159.7,1717.6,1914.1,1923.1,1914.1,1914.1
3,1420,1736,3-4 shocks,True,140.0,2341.0,2046.9,1758.8,1771.0,1790.1,1771.0,1771.0
3,1440,1736,3-4 shocks,True,140.0,2341.0,2046.9,1821.7,1791.9,1810.1,1791.9,1791.9
3,1460,1736,3-4 shocks,True,118.0,2362.0,1932.0,1719.1,1778.7,1788.8,1778.7,1778.7
3,1480,1736,3-4 shocks,True,118.0,2362.0,1969.7,1725.6,1793.4,1808.8,1793.4,1793.4
3,1500,1736,3-4 shocks,True,118.0,2362.0,1969.7,1759.3,1818.1,1828.8,1818.1,1818.1
3,1520,1736,3-4 shocks,False,104.0,2365.0,1897.6,1712.6,1813.4,1812.0,1813.4,1813.4
3,1540,1736,5+ shocks,False,104.0,2365.0,1986.5,1914.7,1851.4,1871.2,1851.4,1851.4
3,1560,1736,5+ shocks,False,104.0,2365.0,1986.5,1939.9,1875.1,1890.7,1875.1,1875.1
3,1580,1736,5+ shocks,False,90.0,2382.5,1955.1,1881.7,1842.8,1848.0,1842.8,1842.8
3,1600,1736,5+ shocks,False,90.0,2400.0,1955.1,1907.5,1865.9,1868.0,1865.9,1865.9
3,1620,1736,5+ shocks,False,71.0,2400.0,1851.3,1862.8,1835.3,1837.7,1835.3,1835.3
3,1640,1736,5+ shocks,False,71.0,2400.0,1909.9,1889.3,1868.0,1876.6,1868.0,1868.0
3,1660,1736,5+ shocks,False,71.0,2400.0,1909.9,1913.1,1890.7,1896.6,1890.7,1890.7
3,1680,1736,5+ shocks,False,53.0,2402.0,1809.9,1862.5,1871.4,1871.9,1871.4,1871.4
3,1700,1736,5+ shocks,False,53.0,2402.0,1875.3,1888.2,1894.6,1895.7,1894.6,1894.6
3,1720,1736,5+ shocks,False,29.0,2402.0,1756.1,1770.2,1806.3,1805.4,1806.3,1806.3
4,100,3695,0 shocks,True,189.0,2109.0,2109.0,1230.1,1294.1,1816.6,2109.0,1816.6
4,120,3695,0 shocks,True,189.0,2109.0,2109.0,1260.8,1314.1,1836.6,2109.0,1836.6
4,140,3695,0 shocks,True,189.0,2109.0,2109.0,1289.9,1328.9,1856.6,2109.0,1856.6
4,160,3695,0 shocks,True,189.0,2109.0,2109.0,1317.9,1337.5,1876.6,2109.0,1876.6
4,180,3695,0 shocks,True,189.0,2109.0,2109.0,1344.9,1352.9,1896.6,2109.0,1896.6
4,200,3695,0 shocks,True,189.0,2109.0,2109.0,1371.3,1371.5,1916.6,2109.0,1916.6
4,220,3695,0 shocks,True,189.0,2109.0,2109.0,1397.0,1399.7,1936.6,2109.0,1936.6
4,240,3695,0 shocks,True,189.0,2153.0,2153.0,1422.3,1428.7,1955.0,2153.0,1955.0
4,260,3695,0 shocks,True,189.0,2153.0,2153.0,1447.2,1453.9,1975.0,2153.0,1975.0
4,280,3695,0 shocks,True,189.0,2153.0,2153.0,1471.8,1473.9,1995.0,2153.0,1995.0
4,300,3695,0 shocks,True,189.0,2153.0,2153.0,1496.0,1484.6,2007.7,2153.0,2007.7
4,320,3695,0 shocks,True,189.0,2153.0,2153.0,1520.0,1490.2,2015.2,2153.0,2015.2
4,340,3695,0 shocks,True,189.0,2153.0,2153.0,1543.8,1505.1,2015.7,2153.0,2015.7
4,360,3695,0 shocks,True,189.0,2153.0,2153.0,1567.3,1520.2,1993.4,2153.0,1993.4
4,380,3695,0 shocks,True,189.0,2197.0,2197.0,1590.7,1546.9,1978.9,2197.0,1978.9
4,400,3695,0 shocks,True,189.0,2197.0,2197.0,1613.9,1566.9,1955.4,2197.0,1955.4
4,420,3695,0 shocks,True,189.0,2197.0,2197.0,1636.9,1589.5,1954.3,2197.0,1954.3
4,440,3695,0 shocks,True,189.0,2197.0,2197.0,1659.9,1609.5,1944.6,2197.0,1944.6
4,460,3695,0 shocks,True,189.0,2197.0,2197.0,1682.7,1629.5,1945.2,2197.0,1945.2
4,480,3695,0 shocks,True,189.0,2197.0,2197.0,1705.4,1649.5,1951.5,2197.0,1951.5
4,500,3695,0 shocks,True,189.0,2208.0,2208.0,1727.9,1669.5,1958.8,2208.0,1958.8
4,520,3695,0 shocks,True,189.0,2226.0,2226.0,1750.4,1697.4,1966.0,2226.0,1966.0
4,540,3695,0 shocks,True,189.0,2233.0,2233.0,1772.8,1725.1,1978.4,2233.0,1978.4
4,560,3695,0 shocks,True,189.0,2233.0,2233.0,1795.1,1750.9,1998.4,2233.0,1998.4
4,580,3695,0 shocks,True,189.0,2257.0,2257.0,1817.4,1778.9,2011.2,2257.0,2011.2
4,600,3695,0 shocks,True,189.0,2245.0,2245.0,1839.5,1803.4,2023.9,2245.0,2023.9
4,620,3695,0 shocks,True,189.0,2282.5,2282.5,1861.6,1823.3,2043.9,2282.5,2043.9
4,640,3695,0 shocks,True,189.0,2282.5,2282.5,1883.7,1871.6,2063.9,2282.5,2063.9
4,660,3695,0 shocks,True,189.0,2308.0,2308.0,1905.7,1920.0,2083.9,2308.0,2083.9
4,680,3695,0 shocks,True,189.0,2314.0,2314.0,1927.6,1954.1,2103.9,2314.0,2103.9
4,700,3695,0 shocks,True,189.0,2320.0,2320.0,1949.4,1985.6,2120.3,2320.0,2120.3
4,720,3695,0 shocks,True,189.0,2320.0,2320.0,1971.3,2013.4,2140.3,2320.0,2140.3
4,740,3695,0 shocks,True,189.0,2341.0,2341.0,1993.0,2033.4,2160.3,2341.0,2160.3
4,760,3695,0 shocks,True,189.0,2383.0,2383.0,2014.7,2053.4,2175.4,2383.0,2175.4
4,780,3695,0 shocks,True,189.0,2362.0,2362.0,2036.4,2073.4,2187.4,2362.0,2187.4
4,800,3695,0 shocks,True,189.0,2362.0,2362.0,2058.1,2093.4,2185.7,2362.0,2185.7
4,820,3695,0 shocks,True,189.0,2383.0,2383.0,2079.7,2113.4,2187.3,2383.0,2187.3
4,840,3695,0 shocks,True,189.0,2404.0,2404.0,2101.2,2133.4,2192.3,2404.0,2192.3
4,860,3695,0 shocks,True,189.0,2413.5,2413.5,2122.8,2153.4,2201.8,2413.5,2201.8
4,880,3695,0 shocks,True,189.0,2404.0,2404.0,2144.3,2173.4,2205.8,2404.0,2205.8
4,900,3695,0 shocks,True,189.0,2413.5,2413.5,2165.7,2193.4,2225.8,2413.5,2225.8
4,920,3695,0 shocks,True,189.0,2413.5,2413.5,2187.2,2213.4,2231.3,2413.5,2231.3
4,940,3695,0 shocks,True,189.0,2423.0,2423.0,2208.6,2233.4,2251.3,2423.0,2251.3
4,960,3695,0 shocks,True,189.0,2423.0,2423.0,2230.0,2251.3,2257.2,2423.0,2257.2
4,980,3695,0 shocks,True,189.0,2423.0,2423.0,2251.3,2269.4,2269.0,2423.0,2269.0
4,1000,3695,0 shocks,True,189.0,2423.0,2423.0,2272.6,2287.9,2282.9,2423.0,2282.9
4,1020,3695,0 shocks,True,189.0,2423.0,2423.0,2293.9,2307.9,2291.1,2423.0,2291.1
4,1040,3695,0 shocks,True,189.0,2423.0,2423.0,2315.2,2327.9,2307.6,2423.0,2307.6
4,1060,3695,0 shocks,True,189.0,2423.0,2423.0,2336.5,2347.9,2325.4,2423.0,2325.4
4,1080,3695,0 shocks,True,189.0,2423.0,2423.0,2357.7,2367.9,2345.4,2423.0,2345.4
4,1100,3695,0 shocks,True,189.0,2424.5,2424.5,2378.9,2387.9,2365.4,2424.5,2365.4
4,1120,3695,0 shocks,True,189.0,2426.0,2426.0,2400.1,2407.9,2381.6,2426.0,2381.6
4,1140,3695,0 shocks,True,189.0,2426.0,2426.0,2421.3,2425.8,2401.6,2426.0,2401.6
4,1160,3695,0 shocks,True,189.0,2426.0,2426.0,2442.4,2445.8,2421.6,2426.0,2421.6
4,1180,3695,0 shocks,True,189.0,2426.0,2426.0,2463.5,2465.8,2441.6,2426.0,2441.6
4,1200,3695,0 shocks,True,189.0,2426.0,2426.0,2484.7,2485.8,2461.6,2426.0,2461.6
4,1220,3695,0 shocks,True,189.0,2424.5,2424.5,2505.8,2505.8,2481.6,2424.5,2481.6
4,1240,3695,0 shocks,True,189.0,2424.5,2424.5,2526.8,2525.8,2501.6,2424.5,2501.6
4,1260,3695,0 shocks,True,189.0,2426.0,2426.0,2547.9,2545.8,2521.6,2426.0,2521.6
4,1280,3695,0 shocks,True,189.0,2424.5,2424.5,2568.9,2565.8,2541.6,2424.5,2541.6
4,1300,3695,0 shocks,True,189.0,2424.5,2424.5,2590.0,2585.8,2561.6,2424.5,2561.6
4,1320,3695,0 shocks,True,189.0,2426.0,2426.0,2611.0,2605.8,2581.6,2426.0,2581.6
4,1340,3695,0 shocks,True,189.0,2598.0,2598.0,2632.0,2625.8,2601.6,2598.0,2601.6
4,1360,3695,0 shocks,True,189.0,2612.5,2612.5,2653.0,2645.8,2621.6,2612.5,2621.6
4,1380,3695,0 shocks,True,189.0,2612.5,2612.5,2674.0,2665.8,2641.6,2612.5,2641.6
4,1400,3695,0 shocks,True,189.0,2598.0,2598.0,2694.9,2685.8,2661.6,2598.0,2661.6
4,1420,3695,1 shock,True,182.0,2314.0,2314.0,2842.1,2502.4,2590.5,2502.4,2502.4
4,1440,3695,1 shock,True,182.0,2314.0,2314.0,2765.3,2556.0,2610.5,2556.0,2556.0
4,1460,3695,1 shock,True,182.0,2320.0,2320.0,2821.9,2719.8,2630.5,2719.8,2719.8
4,1480,3695,1 shock,True,182.0,2320.0,2320.0,2915.0,2768.0,2650.5,2768.0,2768.0
4,1500,3695,1 shock,True,182.0,2320.0,2320.0,3029.1,2814.0,2682.8,2814.0,2814.0
4,1520,3695,1 shock,True,182.0,2362.0,2362.0,3159.3,2842.5,2702.0,2842.5,2842.5
4,1540,3695,1 shock,True,182.0,2362.0,2362.0,3303.7,2860.6,2722.0,2860.6,2860.6
4,1560,3695,1 shock,True,182.0,2362.0,2362.0,3461.6,2877.1,2742.0,2877.1,2877.1
4,1580,3695,1 shock,True,182.0,2363.5,2363.5,3633.1,2900.1,2762.0,2900.1,2900.1
4,1600,3695,1 shock,True,182.0,2365.0,2365.0,3818.5,2919.4,2782.0,2919.4,2919.4
4,1620,3695,1 shock,True,182.0,2365.0,2365.0,4018.1,2950.7,2799.0,2950.7,2950.7
4,1640,3695,1 shock,True,182.0,2365.0,2365.0,4232.8,2969.5,2818.7,2969.5,2969.5
4,1660,3695,1 shock,True,182.0,2365.0,2365.0,4463.1,2989.5,2838.7,2989.5,2989.5
4,1680,3695,1 shock,True,182.0,2382.5,2382.5,4710.0,3009.5,2859.2,3009.5,3009.5
4,1700,3695,1 shock,True,182.0,2382.5,2382.5,4974.4,3029.5,2879.2,3029.5,3029.5
4,1720,3695,1 shock,True,182.0,2382.5,2382.5,5257.3,3049.5,2899.2,3049.5,3049.5
4,1740,3695,1 shock,True,182.0,2402.0,2402.0,5559.7,3069.5,2919.2,3069.5,3069.5
4,1760,3695,1 shock,True,182.0,2402.0,2402.0,5882.7,3092.3,2939.2,3092.3,3092.3
4,1780,3695,1 shock,True,182.0,2402.0,2402.0,6227.6,3113.8,2959.2,3113.8,3113.8
4,1800,3695,1 shock,True,182.0,2402.0,2402.0,6595.5,3137.0,2979.2,3137.0,3137.0
4,1820,3695,1 shock,True,182.0,2404.0,2404.0,6987.9,3162.2,2999.2,3162.2,3162.2
4,1840,3695,1 shock,True,182.0,2404.0,2404.0,7406.0,3185.0,3019.2,3185.0,3185.0
4,1860,3695,1 shock,True,182.0,2404.0,2404.0,7851.4,3205.0,3039.2,3205.0,3205.0
4,1880,3695,1 shock,True,182.0,2404.0,2404.0,8325.6,3225.0,3059.2,3225.0,3225.0
4,1900,3695,1 shock,True,182.0,2404.0,2404.0,8830.2,3246.1,3079.2,3246.1,3246.1
4,1920,3695,1 shock,True,182.0,2404.0,2404.0,9366.8,3266.1,3099.1,3266.1,3266.1
4,1940,3695,1 shock,True,182.0,2404.0,2404.0,9937.2,3288.1,3119.1,3288.1,3288.1
4,1960,3695,1 shock,True,182.0,2404.0,2404.0,10543.3,3310.9,3139.1,3310.9,3310.9
4,1980,3695,1 shock,True,182.0,2413.0,2413.0,11187.0,3330.9,3159.1,3330.9,3330.9
4,2000,3695,1 shock,True,182.0,2413.0,2413.0,11870.2,3350.9,3179.1,3350.9,3350.9
4,2020,3695,1 shock,True,182.0,2413.0,2413.0,12595.0,3370.9,3199.1,3370.9,3370.9
4,2040,3695,1 shock,True,182.0,2413.0,2413.0,13363.7,3390.9,3219.1,3390.9,3390.9
4,2060,3695,1 shock,True,182.0,2422.0,2422.0,14178.5,3410.9,3245.9,3410.9,3410.9
4,2080,3695,1 shock,True,182.0,2422.0,2422.0,15041.7,3430.9,3265.9,3430.9,3430.9
4,2100,3695,1 shock,True,182.0,2422.0,2422.0,15955.9,3455.1,3285.9,3455.1,3455.1
4,2120,3695,1 shock,True,182.0,2422.5,2422.5,16923.5,3475.1,3305.9,3475.1,3475.1
4,2140,3695,1 shock,True,182.0,2422.5,2422.5,17947.3,3495.1,3325.9,3495.1,3495.1
4,2160,3695,1 shock,True,182.0,2422.5,2422.5,19030.0,3515.1,3345.9,3515.1,3515.1
4,2180,3695,1 shock,True,182.0,2422.5,2422.5,20174.5,3535.1,3365.9,3535.1,3535.1
4,2200,3695,1 shock,True,182.0,2423.0,2423.0,21383.9,3555.1,3385.9,3555.1,3555.1
4,2220,3695,1 shock,True,182.0,2424.5,2424.5,22661.1,3575.1,3405.9,3575.1,3575.1
4,2240,3695,1 shock,True,182.0,2426.0,2426.0,24009.6,3595.1,3442.0,3595.1,3595.1
4,2260,3695,1 shock,True,182.0,2503.5,2503.5,25432.6,3618.6,3462.0,3618.6,3618.6
4,2280,3695,1 shock,True,182.0,2503.5,2503.5,26933.6,3638.6,3482.0,3638.6,3638.6
4,2300,3695,1 shock,True,182.0,2503.5,2503.5,28516.3,3658.6,3504.9,3658.6,3658.6
4,2320,3695,1 shock,True,182.0,2589.5,2589.5,30184.4,3678.6,3524.9,3678.6,3678.6
4,2340,3695,1 shock,True,182.0,2589.5,2589.5,31941.8,3702.0,3553.6,3702.0,3702.0
4,2360,3695,1 shock,True,182.0,2589.5,2589.5,33792.6,3722.0,3573.6,3722.0,3722.0
4,2380,3695,1 shock,True,182.0,2612.5,2612.5,35740.9,3745.0,3593.6,3745.0,3745.0
4,2400,3695,1 shock,True,182.0,2627.0,2627.0,37791.2,3765.0,3613.6,3765.0,3765.0
4,2420,3695,1 shock,True,182.0,2670.5,2670.5,39947.8,3786.8,3633.6,3786.8,3786.8
4,2440,3695,1 shock,True,182.0,2894.0,2894.0,42215.6,3808.5,3653.6,3808.5,3808.5
4,2460,3695,1 shock,True,182.0,2894.0,2894.0,44599.2,3835.5,3673.6,3835.5,3835.5
4,2480,3695,1 shock,True,182.0,2894.0,2894.0,47103.7,3855.5,3693.6,3855.5,3855.5
4,2500,3695,1 shock,True,182.0,2894.0,2894.0,49734.2,3875.5,3713.6,3875.5,3875.5
4,2520,3695,1 shock,True,182.0,2894.0,2894.0,52496.2,3898.3,3733.6,3898.3,3898.3
4,2540,3695,1 shock,True,182.0,2894.0,2894.0,55395.0,3918.3,3753.6,3918.3,3918.3
4,2560,3695,1 shock,True,182.0,2894.0,2894.0,58436.5,3938.3,3773.6,3938.3,3938.3
4,2580,3695,1 shock,True,182.0,2894.0,2894.0,61626.6,3958.3,3793.6,3958.3,3958.3
4,2600,3695,1 shock,True,182.0,3183.0,3183.0,64971.3,3980.3,3813.6,3980.3,3980.3
4,2620,3695,1 shock,True,182.0,3183.0,3183.0,68476.9,4000.3,3833.6,4000.3,4000.3
4,2640,3695,1 shock,True,182.0,3274.5,3274.5,72150.1,4021.9,3853.6,4021.9,4021.9
4,2660,3695,1 shock,True,182.0,3274.5,3274.5,75997.4,4041.9,3873.6,4041.9,4041.9
4,2680,3695,1 shock,True,182.0,3274.5,3274.5,80025.8,4061.9,3893.6,4061.9,4061.9
4,2700,3695,1 shock,True,182.0,3274.5,3274.5,84242.6,4081.9,3900.9,4081.9,4081.9
4,2720,3695,1 shock,True,182.0,3366.0,3366.0,88655.0,4101.9,3920.9,4101.9,4101.9
4,2740,3695,1 shock,True,182.0,3366.0,3366.0,93270.8,4121.9,3940.9,4121.9,4121.9
4,2760,3695,1 shock,True,182.0,3366.0,3366.0,98097.8,4141.9,3960.9,4141.9,4141.9
4,2780,3695,1 shock,True,182.0,3366.0,3366.0,103144.0,4161.9,3980.9,4161.9,4161.9
4,2800,3695,2 shocks,True,177.0,3366.0,26964.0,19890.0,4188.3,3998.3,4188.3,4188.3
4,2820,3695,2 shocks,True,170.0,3366.0,25893.0,17838.8,4216.1,4018.3,4216.1,4216.1
4,2840,3695,3-4 shocks,True,170.0,3366.0,14632.6,9957.3,4061.8,3917.9,4061.8,4061.8
4,2860,3695,3-4 shocks,True,162.0,3366.0,10492.3,6988.5,4087.8,3937.9,4087.8,4087.8
4,2880,3695,3-4 shocks,True,162.0,3366.0,10492.3,7345.3,4107.8,3957.9,4107.8,4107.8
4,2900,3695,5+ shocks,True,158.0,3498.5,8558.8,7338.9,4127.8,3977.9,4127.8,4127.8
4,2920,3695,5+ shocks,True,152.0,3498.5,8313.8,7180.2,4154.7,3997.9,4154.7,4154.7
4,2940,3695,5+ shocks,True,152.0,3498.5,7366.1,6427.9,4167.8,4017.9,4167.8,4167.8
4,2960,3695,5+ shocks,True,147.0,3498.5,6583.1,5738.9,4174.7,4037.9,4174.7,4174.7
4,2980,3695,5+ shocks,True,140.0,3498.5,6384.3,5618.6,4184.4,4057.9,4184.4,4184.4
4,3000,3695,5+ shocks,True,140.0,3498.5,5992.6,5317.5,4198.8,4062.0,4198.8,4198.8
4,3020,3695,5+ shocks,True,134.0,3498.5,5560.8,4957.0,4218.8,4082.0,4218.8,4218.8
4,3040,3695,5+ shocks,True,134.0,3498.5,5560.8,4959.7,4245.5,4090.9,4245.5,4245.5
4,3060,3695,5+ shocks,True,130.0,3498.5,5281.4,4774.6,4233.0,4110.9,4233.0,4233.0
4,3080,3695,5+ shocks,True,120.0,3498.5,5080.0,4661.1,4140.2,4009.9,4140.2,4140.2
4,3100,3695,5+ shocks,True,120.0,3498.5,4952.9,4550.1,4147.4,4019.6,4147.4,4147.4
4,3120,3695,5+ shocks,True,116.0,3498.5,4772.7,4387.5,4173.0,4039.6,4173.0,4173.0
4,3140,3695,5+ shocks,True,113.0,3498.5,4721.3,4365.5,4172.2,4056.0,4172.2,4172.2
4,3160,3695,5+ shocks,True,113.0,3498.5,4645.0,4305.3,4190.5,4076.0,4190.5,4190.5
4,3180,3695,5+ shocks,True,110.0,3498.5,4540.1,4228.1,4212.5,4096.0,4212.5,4212.5
4,3200,3695,5+ shocks,False,104.0,3631.0,4449.9,4183.4,4182.4,4039.6,4182.4,4182.4
4,3220,3695,5+ shocks,False,104.0,3631.0,4408.9,4142.6,4202.4,4059.6,4202.4,4202.4
4,3240,3695,5+ shocks,False,95.0,3631.0,4252.9,4034.3,4221.7,4049.7,4221.7,4221.7
4,3260,3695,5+ shocks,False,92.0,3631.0,4212.5,4022.7,4241.7,4069.7,4241.7,4241.7
4,3280,3695,5+ shocks,False,92.0,3631.0,4194.8,4006.5,4259.2,4089.7,4259.2,4259.2
4,3300,3695,5+ shocks,False,82.0,3631.0,4067.1,3931.7,4233.0,4053.0,4233.0,4233.0
4,3320,3695,5+ shocks,False,83.0,3631.0,4079.4,3952.6,4253.0,4073.0,4253.0,4253.0
4,3340,3695,5+ shocks,False,78.0,3631.0,4025.4,3913.5,4040.2,3864.6,4040.2,4040.2
4,3360,3695,5+ shocks,False,71.0,3631.0,3942.7,3875.2,4050.0,3884.6,4050.0,4050.0
4,3380,3695,5+ shocks,False,71.0,3830.0,3952.1,3871.7,3990.3,3845.6,3990.3,3990.3
4,3400,3695,5+ shocks,False,63.0,3830.0,3873.3,3814.0,3936.4,3810.9,3936.4,3936.4
4,3420,3695,5+ shocks,False,59.0,3830.0,3829.3,3800.7,3856.1,3747.4,3856.1,3856.1
4,3440,3695,5+ shocks,False,59.0,3830.0,3843.6,3806.3,3890.5,3778.5,3890.5,3890.5
4,3460,3695,5+ shocks,False,54.0,3830.0,3814.8,3788.0,3899.9,3798.5,3899.9,3899.9
4,3480,3695,5+ shocks,False,54.0,3830.0,3814.8,3804.2,3919.9,3818.5,3919.9,3919.9
4,3500,3695,5+ shocks,False,50.0,3830.0,3801.0,3788.9,3923.5,3828.8,3923.5,3923.5
4,3520,3695,5+ shocks,False,44.0,3830.0,3740.8,3761.9,3767.8,3711.4,3767.8,3767.8
4,3540,3695,5+ shocks,False,44.0,3830.0,3763.9,3771.1,3786.7,3731.4,3786.7,3786.7
4,3560,3695,5+ shocks,False,38.0,3830.0,3729.4,3741.1,3783.6,3740.0,3783.6,3783.6
4,3580,3695,5+ shocks,False,35.0,3830.0,3723.9,3733.7,3795.3,3757.2,3795.3,3795.3
4,3600,3695,5+ shocks,False,35.0,3830.0,3723.9,3751.6,3815.3,3777.2,3815.3,3815.3
4,3620,3695,5+ shocks,False,29.0,3830.0,3701.5,3725.6,3760.2,3746.6,3760.2,3760.2
4,3640,3695,5+ shocks,False,29.0,4029.0,3701.5,3744.6,3780.2,3766.6,3780.2,3780.2
4,3660,3695,5+ shocks,False,20.0,4029.0,3683.8,3714.6,3762.2,3759.0,3762.2,3762.2
4,3680,3695,5+ shocks,False,13.0,4029.0,3710.9,3732.7,3782.2,3779.0,3782.2,3782.2
6,100,336,0 shocks,True,190.0,2197.0,2197.0,1493.8,1162.5,621.9,2197.0,621.9
6,120,336,0 shocks,True,190.0,2197.0,2197.0,1506.4,1182.5,641.9,2197.0,641.9
6,140,336,0 shocks,True,190.0,2197.0,2197.0,1520.3,1198.6,661.9,2197.0,661.9
6,160,336,0 shocks,True,190.0,2197.0,2197.0,1535.0,1218.6,681.9,2197.0,681.9
6,180,336,0 shocks,True,190.0,2197.0,2197.0,1550.3,1231.6,701.9,2197.0,701.9
6,200,336,0 shocks,True,190.0,2197.0,2197.0,1566.1,1238.3,721.9,2197.0,721.9
6,220,336,0 shocks,True,190.0,2197.0,2197.0,1582.4,1242.3,741.9,2197.0,741.9
6,240,336,1 shock,True,172.0,2197.0,2197.0,487.4,785.4,686.2,785.4,785.4
6,260,336,2 shocks,True,124.0,2197.0,477.3,324.0,458.7,468.2,458.7,458.7
6,280,336,3-4 shocks,True,105.0,2197.0,391.4,325.2,467.0,477.0,467.0,467.0
6,300,336,5+ shocks,False,81.0,2197.0,395.2,380.9,442.3,450.6,442.3,442.3
6,320,336,5+ shocks,False,45.0,2197.0,354.4,359.0,409.4,413.3,409.4,409.4
7,100,621,0 shocks,True,190.0,2197.0,2197.0,1341.0,853.7,544.6,2197.0,544.6
7,120,621,0 shocks,True,190.0,2197.0,2197.0,1368.8,873.7,564.6,2197.0,564.6
7,140,621,0 shocks,True,190.0,2197.0,2197.0,1395.4,890.8,584.6,2197.0,584.6
7,160,621,0 shocks,True,190.0,2197.0,2197.0,1421.2,903.3,604.6,2197.0,604.6
7,180,621,0 shocks,True,190.0,2197.0,2197.0,1446.3,924.2,623.9,2197.0,623.9
7,200,621,0 shocks,True,190.0,2197.0,2197.0,1470.9,944.4,643.9,2197.0,643.9
7,220,621,0 shocks,True,190.0,2197.0,2197.0,1495.1,989.6,663.9,2197.0,663.9
7,240,621,0 shocks,True,190.0,2208.0,2208.0,1518.9,1177.2,683.9,2208.0,683.9
7,260,621,0 shocks,True,190.0,2208.0,2208.0,1542.4,1203.4,703.9,2208.0,703.9
7,280,621,0 shocks,True,190.0,2208.0,2208.0,1565.7,1223.4,723.9,2208.0,723.9
7,300,621,0 shocks,True,190.0,2208.0,2208.0,1588.7,1243.4,743.9,2208.0,743.9
7,320,621,0 shocks,True,190.0,2208.0,2208.0,1611.6,1261.4,763.1,2208.0,763.1
7,340,621,0 shocks,True,190.0,2208.0,2208.0,1634.3,1281.4,782.0,2208.0,782.0
7,360,621,0 shocks,True,190.0,2208.0,2208.0,1656.8,1301.4,799.9,2208.0,799.9
7,380,621,0 shocks,True,180.0,2208.0,2208.0,1679.2,1643.3,821.9,2208.0,821.9
7,400,621,1 shock,True,180.0,2208.0,2208.0,864.6,1090.5,796.3,1090.5,1090.5
7,420,621,2 shocks,True,160.0,2208.0,994.7,706.2,641.1,620.8,641.1,641.1
7,440,621,2 shocks,True,160.0,2208.0,994.7,778.1,661.1,639.2,661.1,661.1
7,460,621,3-4 shocks,True,141.0,2208.0,906.9,762.9,652.2,650.0,652.2,652.2
7,480,621,3-4 shocks,True,127.0,2208.0,858.0,688.4,663.0,662.7,663.0,663.0
7,500,621,5+ shocks,False,100.0,2208.0,729.0,631.4,639.5,648.5,639.5,639.5
7,520,621,5+ shocks,False,91.0,2208.0,697.7,625.7,662.3,658.4,662.3,662.3
7,540,621,5+ shocks,False,74.0,2208.0,659.0,619.8,654.3,652.1,654.3,654.3
7,560,621,5+ shocks,False,63.0,2208.0,645.0,619.2,684.9,676.3,684.9,684.9
7,580,621,5+ shocks,False,49.0,2208.0,631.3,627.4,682.7,673.3,682.7,682.7
7,600,621,5+ shocks,False,27.0,2208.0,601.0,615.9,669.0,666.5,669.0,669.0
8,100,855,0 shocks,True,190.0,2197.0,2197.0,1283.5,800.8,478.2,2197.0,478.2
8,120,855,0 shocks,True,190.0,2197.0,2197.0,1317.1,820.8,498.2,2197.0,498.2
8,140,855,0 shocks,True,190.0,2197.0,2197.0,1348.8,831.1,518.2,2197.0,518.2
8,160,855,0 shocks,True,190.0,2197.0,2197.0,1379.0,850.4,538.2,2197.0,538.2
8,180,855,0 shocks,True,190.0,2197.0,2197.0,1408.0,869.2,557.2,2197.0,557.2
8,200,855,0 shocks,True,190.0,2197.0,2197.0,1436.2,889.2,574.1,2197.0,574.1
8,220,855,0 shocks,True,190.0,2197.0,2197.0,1463.6,942.5,593.5,2197.0,593.5
8,240,855,0 shocks,True,190.0,2208.0,2208.0,1490.4,1117.6,613.5,2208.0,613.5
8,260,855,0 shocks,True,190.0,2208.0,2208.0,1516.7,1162.7,633.5,2208.0,633.5
8,280,855,0 shocks,True,190.0,2208.0,2208.0,1542.6,1186.7,653.5,2208.0,653.5
8,300,855,0 shocks,True,190.0,2208.0,2208.0,1568.1,1214.6,673.5,2208.0,673.5
8,320,855,0 shocks,True,190.0,2208.0,2208.0,1593.3,1240.2,693.5,2208.0,693.5
8,340,855,0 shocks,True,190.0,2208.0,2208.0,1618.1,1260.4,712.0,2208.0,712.0
8,360,855,0 shocks,True,190.0,2208.0,2208.0,1642.7,1280.4,730.7,2208.0,730.7
8,380,855,0 shocks,True,190.0,2219.0,2219.0,1667.1,1306.4,750.0,2219.0,750.0
8,400,855,0 shocks,True,190.0,2219.0,2219.0,1691.3,1337.1,769.1,2219.0,769.1
8,420,855,0 shocks,True,190.0,2219.0,2219.0,1715.2,1374.2,789.1,2219.0,789.1
8,440,855,0 shocks,True,190.0,2219.0,2219.0,1739.0,1397.2,808.7,2219.0,808.7
8,460,855,0 shocks,True,190.0,2219.0,2219.0,1762.7,1429.4,828.2,2219.0,828.2
8,480,855,0 shocks,True,190.0,2219.0,2219.0,1786.1,1457.1,848.2,2219.0,848.2
8,500,855,0 shocks,True,190.0,2226.0,2226.0,1809.5,1494.8,867.5,2226.0,867.5
8,520,855,0 shocks,True,190.0,2245.0,2245.0,1832.7,1627.3,886.9,2245.0,886.9
8,540,855,0 shocks,True,190.0,2257.0,2257.0,1855.9,1678.2,906.9,2257.0,906.9
8,560,855,0 shocks,True,190.0,2257.0,2257.0,1878.9,1740.1,926.9,2257.0,926.9
8,580,855,0 shocks,True,190.0,2308.0,2308.0,1901.8,1812.1,946.9,2308.0,946.9
8,600,855,0 shocks,True,190.0,2282.5,2282.5,1924.6,1854.4,966.9,2282.5,966.9
8,620,855,0 shocks,True,190.0,2314.0,2314.0,1947.3,1884.1,986.9,2314.0,986.9
8,640,855,1 shock,True,169.0,2219.0,2219.0,978.8,1156.6,948.6,1156.6,1156.6
8,660,855,1 shock,True,169.0,2219.0,2219.0,1081.4,1180.6,973.4,1180.6,1180.6
8,680,855,2 shocks,True,157.0,2219.0,1189.3,932.6,899.7,866.7,899.7,899.7
8,700,855,3-4 shocks,True,142.0,2219.0,1041.3,918.7,912.3,882.7,912.3,912.3
8,720,855,3-4 shocks,False,103.0,2219.0,917.7,807.4,881.6,866.8,881.6,881.6
8,740,855,5+ shocks,False,91.0,2226.0,898.0,854.5,888.2,877.0,888.2,888.2
8,760,855,5+ shocks,False,78.0,2226.0,874.4,849.5,879.5,871.8,879.5,879.5
8,780,855,5+ shocks,False,64.0,2226.0,875.7,851.1,901.6,890.7,901.6,901.6
8,800,855,5+ shocks,False,57.0,2226.0,876.9,861.7,908.4,897.9,908.4,908.4
8,820,855,5+ shocks,False,51.0,2226.0,879.5,872.6,930.6,918.7,930.6,930.6
8,840,855,5+ shocks,False,39.0,2226.0,868.7,875.4,926.3,917.0,926.3,926.3
9,100,3366,0 shocks,True,189.0,2109.0,2109.0,1232.6,1286.0,2126.1,2109.0,2126.1
9,120,3366,0 shocks,True,189.0,2109.0,2109.0,1263.7,1306.0,2146.1,2109.0,2146.1
9,140,3366,0 shocks,True,189.0,2109.0,2109.0,1293.3,1320.0,2166.1,2109.0,2166.1
9,160,3366,0 shocks,True,189.0,2109.0,2109.0,1321.6,1338.0,2186.1,2109.0,2186.1
9,180,3366,0 shocks,True,189.0,2109.0,2109.0,1348.9,1358.0,2206.1,2109.0,2206.1
9,200,3366,0 shocks,True,189.0,2109.0,2109.0,1375.6,1371.3,2226.1,2109.0,2226.1
9,220,3366,0 shocks,True,189.0,2109.0,2109.0,1401.6,1397.3,2246.1,2109.0,2246.1
9,240,3366,0 shocks,True,189.0,2153.0,2153.0,1427.2,1420.7,2266.1,2153.0,2266.1
9,260,3366,0 shocks,True,189.0,2153.0,2153.0,1452.3,1440.7,2286.1,2153.0,2286.1
9,280,3366,0 shocks,True,189.0,2153.0,2153.0,1477.1,1453.1,2306.1,2153.0,2306.1
9,300,3366,0 shocks,True,189.0,2153.0,2153.0,1501.5,1468.4,2326.1,2153.0,2326.1
9,320,3366,0 shocks,True,189.0,2153.0,2153.0,1525.7,1476.2,2337.1,2153.0,2337.1
9,340,3366,0 shocks,True,189.0,2153.0,2153.0,1549.6,1491.1,2328.1,2153.0,2328.1
9,360,3366,0 shocks,True,189.0,2153.0,2153.0,1573.3,1508.5,2313.9,2153.0,2313.9
9,380,3366,0 shocks,True,189.0,2197.0,2197.0,1596.9,1529.0,2318.6,2197.0,2318.6
9,400,3366,0 shocks,True,189.0,2197.0,2197.0,1620.2,1554.0,2334.9,2197.0,2334.9
9,420,3366,0 shocks,True,189.0,2197.0,2197.0,1643.4,1576.5,2287.7,2197.0,2287.7
9,440,3366,0 shocks,True,189.0,2197.0,2197.0,1666.5,1596.5,2280.8,2197.0,2280.8
9,460,3366,0 shocks,True,189.0,2197.0,2197.0,1689.4,1616.5,2296.3,2197.0,2296.3
9,480,3366,0 shocks,True,189.0,2197.0,2197.0,1712.3,1636.5,2288.1,2197.0,2288.1
9,500,3366,0 shocks,True,189.0,2208.0,2208.0,1735.0,1656.5,2300.8,2208.0,2300.8
9,520,3366,0 shocks,True,189.0,2226.0,2226.0,1757.6,1703.3,2309.4,2226.0,2309.4
9,540,3366,0 shocks,True,189.0,2233.0,2233.0,1780.1,1739.6,2329.4,2233.0,2329.4
9,560,3366,0 shocks,True,189.0,2233.0,2233.0,1802.5,1764.1,2340.8,2233.0,2340.8
9,580,3366,0 shocks,True,189.0,2257.0,2257.0,1824.9,1795.3,2360.8,2257.0,2360.8
9,600,3366,0 shocks,True,189.0,2245.0,2245.0,1847.1,1815.7,2380.8,2245.0,2380.8
9,620,3366,0 shocks,True,189.0,2282.5,2282.5,1869.3,1838.3,2400.8,2282.5,2400.8
9,640,3366,0 shocks,True,189.0,2282.5,2282.5,1891.5,1892.3,2420.8,2282.5,2420.8
9,660,3366,0 shocks,True,189.0,2308.0,2308.0,1913.6,1924.0,2435.9,2308.0,2435.9
9,680,3366,0 shocks,True,189.0,2314.0,2314.0,1935.6,1966.3,2455.9,2314.0,2455.9
9,700,3366,0 shocks,True,189.0,2320.0,2320.0,1957.5,2007.4,2475.9,2320.0,2475.9
9,720,3366,0 shocks,True,189.0,2320.0,2320.0,1979.4,2029.5,2495.9,2320.0,2495.9
9,740,3366,0 shocks,True,189.0,2341.0,2341.0,2001.3,2049.5,2506.5,2341.0,2506.5
9,760,3366,0 shocks,True,189.0,2383.0,2383.0,2023.1,2069.5,2517.1,2383.0,2517.1
9,780,3366,0 shocks,True,189.0,2362.0,2362.0,2044.9,2089.5,2523.7,2362.0,2523.7
9,800,3366,0 shocks,True,189.0,2362.0,2362.0,2066.6,2109.5,2531.5,2362.0,2531.5
9,820,3366,0 shocks,True,189.0,2383.0,2383.0,2088.3,2129.5,2521.2,2383.0,2521.2
9,840,3366,0 shocks,True,189.0,2404.0,2404.0,2109.9,2149.5,2527.4,2404.0,2527.4
9,860,3366,0 shocks,True,189.0,2413.5,2413.5,2131.5,2169.5,2513.7,2413.5,2513.7
9,880,3366,0 shocks,True,189.0,2404.0,2404.0,2153.1,2189.5,2527.5,2404.0,2527.5
9,900,3366,0 shocks,True,189.0,2413.5,2413.5,2174.6,2209.5,2532.2,2413.5,2532.2
9,920,3366,0 shocks,True,189.0,2413.5,2413.5,2196.1,2229.5,2547.3,2413.5,2547.3
9,940,3366,0 shocks,True,189.0,2423.0,2423.0,2217.6,2249.5,2557.5,2423.0,2557.5
9,960,3366,0 shocks,True,189.0,2423.0,2423.0,2239.1,2266.1,2551.8,2423.0,2551.8
9,980,3366,0 shocks,True,189.0,2423.0,2423.0,2260.5,2286.1,2551.6,2423.0,2551.6
9,1000,3366,0 shocks,True,189.0,2423.0,2423.0,2281.9,2302.2,2567.2,2423.0,2567.2
9,1020,3366,0 shocks,True,189.0,2423.0,2423.0,2303.3,2322.2,2577.2,2423.0,2577.2
9,1040,3366,0 shocks,True,189.0,2423.0,2423.0,2324.6,2338.3,2597.2,2423.0,2597.2
9,1060,3366,0 shocks,True,189.0,2423.0,2423.0,2345.9,2358.3,2610.2,2423.0,2610.2
9,1080,3366,0 shocks,True,189.0,2423.0,2423.0,2367.2,2378.3,2630.2,2423.0,2630.2
9,1100,3366,0 shocks,True,189.0,2424.5,2424.5,2388.5,2398.3,2650.2,2424.5,2650.2
9,1120,3366,0 shocks,True,189.0,2426.0,2426.0,2409.7,2418.3,2670.2,2426.0,2670.2
9,1140,3366,0 shocks,True,189.0,2426.0,2426.0,2431.0,2438.3,2690.2,2426.0,2690.2
9,1160,3366,0 shocks,True,189.0,2426.0,2426.0,2452.2,2458.3,2708.1,2426.0,2708.1
9,1180,3366,0 shocks,True,189.0,2426.0,2426.0,2473.3,2478.3,2728.1,2426.0,2728.1
9,1200,3366,0 shocks,True,189.0,2426.0,2426.0,2494.5,2498.3,2748.1,2426.0,2748.1
9,1220,3366,0 shocks,True,189.0,2424.5,2424.5,2515.7,2518.3,2768.1,2424.5,2768.1
9,1240,3366,0 shocks,True,189.0,2424.5,2424.5,2536.8,2538.3,2788.1,2424.5,2788.1
9,1260,3366,0 shocks,True,189.0,2426.0,2426.0,2557.9,2558.3,2808.1,2426.0,2808.1
9,1280,3366,0 shocks,True,189.0,2424.5,2424.5,2579.0,2578.3,2828.1,2424.5,2828.1
9,1300,3366,0 shocks,True,189.0,2424.5,2424.5,2600.1,2598.3,2848.1,2424.5,2848.1
9,1320,3366,0 shocks,True,189.0,2426.0,2426.0,2621.2,2618.3,2868.1,2426.0,2868.1
9,1340,3366,0 shocks,True,189.0,2598.0,2598.0,2642.2,2638.3,2888.1,2598.0,2888.1
9,1360,3366,0 shocks,True,189.0,2612.5,2612.5,2663.3,2658.3,2908.1,2612.5,2908.1
9,1380,3366,0 shocks,True,189.0,2612.5,2612.5,2684.3,2678.3,2928.1,2612.5,2928.1
9,1400,3366,0 shocks,True,189.0,2598.0,2598.0,2705.3,2698.3,2948.1,2598.0,2948.1
9,1420,3366,0 shocks,True,189.0,2389.0,2389.0,2726.3,2718.3,2968.1,2389.0,2968.1
9,1440,3366,0 shocks,True,189.0,2409.0,2409.0,2747.3,2738.3,2988.1,2409.0,2988.1
9,1460,3366,0 shocks,True,189.0,2429.0,2429.0,2768.2,2758.3,3008.1,2429.0,3008.1
9,1480,3366,0 shocks,True,189.0,2449.0,2449.0,2789.2,2778.3,3028.1,2449.0,3028.1
9,1500,3366,0 shocks,True,189.0,2469.0,2469.0,2810.1,2798.3,3048.1,2469.0,3048.1
9,1520,3366,0 shocks,True,189.0,2489.0,2489.0,2831.1,2819.8,3068.1,2489.0,3068.1
9,1540,3366,1 shock,True,181.0,2362.0,2362.0,2647.2,2581.4,2740.3,2581.4,2581.4
9,1560,3366,1 shock,True,181.0,2362.0,2362.0,2919.2,2635.7,2760.3,2635.7,2635.7
9,1580,3366,1 shock,True,181.0,2363.5,2363.5,3073.6,2731.8,2798.7,2731.8,2731.8
9,1600,3366,1 shock,True,181.0,2365.0,2365.0,3188.2,2773.2,2833.0,2773.2,2773.2
9,1620,3366,1 shock,True,181.0,2365.0,2365.0,3281.8,2819.7,2887.7,2819.7,2819.7
9,1640,3366,1 shock,True,181.0,2365.0,2365.0,3362.5,2849.0,2907.7,2849.0,2849.0
9,1660,3366,1 shock,True,181.0,2365.0,2365.0,3434.1,2877.2,2927.7,2877.2,2877.2
9,1680,3366,2 shocks,True,175.0,2382.5,4061.0,2661.2,2888.2,3028.9,2888.2,2888.2
9,1700,3366,2 shocks,True,175.0,2382.5,4061.0,2893.3,2910.8,3048.9,2910.8,2910.8
9,1720,3366,2 shocks,True,175.0,2382.5,4061.0,3002.5,2930.8,3068.9,2930.8,2930.8
9,1740,3366,2 shocks,True,175.0,2402.0,4061.0,3064.8,2961.6,3097.1,2961.6,2961.6
9,1760,3366,2 shocks,True,175.0,2402.0,4061.0,3102.1,2985.0,3146.5,2985.0,2985.0
9,1780,3366,2 shocks,True,175.0,2402.0,4061.0,3123.9,3006.2,3166.5,3006.2,3006.2
9,1800,3366,2 shocks,True,175.0,2402.0,4061.0,3135.6,3026.2,3186.5,3026.2,3026.2
9,1820,3366,3-4 shocks,True,165.0,2404.0,4073.0,3061.6,2985.4,3046.2,2985.4,2985.4
9,1840,3366,3-4 shocks,True,165.0,2404.0,4073.0,3192.9,3007.9,3066.2,3007.9,3007.9
9,1860,3366,3-4 shocks,True,165.0,2404.0,4073.0,3269.9,3027.9,3086.2,3027.9,3027.9
9,1880,3366,3-4 shocks,True,165.0,2404.0,4073.0,3329.0,3053.1,3113.6,3053.1,3053.1
9,1900,3366,3-4 shocks,True,165.0,2404.0,4073.0,3379.1,3075.2,3164.7,3075.2,3075.2
9,1920,3366,3-4 shocks,True,151.0,2404.0,3751.1,2775.9,3064.5,3106.7,3064.5,3064.5
9,1940,3366,3-4 shocks,True,151.0,2404.0,3751.1,2864.5,3087.0,3126.6,3087.0,3087.0
9,1960,3366,3-4 shocks,True,151.0,2404.0,3751.1,2921.5,3104.2,3146.6,3104.2,3104.2
9,1980,3366,3-4 shocks,True,151.0,2413.0,3751.1,2967.4,3129.3,3173.7,3129.3,3129.3
9,2000,3366,3-4 shocks,True,151.0,2413.0,3751.1,3007.4,3151.8,3223.8,3151.8,3151.8
9,2020,3366,5+ shocks,True,145.0,2413.0,3668.5,3230.4,3175.0,3238.1,3175.0,3175.0
9,2040,3366,5+ shocks,True,145.0,2413.0,3668.5,3265.4,3197.4,3258.1,3197.4,3197.4
9,2060,3366,5+ shocks,True,145.0,2422.0,3668.5,3293.5,3217.4,3278.1,3217.4,3217.4
9,2080,3366,5+ shocks,True,145.0,2422.0,3668.5,3319.1,3242.5,3305.5,3242.5,3242.5
9,2100,3366,5+ shocks,True,139.0,2422.0,3589.3,3296.6,3272.9,3371.1,3272.9,3272.9
9,2120,3366,5+ shocks,True,139.0,2422.5,3624.7,3242.2,3256.8,3350.9,3256.8,3256.8
9,2140,3366,5+ shocks,True,139.0,2422.5,3624.7,3274.0,3279.2,3370.9,3279.2,3279.2
9,2160,3366,5+ shocks,True,139.0,2422.5,3624.7,3300.8,3304.2,3398.4,3304.2,3304.2
9,2180,3366,5+ shocks,True,139.0,2422.5,3624.7,3325.6,3324.2,3418.4,3324.2,3324.2
9,2200,3366,5+ shocks,True,132.0,2423.0,3535.8,3296.4,3355.6,3484.4,3355.6,3355.6
9,2220,3366,5+ shocks,True,132.0,2424.5,3590.7,3263.8,3253.8,3375.1,3253.8,3253.8
9,2240,3366,5+ shocks,True,132.0,2426.0,3590.7,3293.0,3278.6,3395.1,3278.6,3278.6
9,2260,3366,5+ shocks,True,132.0,2503.5,3590.7,3318.8,3303.2,3422.1,3303.2,3303.2
9,2280,3366,5+ shocks,True,132.0,2503.5,3590.7,3343.0,3324.8,3455.4,3324.8,3324.8
9,2300,3366,5+ shocks,True,118.0,2503.5,3493.0,3213.5,3213.3,3305.4,3213.3,3213.3
9,2320,3366,5+ shocks,True,118.0,2589.5,3493.0,3251.6,3246.7,3325.4,3246.7,3246.7
9,2340,3366,5+ shocks,True,118.0,2589.5,3493.0,3279.1,3267.0,3345.4,3267.0,3267.0
9,2360,3366,5+ shocks,True,118.0,2589.5,3493.0,3304.0,3291.1,3365.4,3291.1,3291.1
9,2380,3366,5+ shocks,True,118.0,2612.5,3493.0,3327.5,3312.5,3402.1,3312.5,3312.5
9,2400,3366,5+ shocks,True,105.0,2627.0,3422.6,3214.9,3234.3,3249.5,3234.3,3234.3
9,2420,3366,5+ shocks,True,105.0,2670.5,3422.6,3249.8,3254.3,3269.5,3254.3,3254.3
9,2440,3366,5+ shocks,True,105.0,2894.0,3422.6,3276.4,3274.6,3289.5,3274.6,3274.6
9,2460,3366,5+ shocks,True,105.0,2894.0,3422.6,3300.6,3298.3,3309.5,3298.3,3298.3
9,2480,3366,5+ shocks,True,105.0,2894.0,3422.6,3323.8,3334.4,3345.7,3334.4,3334.4
9,2500,3366,5+ shocks,False,96.0,2894.0,3401.6,3239.2,3294.3,3319.1,3294.3,3294.3
9,2520,3366,5+ shocks,False,96.0,2894.0,3401.6,3270.4,3314.6,3336.5,3314.6,3314.6
9,2540,3366,5+ shocks,False,96.0,2894.0,3401.6,3295.8,3334.6,3356.5,3334.6,3334.6
9,2560,3366,5+ shocks,False,96.0,2894.0,3401.6,3319.5,3365.0,3376.5,3365.0,3365.0
9,2580,3366,5+ shocks,False,96.0,2894.0,3401.6,3342.2,3388.0,3412.1,3388.0,3388.0
9,2600,3366,5+ shocks,False,87.0,3183.0,3386.6,3268.8,3338.4,3330.2,3338.4,3338.4
9,2620,3366,5+ shocks,False,87.0,3183.0,3386.6,3297.9,3358.7,3350.2,3358.7,3358.7
9,2640,3366,5+ shocks,False,87.0,3407.0,3386.6,3322.6,3378.7,3368.1,3378.7,3378.7
9,2660,3366,5+ shocks,False,87.0,3407.0,3386.6,3345.7,3408.4,3388.1,3408.4,3408.4
9,2680,3366,5+ shocks,False,87.0,3407.0,3386.6,3368.2,3431.2,3422.0,3431.2,3431.2
9,2700,3366,5+ shocks,False,78.0,3407.0,3371.1,3292.9,3275.2,3246.7,3275.2,3275.2
9,2720,3366,5+ shocks,False,78.0,3631.0,3371.1,3319.6,3295.2,3266.7,3295.2,3295.2
9,2740,3366,5+ shocks,False,78.0,3631.0,3371.1,3343.4,3315.2,3286.7,3315.2,3315.2
9,2760,3366,5+ shocks,False,78.0,3631.0,3371.1,3366.0,3342.7,3306.7,3342.7,3342.7
9,2780,3366,5+ shocks,False,69.0,3631.0,3266.3,3313.9,3360.9,3322.6,3360.9,3360.9
9,2800,3366,5+ shocks,False,69.0,3631.0,3359.7,3320.2,3367.8,3338.0,3367.8,3367.8
9,2820,3366,5+ shocks,False,69.0,3631.0,3359.7,3345.4,3387.8,3358.0,3387.8,3387.8
9,2840,3366,5+ shocks,False,69.0,3631.0,3359.7,3368.5,3406.5,3378.0,3406.5,3406.5
9,2860,3366,5+ shocks,False,69.0,3631.0,3359.7,3390.7,3442.1,3402.2,3442.1,3442.1
9,2880,3366,5+ shocks,False,57.0,3631.0,3220.8,3309.1,3308.7,3272.1,3308.7,3308.7
9,2900,3366,5+ shocks,False,57.0,3663.0,3318.1,3320.2,3317.3,3288.1,3317.3,3317.3
9,2920,3366,5+ shocks,False,57.0,3663.0,3318.1,3344.3,3337.3,3302.8,3337.3,3337.3
9,2940,3366,5+ shocks,False,57.0,3663.0,3318.1,3366.7,3357.6,3322.8,3357.6,3357.6
9,2960,3366,5+ shocks,False,57.0,3663.0,3318.1,3388.5,3389.1,3345.8,3389.1,3389.1
9,2980,3366,5+ shocks,False,45.0,3663.0,3179.8,3299.0,3225.2,3202.8,3225.2,3225.2
9,3000,3366,5+ shocks,False,45.0,3663.0,3276.6,3310.3,3235.3,3220.5,3235.3,3235.3
9,3020,3366,5+ shocks,False,45.0,3663.0,3276.6,3333.1,3254.9,3237.7,3254.9,3254.9
9,3040,3366,5+ shocks,False,45.0,3663.0,3276.6,3354.9,3275.1,3257.7,3275.1,3275.1
9,3060,3366,5+ shocks,False,45.0,3663.0,3276.6,3376.1,3301.6,3279.4,3301.6,3301.6
9,3080,3366,5+ shocks,False,39.0,3663.0,3304.9,3326.2,3289.8,3267.6,3289.8,3289.8
9,3100,3366,5+ shocks,False,39.0,3663.0,3304.9,3352.0,3309.8,3287.6,3309.8,3309.8
9,3120,3366,5+ shocks,False,39.0,3663.0,3304.9,3374.2,3329.8,3307.6,3329.8,3329.8
9,3140,3366,5+ shocks,False,39.0,3663.0,3304.9,3395.5,3349.9,3327.6,3349.9,3349.9
9,3160,3366,5+ shocks,False,39.0,3663.0,3304.9,3416.5,3376.0,3349.0,3376.0,3376.0
9,3180,3366,5+ shocks,False,26.0,3663.0,3254.9,3288.2,3313.3,3297.2,3313.3,3313.3
9,3200,3366,5+ shocks,False,26.0,3695.0,3254.9,3310.5,3333.3,3317.2,3333.3,3333.3
9,3220,3366,5+ shocks,False,26.0,3695.0,3254.9,3331.4,3353.3,3337.2,3353.3,3353.3
9,3240,3366,5+ shocks,False,27.0,3695.0,3266.3,3364.4,3375.0,3359.1,3375.0,3375.0
9,3260,3366,5+ shocks,False,26.0,3695.0,3261.0,3372.4,3397.3,3378.2,3397.3,3397.3
9,3280,3366,5+ shocks,False,15.0,3695.0,3324.2,3356.4,3388.9,3377.7,3388.9,3388.9
9,3300,3366,5+ shocks,False,15.0,3695.0,3324.2,3377.8,3408.9,3397.7,3408.9,3408.9
9,3320,3366,5+ shocks,False,15.0,3695.0,3324.2,3398.4,3428.9,3417.7,3428.9,3428.9
9,3340,3366,5+ shocks,False,15.0,3695.0,3341.0,3418.8,3449.0,3437.7,3449.0,3449.0
10,100,2423,0 shocks,True,189.0,2109.0,2109.0,1226.6,1293.4,1766.0,2109.0,1766.0
10,120,2423,0 shocks,True,189.0,2109.0,2109.0,1260.9,1313.4,1786.0,2109.0,1786.0
10,140,2423,0 shocks,True,189.0,2109.0,2109.0,1293.1,1326.4,1806.0,2109.0,1806.0
10,160,2423,0 shocks,True,189.0,2109.0,2109.0,1323.8,1338.5,1826.0,2109.0,1826.0
10,180,2423,0 shocks,True,189.0,2109.0,2109.0,1353.3,1356.5,1844.2,2109.0,1844.2
10,200,2423,0 shocks,True,189.0,2109.0,2109.0,1381.9,1370.5,1864.2,2109.0,1864.2
10,220,2423,0 shocks,True,189.0,2109.0,2109.0,1409.7,1403.2,1883.9,2109.0,1883.9
10,240,2423,0 shocks,True,189.0,2153.0,2153.0,1436.9,1424.3,1903.9,2153.0,1903.9
10,260,2423,0 shocks,True,189.0,2153.0,2153.0,1463.5,1442.5,1923.9,2153.0,1923.9
10,280,2423,0 shocks,True,189.0,2153.0,2153.0,1489.7,1457.8,1943.9,2153.0,1943.9
10,300,2423,0 shocks,True,189.0,2153.0,2153.0,1515.5,1468.3,1963.9,2153.0,1963.9
10,320,2423,0 shocks,True,189.0,2153.0,2153.0,1540.9,1488.3,1976.9,2153.0,1976.9
10,340,2423,0 shocks,True,189.0,2153.0,2153.0,1566.1,1500.4,1975.2,2153.0,1975.2
10,360,2423,0 shocks,True,189.0,2153.0,2153.0,1590.9,1524.6,1968.5,2153.0,1968.5
10,380,2423,0 shocks,True,189.0,2197.0,2197.0,1615.5,1547.2,1954.3,2197.0,1954.3
10,400,2423,0 shocks,True,189.0,2197.0,2197.0,1639.9,1567.2,1948.3,2197.0,1948.3
10,420,2423,0 shocks,True,189.0,2197.0,2197.0,1664.1,1589.6,1952.6,2197.0,1952.6
10,440,2423,0 shocks,True,189.0,2197.0,2197.0,1688.1,1609.6,1947.5,2197.0,1947.5
10,460,2423,0 shocks,True,189.0,2197.0,2197.0,1712.0,1627.5,1951.8,2197.0,1951.8
10,480,2423,0 shocks,True,189.0,2197.0,2197.0,1735.7,1647.5,1944.8,2197.0,1944.8
10,500,2423,0 shocks,True,189.0,2208.0,2208.0,1759.2,1672.5,1946.1,2208.0,1946.1
10,520,2423,0 shocks,True,189.0,2226.0,2226.0,1782.6,1722.8,1953.9,2226.0,1953.9
10,540,2423,0 shocks,True,189.0,2233.0,2233.0,1805.9,1758.1,1973.9,2233.0,1973.9
10,560,2423,0 shocks,True,189.0,2233.0,2233.0,1829.1,1784.1,1993.9,2233.0,1993.9
10,580,2423,0 shocks,True,189.0,2257.0,2257.0,1852.2,1814.2,2008.9,2257.0,2008.9
10,600,2423,0 shocks,True,189.0,2245.0,2245.0,1875.2,1839.9,2025.6,2245.0,2025.6
10,620,2423,0 shocks,True,189.0,2282.5,2282.5,1898.1,1875.3,2045.6,2282.5,2045.6
10,640,2423,0 shocks,True,189.0,2282.5,2282.5,1920.9,1938.2,2065.6,2282.5,2065.6
10,660,2423,0 shocks,True,189.0,2308.0,2308.0,1943.6,1971.7,2085.6,2308.0,2085.6
10,680,2423,0 shocks,True,189.0,2314.0,2314.0,1966.3,2034.0,2105.6,2314.0,2105.6
10,700,2423,0 shocks,True,189.0,2320.0,2320.0,1988.8,2069.2,2125.6,2320.0,2125.6
10,720,2423,0 shocks,True,189.0,2320.0,2320.0,2011.4,2085.9,2140.8,2320.0,2140.8
10,740,2423,0 shocks,True,189.0,2341.0,2341.0,2033.8,2107.4,2160.8,2341.0,2160.8
10,760,2423,0 shocks,True,189.0,2383.0,2383.0,2056.2,2127.4,2176.7,2383.0,2176.7
10,780,2423,0 shocks,True,189.0,2362.0,2362.0,2078.5,2147.4,2175.6,2362.0,2175.6
10,800,2423,0 shocks,True,189.0,2362.0,2362.0,2100.8,2167.4,2177.7,2362.0,2177.7
10,820,2423,0 shocks,True,189.0,2383.0,2383.0,2123.0,2187.4,2189.2,2383.0,2189.2
10,840,2423,0 shocks,True,189.0,2404.0,2404.0,2145.2,2207.4,2188.5,2404.0,2188.5
10,860,2423,0 shocks,True,189.0,2415.0,2415.0,2167.3,2227.4,2192.1,2415.0,2192.1
10,880,2423,0 shocks,True,189.0,2404.0,2404.0,2189.4,2247.4,2207.4,2404.0,2207.4
10,900,2423,0 shocks,True,189.0,2415.0,2415.0,2211.4,2267.4,2222.3,2415.0,2222.3
10,920,2423,0 shocks,True,189.0,2415.0,2415.0,2233.4,2287.4,2242.3,2415.0,2242.3
10,940,2423,0 shocks,True,189.0,2426.0,2426.0,2255.4,2307.4,2259.0,2426.0,2259.0
10,960,2423,0 shocks,True,189.0,2426.0,2426.0,2277.3,2327.4,2267.1,2426.0,2267.1
10,980,2423,0 shocks,True,189.0,2426.0,2426.0,2299.2,2347.4,2277.8,2426.0,2277.8
10,1000,2423,0 shocks,True,189.0,2426.0,2426.0,2321.0,2367.4,2294.7,2426.0,2294.7
10,1020,2423,0 shocks,True,189.0,2426.0,2426.0,2342.8,2387.4,2314.7,2426.0,2314.7
10,1040,2423,0 shocks,True,189.0,2426.0,2426.0,2364.6,2405.8,2330.9,2426.0,2330.9
10,1060,2423,0 shocks,True,189.0,2426.0,2426.0,2386.3,2425.8,2347.3,2426.0,2347.3
10,1080,2423,0 shocks,True,189.0,2426.0,2426.0,2408.1,2445.8,2367.3,2426.0,2367.3
10,1100,2423,0 shocks,True,189.0,2503.5,2503.5,2429.7,2465.8,2387.3,2503.5,2387.3
10,1120,2423,0 shocks,True,189.0,2581.0,2581.0,2451.4,2483.9,2407.3,2581.0,2407.3
10,1140,2423,0 shocks,True,189.0,2581.0,2581.0,2473.0,2503.9,2427.3,2581.0,2427.3
10,1160,2423,0 shocks,True,189.0,2581.0,2581.0,2494.6,2523.9,2447.3,2581.0,2447.3
10,1180,2423,0 shocks,True,189.0,2581.0,2581.0,2516.2,2543.9,2467.3,2581.0,2467.3
10,1200,2423,0 shocks,True,189.0,2581.0,2581.0,2537.8,2563.9,2487.3,2581.0,2487.3
10,1220,2423,0 shocks,True,189.0,2512.0,2512.0,2559.3,2583.9,2507.3,2512.0,2507.3
10,1240,2423,0 shocks,True,189.0,2512.0,2512.0,2580.8,2603.9,2527.3,2512.0,2527.3
10,1260,2423,0 shocks,True,189.0,2598.0,2598.0,2602.3,2623.9,2547.3,2598.0,2547.3
10,1280,2423,0 shocks,True,189.0,2512.0,2512.0,2623.8,2643.9,2567.3,2512.0,2567.3
10,1300,2423,0 shocks,True,189.0,2512.0,2512.0,2645.2,2663.9,2587.3,2512.0,2587.3
10,1320,2423,0 shocks,True,189.0,2598.0,2598.0,2666.6,2683.9,2607.3,2598.0,2607.3
10,1340,2423,0 shocks,True,189.0,2627.0,2627.0,2688.0,2703.9,2627.3,2627.0,2627.3
10,1360,2423,0 shocks,True,189.0,2996.5,2996.5,2709.4,2723.9,2647.3,2996.5,2647.3
10,1380,2423,0 shocks,True,189.0,2996.5,2996.5,2730.8,2743.9,2667.3,2996.5,2667.3
10,1400,2423,0 shocks,True,189.0,3366.0,3366.0,2752.1,2763.9,2687.3,3366.0,2687.3
10,1420,2423,0 shocks,True,189.0,2394.0,2394.0,2773.4,2783.9,2707.3,2394.0,2707.3
10,1440,2423,0 shocks,True,189.0,2414.0,2414.0,2794.7,2803.9,2727.3,2414.0,2727.3
10,1460,2423,0 shocks,True,189.0,2434.0,2434.0,2816.0,2823.9,2747.3,2434.0,2747.3
10,1480,2423,1 shock,True,174.0,2320.0,2320.0,2369.2,2135.5,2122.6,2135.5,2135.5
10,1500,2423,1 shock,True,174.0,2320.0,2320.0,2517.9,2196.6,2152.6,2196.6,2196.6
10,1520,2423,1 shock,True,174.0,2362.0,2362.0,2617.6,2292.4,2175.9,2292.4,2292.4
10,1540,2423,1 shock,True,174.0,2362.0,2362.0,2696.3,2364.6,2208.1,2364.6,2364.6
10,1560,2423,1 shock,True,174.0,2362.0,2362.0,2763.0,2391.6,2235.8,2391.6,2391.6
10,1580,2423,1 shock,True,162.0,2363.5,2363.5,2266.3,2372.7,2255.8,2372.7,2372.7
10,1600,2423,2 shocks,True,162.0,2365.0,3439.0,2345.1,2519.9,2333.4,2519.9,2519.9
10,1620,2423,2 shocks,True,162.0,2365.0,3439.0,2457.5,2553.6,2356.1,2553.6,2553.6
10,1640,2423,2 shocks,True,162.0,2365.0,3439.0,2519.1,2584.5,2379.6,2584.5,2584.5
10,1660,2423,2 shocks,True,162.0,2365.0,3439.0,2557.1,2610.8,2410.1,2610.8,2610.8
10,1680,2423,3-4 shocks,True,145.0,2382.5,3079.0,2368.2,2276.2,2280.4,2276.2,2276.2
10,1700,2423,3-4 shocks,True,145.0,2382.5,3079.0,2438.1,2313.4,2300.4,2313.4,2313.4
10,1720,2423,3-4 shocks,True,145.0,2382.5,3079.0,2486.7,2345.7,2322.8,2345.7,2345.7
10,1740,2423,3-4 shocks,True,145.0,2402.0,3079.0,2527.2,2382.2,2350.7,2382.2,2382.2
10,1760,2423,3-4 shocks,True,126.0,2402.0,2892.3,2214.6,2298.1,2309.3,2298.1,2298.1
10,1780,2423,3-4 shocks,True,126.0,2402.0,2892.3,2279.8,2319.1,2329.3,2319.1,2319.1
10,1800,2423,3-4 shocks,True,126.0,2402.0,2892.3,2322.3,2361.5,2351.3,2361.5,2361.5
10,1820,2423,3-4 shocks,True,126.0,2404.0,2892.3,2357.7,2396.2,2378.5,2396.2,2396.2
10,1840,2423,5+ shocks,True,107.0,2404.0,2744.3,2545.1,2369.3,2370.6,2369.3,2369.3
10,1860,2423,5+ shocks,True,107.0,2404.0,2744.3,2581.2,2388.6,2390.6,2388.6,2388.6
10,1880,2423,5+ shocks,True,107.0,2404.0,2744.3,2607.6,2423.4,2414.0,2423.4,2423.4
10,1900,2423,5+ shocks,True,107.0,2404.0,2744.3,2631.7,2452.3,2436.3,2452.3,2452.3
10,1920,2423,5+ shocks,True,107.0,2404.0,2744.3,2654.7,2488.8,2470.2,2488.8,2488.8
10,1940,2423,5+ shocks,False,93.0,2404.0,2679.4,2567.4,2401.4,2419.0,2401.4,2401.4
10,1960,2423,5+ shocks,False,93.0,2404.0,2679.4,2594.6,2432.1,2439.0,2432.1,2432.1
10,1980,2423,5+ shocks,False,93.0,2413.0,2679.4,2618.8,2461.7,2460.7,2461.7,2461.7
10,2000,2423,5+ shocks,False,93.0,2413.0,2679.4,2641.7,2494.3,2482.8,2494.3,2494.3
10,2020,2423,5+ shocks,False,75.0,2413.0,2575.2,2513.0,2331.6,2329.3,2331.6,2331.6
10,2040,2423,5+ shocks,False,75.0,2413.0,2575.2,2540.5,2356.2,2349.3,2356.2,2356.2
10,2060,2423,5+ shocks,False,75.0,2422.0,2575.2,2564.3,2381.3,2370.4,2381.3,2381.3
10,2080,2423,5+ shocks,False,75.0,2422.0,2575.2,2586.8,2409.7,2391.8,2409.7,2409.7
10,2100,2423,5+ shocks,False,57.0,2422.0,2471.4,2454.6,2339.0,2332.3,2339.0,2339.0
10,2120,2423,5+ shocks,False,57.0,2424.0,2471.4,2481.0,2359.6,2352.3,2359.6,2359.6
10,2140,2423,5+ shocks,False,57.0,2424.0,2471.4,2504.0,2386.5,2373.1,2386.5,2386.5
10,2160,2423,5+ shocks,False,57.0,2424.0,2471.4,2525.9,2406.5,2398.0,2406.5,2406.5
10,2180,2423,5+ shocks,False,39.0,2424.0,2291.7,2402.0,2336.9,2330.0,2336.9,2336.9
10,2200,2423,5+ shocks,False,39.0,2426.0,2375.3,2417.5,2349.4,2350.2,2349.4,2349.4
10,2220,2423,5+ shocks,False,39.0,2503.5,2375.3,2439.6,2371.7,2370.7,2371.7,2371.7
10,2240,2423,5+ shocks,False,39.0,2581.0,2375.3,2460.8,2391.7,2391.4,2391.7,2391.7
10,2260,2423,5+ shocks,False,39.0,2589.5,2375.3,2481.8,2418.3,2411.4,2418.3,2418.3
10,2280,2423,5+ shocks,False,30.0,2589.5,2371.6,2415.4,2394.1,2396.5,2394.1,2394.1
10,2300,2423,5+ shocks,False,30.0,2589.5,2371.6,2436.9,2415.3,2416.5,2415.3,2415.3
10,2320,2423,5+ shocks,False,30.0,2612.5,2371.6,2457.8,2435.7,2436.9,2435.7,2435.7
10,2340,2423,5+ shocks,False,30.0,2612.5,2371.6,2478.5,2458.1,2457.4,2458.1,2458.1
10,2360,2423,5+ shocks,False,21.0,2612.5,2389.1,2425.7,2443.5,2442.1,2443.5,2443.5
10,2380,2423,5+ shocks,False,21.0,2670.5,2389.1,2446.5,2463.4,2462.1,2463.4,2463.4
10,2400,2423,5+ shocks,False,20.0,2714.0,2401.0,2467.0,2483.6,2482.4,2483.6,2483.6
11,100,2714,0 shocks,True,188.0,2109.0,2109.0,1223.4,1344.4,1474.2,2109.0,1474.2
11,120,2714,0 shocks,True,188.0,2109.0,2109.0,1256.6,1364.4,1494.2,2109.0,1494.2
11,140,2714,0 shocks,True,188.0,2109.0,2109.0,1287.9,1376.3,1514.2,2109.0,1514.2
11,160,2714,0 shocks,True,188.0,2109.0,2109.0,1317.8,1390.9,1534.2,2109.0,1534.2
11,180,2714,0 shocks,True,188.0,2109.0,2109.0,1346.6,1409.1,1554.2,2109.0,1554.2
11,200,2714,0 shocks,True,188.0,2109.0,2109.0,1374.5,1426.7,1570.7,2109.0,1570.7
11,220,2714,0 shocks,True,188.0,2109.0,2109.0,1401.7,1463.9,1584.9,2109.0,1584.9
11,240,2714,0 shocks,True,188.0,2153.0,2153.0,1428.3,1475.5,1604.9,2153.0,1604.9
11,260,2714,0 shocks,True,188.0,2153.0,2153.0,1454.4,1492.2,1624.9,2153.0,1624.9
11,280,2714,0 shocks,True,188.0,2153.0,2153.0,1480.1,1512.2,1640.5,2153.0,1640.5
11,300,2714,0 shocks,True,188.0,2153.0,2153.0,1505.4,1523.2,1659.0,2153.0,1659.0
11,320,2714,0 shocks,True,188.0,2153.0,2153.0,1530.4,1539.4,1666.2,2153.0,1666.2
11,340,2714,0 shocks,True,188.0,2153.0,2153.0,1555.1,1548.7,1661.0,2153.0,1661.0
11,360,2714,0 shocks,True,188.0,2153.0,2153.0,1579.6,1566.6,1644.1,2153.0,1644.1
11,380,2714,0 shocks,True,188.0,2197.0,2197.0,1603.8,1586.6,1651.4,2197.0,1651.4
11,400,2714,0 shocks,True,188.0,2197.0,2197.0,1627.8,1609.1,1649.1,2197.0,1649.1
11,420,2714,0 shocks,True,188.0,2197.0,2197.0,1651.7,1632.1,1660.8,2197.0,1660.8
11,440,2714,0 shocks,True,188.0,2197.0,2197.0,1675.3,1652.1,1669.4,2197.0,1669.4
11,460,2714,0 shocks,True,188.0,2197.0,2197.0,1698.9,1674.6,1671.7,2197.0,1671.7
11,480,2714,0 shocks,True,188.0,2197.0,2197.0,1722.2,1694.6,1678.9,2197.0,1678.9
11,500,2714,0 shocks,True,188.0,2208.0,2208.0,1745.5,1715.5,1690.4,2208.0,1690.4
11,520,2714,0 shocks,True,188.0,2226.0,2226.0,1768.6,1743.9,1704.2,2226.0,1704.2
11,540,2714,0 shocks,True,188.0,2233.0,2233.0,1791.7,1770.2,1722.1,2233.0,1722.1
11,560,2714,0 shocks,True,188.0,2233.0,2233.0,1814.6,1791.0,1739.5,2233.0,1739.5
11,580,2714,0 shocks,True,188.0,2257.0,2257.0,1837.4,1831.5,1759.5,2257.0,1759.5
11,600,2714,0 shocks,True,188.0,2245.0,2245.0,1860.1,1856.5,1779.5,2245.0,1779.5
11,620,2714,0 shocks,True,188.0,2282.5,2282.5,1882.8,1883.1,1799.5,2282.5,1799.5
11,640,2714,0 shocks,True,188.0,2282.5,2282.5,1905.4,1919.7,1819.5,2282.5,1819.5
11,660,2714,0 shocks,True,188.0,2308.0,2308.0,1927.9,1960.8,1839.5,2308.0,1839.5
11,680,2714,0 shocks,True,188.0,2314.0,2314.0,1950.3,2017.8,1858.2,2314.0,1858.2
11,700,2714,0 shocks,True,188.0,2320.0,2320.0,1972.7,2045.1,1878.2,2320.0,1878.2
11,720,2714,0 shocks,True,188.0,2320.0,2320.0,1995.0,2071.6,1898.2,2320.0,1898.2
11,740,2714,0 shocks,True,188.0,2341.0,2341.0,2017.2,2091.6,1918.2,2341.0,1918.2
11,760,2714,0 shocks,True,188.0,2383.0,2383.0,2039.4,2111.6,1938.2,2383.0,1938.2
11,780,2714,0 shocks,True,188.0,2362.0,2362.0,2061.5,2131.6,1958.2,2362.0,1958.2
11,800,2714,0 shocks,True,188.0,2362.0,2362.0,2083.6,2151.6,1978.2,2362.0,1978.2
11,820,2714,0 shocks,True,188.0,2383.0,2383.0,2105.6,2171.6,1998.2,2383.0,1998.2
11,840,2714,0 shocks,True,188.0,2404.0,2404.0,2127.6,2191.6,2018.2,2404.0,2018.2
11,860,2714,0 shocks,True,188.0,2413.5,2413.5,2149.6,2211.6,2038.2,2413.5,2038.2
11,880,2714,0 shocks,True,188.0,2404.0,2404.0,2171.5,2231.6,2055.4,2404.0,2055.4
11,900,2714,0 shocks,True,188.0,2413.5,2413.5,2193.3,2251.6,2075.4,2413.5,2075.4
11,920,2714,0 shocks,True,188.0,2413.5,2413.5,2215.1,2271.6,2095.4,2413.5,2095.4
11,940,2714,0 shocks,True,188.0,2423.0,2423.0,2236.9,2291.6,2113.1,2423.0,2113.1
11,960,2714,0 shocks,True,188.0,2423.0,2423.0,2258.7,2311.6,2129.3,2423.0,2129.3
11,980,2714,0 shocks,True,188.0,2423.0,2423.0,2280.4,2331.6,2149.3,2423.0,2149.3
11,1000,2714,0 shocks,True,188.0,2423.0,2423.0,2302.1,2350.2,2169.3,2423.0,2169.3
11,1020,2714,0 shocks,True,188.0,2423.0,2423.0,2323.7,2370.2,2179.9,2423.0,2179.9
11,1040,2714,0 shocks,True,188.0,2423.0,2423.0,2345.4,2388.7,2196.3,2423.0,2196.3
11,1060,2714,0 shocks,True,188.0,2423.0,2423.0,2366.9,2408.7,2213.4,2423.0,2213.4
11,1080,2714,0 shocks,True,188.0,2423.0,2423.0,2388.5,2428.7,2229.2,2423.0,2229.2
11,1100,2714,0 shocks,True,188.0,2424.5,2424.5,2410.1,2448.7,2249.2,2424.5,2249.2
11,1120,2714,0 shocks,True,188.0,2426.0,2426.0,2431.6,2468.7,2269.2,2426.0,2269.2
11,1140,2714,1 shock,True,177.0,2245.0,2245.0,1867.4,1926.4,1955.8,1926.4,1926.4
11,1160,2714,1 shock,True,177.0,2245.0,2245.0,2050.5,1946.3,1975.8,1946.3,1946.3
11,1180,2714,1 shock,True,177.0,2245.0,2245.0,2157.3,2041.9,2016.7,2041.9,2041.9
11,1200,2714,1 shock,True,177.0,2245.0,2245.0,2238.4,2090.0,2036.7,2090.0,2090.0
11,1220,2714,1 shock,True,177.0,2245.0,2245.0,2306.0,2144.4,2076.1,2144.4,2144.4
11,1240,2714,1 shock,True,177.0,2245.0,2245.0,2365.2,2173.9,2096.1,2173.9,2173.9
11,1260,2714,2 shocks,True,170.0,2245.0,3317.7,2010.0,2511.6,2339.0,2511.6,2511.6
11,1280,2714,2 shocks,True,170.0,2257.0,3317.7,2266.8,2532.4,2359.0,2532.4,2532.4
11,1300,2714,2 shocks,True,170.0,2282.5,3317.7,2363.6,2568.2,2379.0,2568.2,2568.2
11,1320,2714,2 shocks,True,170.0,2314.0,3317.7,2411.2,2590.9,2407.9,2590.9,2590.9
11,1340,2714,2 shocks,True,170.0,2314.0,3317.7,2434.5,2618.4,2436.5,2618.4,2618.4
11,1360,2714,2 shocks,True,170.0,2314.0,3317.7,2443.9,2639.3,2452.6,2639.3,2639.3
11,1380,2714,3-4 shocks,True,161.0,2314.0,3308.8,2368.7,2650.9,2465.0,2650.9,2650.9
11,1400,2714,3-4 shocks,True,161.0,2314.0,3308.8,2536.5,2666.9,2485.0,2666.9,2666.9
11,1420,2714,3-4 shocks,True,161.0,2314.0,3308.8,2615.9,2693.9,2505.0,2693.9,2693.9
11,1440,2714,3-4 shocks,True,161.0,2314.0,3308.8,2674.5,2720.1,2532.2,2720.1,2720.1
11,1460,2714,3-4 shocks,True,161.0,2320.0,3308.8,2723.5,2740.1,2557.8,2740.1,2740.1
11,1480,2714,3-4 shocks,True,161.0,2320.0,3308.8,2766.9,2761.7,2572.6,2761.7,2761.7
11,1500,2714,3-4 shocks,True,161.0,2320.0,3308.8,2806.4,2781.7,2592.6,2781.7,2781.7
11,1520,2714,3-4 shocks,True,152.0,2362.0,3335.4,2497.8,2788.7,2607.2,2788.7,2788.7
11,1540,2714,3-4 shocks,True,152.0,2362.0,3335.4,2583.1,2813.9,2627.2,2813.9,2813.9
11,1560,2714,3-4 shocks,True,152.0,2362.0,3335.4,2642.0,2840.1,2653.9,2840.1,2840.1
11,1580,2714,5+ shocks,True,147.0,2363.5,3126.3,2605.3,2715.1,2566.9,2715.1,2715.1
11,1600,2714,5+ shocks,True,147.0,2365.0,3126.3,2639.8,2734.1,2586.9,2734.1,2734.1
11,1620,2714,5+ shocks,True,148.0,2365.0,3138.5,2673.4,2762.2,2613.5,2762.2,2762.2
11,1640,2714,5+ shocks,True,148.0,2365.0,3138.5,2698.3,2784.7,2633.5,2784.7,2784.7
11,1660,2714,5+ shocks,True,133.0,2365.0,2978.9,2608.3,2753.2,2610.9,2753.2,2753.2
11,1680,2714,5+ shocks,True,133.0,2382.5,2978.9,2646.8,2769.8,2630.9,2769.8,2769.8
11,1700,2714,5+ shocks,True,134.0,2382.5,2990.6,2681.2,2794.7,2650.9,2794.7,2794.7
11,1720,2714,5+ shocks,True,128.0,2382.5,2881.7,2495.7,2768.9,2616.0,2768.9,2768.9
11,1740,2714,5+ shocks,True,128.0,2402.0,2881.7,2528.0,2785.6,2636.0,2785.6,2785.6
11,1760,2714,5+ shocks,True,128.0,2402.0,2881.7,2553.7,2810.3,2662.0,2810.3,2810.3
11,1780,2714,5+ shocks,True,128.0,2402.0,2881.7,2577.5,2830.3,2682.0,2830.3,2830.3
11,1800,2714,5+ shocks,True,120.0,2402.0,2795.8,2553.7,2764.3,2629.1,2764.3,2764.3
11,1820,2714,5+ shocks,True,120.0,2404.0,2864.7,2627.1,2775.4,2632.6,2775.4,2775.4
11,1840,2714,5+ shocks,True,120.0,2404.0,2864.7,2654.1,2795.4,2652.6,2795.4,2795.4
11,1860,2714,5+ shocks,True,120.0,2404.0,2864.7,2678.5,2818.1,2676.3,2818.1,2818.1
11,1880,2714,5+ shocks,True,113.0,2404.0,2834.8,2585.1,2835.3,2698.2,2835.3,2835.3
11,1900,2714,5+ shocks,True,113.0,2404.0,2834.8,2615.6,2852.3,2718.2,2852.3,2852.3
11,1920,2714,5+ shocks,True,113.0,2404.0,2834.8,2640.7,2876.9,2743.6,2876.9,2876.9
11,1940,2714,5+ shocks,True,113.0,2404.0,2834.8,2664.1,2896.9,2763.6,2896.9,2896.9
11,1960,2714,5+ shocks,False,104.0,2404.0,2807.4,2615.3,2757.0,2646.9,2757.0,2757.0
11,1980,2714,5+ shocks,False,104.0,2413.0,2807.4,2644.5,2774.5,2666.9,2774.5,2774.5
11,2000,2714,5+ shocks,False,104.0,2413.0,2807.4,2669.1,2798.3,2686.2,2798.3,2798.3
11,2020,2714,5+ shocks,False,95.0,2413.0,2750.4,2563.1,2801.4,2689.4,2801.4,2801.4
11,2040,2714,5+ shocks,False,95.0,2413.0,2750.4,2590.8,2818.9,2709.4,2818.9,2818.9
11,2060,2714,5+ shocks,False,95.0,2422.0,2750.4,2614.6,2842.7,2729.4,2842.7,2842.7
11,2080,2714,5+ shocks,False,95.0,2422.0,2750.4,2637.2,2862.7,2749.4,2862.7,2862.7
11,2100,2714,5+ shocks,False,80.0,2422.0,2677.7,2585.4,2604.7,2546.3,2604.7,2604.7
11,2120,2714,5+ shocks,False,80.0,2422.5,2677.7,2611.9,2621.6,2566.3,2621.6,2621.6
11,2140,2714,5+ shocks,False,80.0,2422.5,2677.7,2635.2,2643.4,2586.3,2643.4,2643.4
11,2160,2714,5+ shocks,False,71.0,2422.5,2645.1,2557.2,2659.3,2590.1,2659.3,2659.3
11,2180,2714,5+ shocks,False,71.0,2422.5,2645.1,2584.4,2677.7,2610.1,2677.7,2677.7
11,2200,2714,5+ shocks,False,71.0,2423.0,2645.1,2607.5,2699.5,2630.1,2699.5,2699.5
11,2220,2714,5+ shocks,False,71.0,2424.5,2645.1,2629.5,2719.5,2650.1,2719.5,2719.5
11,2240,2714,5+ shocks,False,62.0,2426.0,2635.3,2596.8,2694.6,2628.2,2694.6,2694.6
11,2260,2714,5+ shocks,False,62.0,2503.5,2635.3,2622.4,2713.2,2648.2,2713.2,2713.2
11,2280,2714,5+ shocks,False,62.0,2503.5,2635.3,2645.1,2734.8,2668.2,2734.8,2734.8
11,2300,2714,5+ shocks,False,62.0,2503.5,2635.3,2666.8,2754.8,2688.2,2754.8,2754.8
11,2320,2714,5+ shocks,False,62.0,2589.5,2635.3,2688.1,2787.4,2705.9,2787.4,2787.4
11,2340,2714,5+ shocks,False,50.0,2589.5,2616.3,2631.2,2690.1,2644.5,2690.1,2690.1
11,2360,2714,5+ shocks,False,49.0,2589.5,2606.8,2646.8,2657.5,2616.3,2657.5,2657.5
11,2380,2714,5+ shocks,False,50.0,2612.5,2616.3,2676.1,2730.8,2684.5,2730.8,2730.8
11,2400,2714,5+ shocks,False,49.0,2627.0,2606.8,2689.8,2697.5,2656.3,2697.5,2697.5
11,2420,2714,5+ shocks,False,43.0,2760.5,2629.1,2649.1,2619.1,2605.6,2619.1,2619.1
11,2440,2714,5+ shocks,False,43.0,3183.0,2629.1,2671.6,2638.8,2625.6,2638.8,2638.8
11,2460,2714,5+ shocks,False,43.0,3183.0,2629.1,2693.0,2658.8,2645.6,2658.8,2658.8
11,2480,2714,5+ shocks,False,32.0,3183.0,2525.5,2624.3,2617.5,2606.9,2617.5,2617.5
11,2500,2714,5+ shocks,False,32.0,3183.0,2604.0,2640.4,2637.7,2628.7,2637.7,2637.7
11,2520,2714,5+ shocks,False,32.0,3183.0,2604.0,2661.9,2657.5,2648.7,2657.5,2657.5
11,2540,2714,5+ shocks,False,32.0,3183.0,2604.0,2682.7,2677.5,2668.7,2677.5,2677.5
11,2560,2714,5+ shocks,False,21.0,3183.0,2588.6,2617.0,2647.2,2645.6,2647.2,2647.2
11,2580,2714,5+ shocks,False,21.0,3183.0,2588.6,2637.8,2666.9,2665.6,2666.9,2666.9
11,2600,2714,5+ shocks,False,20.0,3366.0,2601.0,2658.1,2686.4,2685.6,2686.4,2686.4
11,2620,2714,5+ shocks,False,21.0,3366.0,2621.0,2678.4,2706.9,2705.6,2706.9,2706.9
11,2640,2714,5+ shocks,False,10.0,3498.5,2670.6,2700.2,2727.5,2728.3,2727.5,2727.5
11,2660,2714,5+ shocks,False,9.0,3498.5,2670.6,2721.1,2747.2,2748.3,2747.2,2747.2
11,2680,2714,5+ shocks,False,9.0,3498.5,2681.0,2741.5,2767.2,2768.3,2767.2,2767.2
11,2700,2714,5+ shocks,False,9.0,3498.5,2701.0,2761.8,2787.2,2788.3,2787.2,2787.2
12,100,2400,0 shocks,True,188.0,2109.0,2109.0,1213.8,1382.3,1687.3,2109.0,1687.3
12,120,2400,0 shocks,True,188.0,2109.0,2109.0,1248.3,1402.3,1707.3,2109.0,1707.3
12,140,2400,0 shocks,True,188.0,2109.0,2109.0,1280.7,1406.5,1727.3,2109.0,1727.3
12,160,2400,0 shocks,True,188.0,2109.0,2109.0,1311.5,1413.0,1747.3,2109.0,1747.3
12,180,2400,0 shocks,True,188.0,2109.0,2109.0,1341.2,1428.4,1764.3,2109.0,1764.3
12,200,2400,0 shocks,True,188.0,2109.0,2109.0,1369.9,1446.4,1773.2,2109.0,1773.2
12,220,2400,0 shocks,True,188.0,2109.0,2109.0,1397.8,1478.9,1788.0,2109.0,1788.0
12,240,2400,0 shocks,True,188.0,2153.0,2153.0,1425.1,1504.6,1808.0,2153.0,1808.0
12,260,2400,0 shocks,True,188.0,2153.0,2153.0,1451.9,1522.8,1828.0,2153.0,1828.0
12,280,2400,0 shocks,True,188.0,2153.0,2153.0,1478.2,1533.4,1848.0,2153.0,1848.0
12,300,2400,0 shocks,True,188.0,2153.0,2153.0,1504.1,1548.8,1862.9,2153.0,1862.9
12,320,2400,0 shocks,True,188.0,2153.0,2153.0,1529.6,1556.9,1869.0,2153.0,1869.0
12,340,2400,0 shocks,True,188.0,2153.0,2153.0,1554.8,1574.2,1868.9,2153.0,1868.9
12,360,2400,0 shocks,True,188.0,2153.0,2153.0,1579.7,1588.9,1840.1,2153.0,1840.1
12,380,2400,0 shocks,True,188.0,2197.0,2197.0,1604.4,1607.6,1831.0,2197.0,1831.0
12,400,2400,0 shocks,True,188.0,2197.0,2197.0,1628.9,1631.1,1837.4,2197.0,1837.4
12,420,2400,0 shocks,True,188.0,2197.0,2197.0,1653.2,1651.1,1831.8,2197.0,1831.8
12,440,2400,0 shocks,True,188.0,2197.0,2197.0,1677.2,1665.8,1837.0,2197.0,1837.0
12,460,2400,0 shocks,True,188.0,2197.0,2197.0,1701.1,1685.8,1848.8,2197.0,1848.8
12,480,2400,0 shocks,True,188.0,2197.0,2197.0,1724.9,1705.8,1856.3,2197.0,1856.3
12,500,2400,0 shocks,True,188.0,2208.0,2208.0,1748.5,1730.9,1860.5,2208.0,1860.5
12,520,2400,0 shocks,True,188.0,2226.0,2226.0,1772.0,1754.2,1872.3,2226.0,1872.3
12,540,2400,0 shocks,True,188.0,2233.0,2233.0,1795.3,1774.2,1892.3,2233.0,1892.3
12,560,2400,0 shocks,True,188.0,2233.0,2233.0,1818.6,1798.9,1912.3,2233.0,1912.3
12,580,2400,0 shocks,True,188.0,2257.0,2257.0,1841.7,1834.6,1932.3,2257.0,1932.3
12,600,2400,0 shocks,True,188.0,2245.0,2245.0,1864.8,1855.8,1952.3,2245.0,1952.3
12,620,2400,0 shocks,True,188.0,2282.5,2282.5,1887.7,1897.9,1972.3,2282.5,1972.3
12,640,2400,0 shocks,True,188.0,2282.5,2282.5,1910.6,1937.3,1986.9,2282.5,1986.9
12,660,2400,0 shocks,True,188.0,2308.0,2308.0,1933.3,1964.7,2006.9,2308.0,2006.9
12,680,2400,0 shocks,True,188.0,2314.0,2314.0,1956.0,2027.8,2026.9,2314.0,2026.9
12,700,2400,0 shocks,True,188.0,2320.0,2320.0,1978.7,2057.2,2046.9,2320.0,2046.9
12,720,2400,0 shocks,True,184.0,2341.0,2341.0,2001.2,2057.2,2066.9,2341.0,2066.9
12,740,2400,1 shock,True,184.0,2208.0,2208.0,1551.5,1661.3,1903.4,1661.3,1661.3
12,760,2400,1 shock,True,184.0,2208.0,2208.0,1669.3,1728.8,1941.4,1728.8,1728.8
12,780,2400,1 shock,True,184.0,2208.0,2208.0,1751.9,1840.3,1998.0,1840.3,1840.3
12,800,2400,1 shock,True,182.0,2208.0,2208.0,1734.5,1921.5,2034.0,1921.5,1921.5
12,820,2400,1 shock,True,182.0,2208.0,2208.0,1788.7,1960.4,2058.3,1960.4,1960.4
12,840,2400,1 shock,True,182.0,2208.0,2208.0,1837.4,1989.5,2078.3,1989.5,1989.5
12,860,2400,1 shock,True,182.0,2219.0,2219.0,1882.0,2010.2,2098.3,2010.2,2010.2
12,880,2400,2 shocks,True,179.0,2219.0,3517.9,2024.2,2052.1,2063.6,2052.1,2052.1
12,900,2400,2 shocks,True,179.0,2219.0,3517.9,2233.2,2081.7,2081.6,2081.7,2081.7
12,920,2400,2 shocks,True,179.0,2219.0,3517.9,2294.0,2109.7,2121.9,2109.7,2109.7
12,940,2400,2 shocks,True,179.0,2219.0,3517.9,2302.7,2152.9,2155.6,2152.9,2152.9
12,960,2400,3-4 shocks,True,170.0,2219.0,2870.1,1971.8,2304.4,2117.7,2304.4,2304.4
12,980,2400,3-4 shocks,True,170.0,2219.0,2870.1,2075.0,2332.1,2137.7,2332.1,2332.1
12,1000,2400,3-4 shocks,True,170.0,2219.0,2870.1,2138.6,2365.2,2177.6,2365.2,2365.2
12,1020,2400,3-4 shocks,True,158.0,2219.0,2717.4,2001.8,2385.2,2215.0,2385.2,2385.2
12,1040,2400,3-4 shocks,True,158.0,2219.0,2558.3,1844.5,2125.1,2027.3,2125.1,2125.1
12,1060,2400,3-4 shocks,True,158.0,2226.0,2558.3,1907.5,2145.0,2041.4,2145.0,2145.0
12,1080,2400,5+ shocks,True,149.0,2226.0,2361.6,1893.0,2045.3,1965.7,2045.3,2045.3
12,1100,2400,5+ shocks,True,149.0,2226.0,2361.6,1923.7,2069.1,1985.7,2069.1,2069.1
12,1120,2400,5+ shocks,True,149.0,2233.0,2361.6,1947.7,2089.0,2006.9,2089.0,2089.0
12,1140,2400,5+ shocks,True,149.0,2245.0,2361.6,1970.2,2115.5,2040.0,2115.5,2115.5
12,1160,2400,5+ shocks,True,143.0,2245.0,2316.1,1959.4,2074.6,2040.1,2074.6,2074.6
12,1180,2400,5+ shocks,True,143.0,2245.0,2316.1,1984.7,2094.4,2060.1,2094.4,2094.4
12,1200,2400,5+ shocks,True,143.0,2245.0,2316.1,2007.6,2122.5,2095.2,2122.5,2122.5
12,1220,2400,5+ shocks,True,135.0,2245.0,2243.7,1914.3,2084.0,2060.7,2084.0,2084.0
12,1240,2400,5+ shocks,True,136.0,2245.0,2252.7,1943.5,2103.9,2078.5,2103.9,2103.9
12,1260,2400,5+ shocks,True,135.0,2245.0,2243.7,1961.2,2129.7,2115.2,2129.7,2129.7
12,1280,2400,5+ shocks,True,132.0,2257.0,2239.7,1941.0,2181.6,2122.3,2181.6,2181.6
12,1300,2400,5+ shocks,True,132.0,2282.5,2239.7,1965.2,2201.4,2142.3,2201.4,2201.4
12,1320,2400,5+ shocks,True,132.0,2314.0,2239.7,1987.5,2229.7,2176.7,2229.7,2229.7
12,1340,2400,5+ shocks,True,120.0,2314.0,2178.5,1939.3,2122.0,2100.9,2122.0,2122.0
12,1360,2400,5+ shocks,True,120.0,2314.0,2178.5,1963.7,2141.9,2120.9,2141.9,2141.9
12,1380,2400,5+ shocks,True,121.0,2314.0,2186.9,1990.7,2167.2,2158.6,2167.2,2167.2
12,1400,2400,5+ shocks,True,113.0,2314.0,2178.3,1968.4,2191.5,2183.4,2191.5,2191.5
12,1420,2400,5+ shocks,True,112.0,2314.0,2170.0,1990.4,2214.7,2198.7,2214.7,2214.7
12,1440,2400,5+ shocks,True,113.0,2314.0,2178.3,2017.9,2234.5,2223.4,2234.5,2234.5
12,1460,2400,5+ shocks,True,107.0,2320.0,2128.3,2010.3,2150.3,2143.7,2150.3,2150.3
12,1480,2400,5+ shocks,True,107.0,2320.0,2181.6,2009.5,2241.1,2221.1,2241.1,2241.1
12,1500,2400,5+ shocks,True,107.0,2320.0,2181.6,2032.3,2261.0,2241.1,2261.0,2261.0
12,1520,2400,5+ shocks,True,107.0,2362.0,2181.6,2054.0,2281.0,2261.1,2281.0,2281.0
12,1540,2400,5+ shocks,False,95.0,2362.0,2151.8,2021.1,2182.0,2164.5,2182.0,2182.0
12,1560,2400,5+ shocks,False,95.0,2362.0,2151.8,2045.2,2202.9,2186.8,2202.9,2202.9
12,1580,2400,5+ shocks,False,95.0,2363.5,2151.8,2067.2,2222.9,2206.8,2222.9,2222.9
12,1600,2400,5+ shocks,False,86.0,2365.0,2124.9,2004.5,2161.7,2135.4,2161.7,2161.7
12,1620,2400,5+ shocks,False,86.0,2365.0,2124.9,2027.5,2181.7,2158.7,2181.7,2181.7
12,1640,2400,5+ shocks,False,86.0,2365.0,2124.9,2049.0,2201.7,2178.7,2201.7,2201.7
12,1660,2400,5+ shocks,False,83.0,2365.0,2168.0,2066.2,2277.9,2223.9,2277.9,2277.9
12,1680,2400,5+ shocks,False,83.0,2384.5,2168.0,2091.6,2300.4,2243.9,2300.4,2300.4
12,1700,2400,5+ shocks,False,83.0,2384.5,2168.0,2113.6,2320.4,2263.9,2320.4,2320.4
12,1720,2400,5+ shocks,False,83.0,2384.5,2168.0,2134.8,2340.4,2283.9,2340.4,2340.4
12,1740,2400,5+ shocks,False,74.0,2413.0,2160.8,2099.9,2217.4,2189.7,2217.4,2217.4
12,1760,2400,5+ shocks,False,74.0,2413.0,2160.8,2122.1,2238.2,2209.7,2238.2,2238.2
12,1780,2400,5+ shocks,False,71.0,2413.0,2136.9,2127.7,2245.2,2222.3,2245.2,2245.2
12,1800,2400,5+ shocks,False,71.0,2413.0,2136.9,2148.6,2265.2,2242.3,2265.2,2265.2
12,1820,2400,5+ shocks,False,71.0,2422.0,2136.9,2169.2,2285.4,2263.8,2285.4,2285.4
12,1840,2400,5+ shocks,False,71.0,2422.0,2136.9,2189.7,2305.4,2283.8,2305.4,2305.4
12,1860,2400,5+ shocks,False,65.0,2422.0,2211.0,2012.4,2197.2,2209.1,2197.2,2197.2
12,1880,2400,5+ shocks,False,65.0,2422.0,2211.0,2033.7,2217.2,2229.1,2217.2,2217.2
12,1900,2400,5+ shocks,False,65.0,2422.0,2211.0,2054.3,2239.6,2249.1,2239.6,2239.6
12,1920,2400,5+ shocks,False,59.0,2422.0,2163.9,2058.6,2166.0,2177.3,2166.0,2166.0
12,1940,2400,5+ shocks,False,59.0,2422.0,2232.5,2219.1,2207.6,2205.0,2207.6,2207.6
12,1960,2400,5+ shocks,False,59.0,2422.0,2232.5,2240.5,2229.5,2225.0,2229.5,2229.5
12,1980,2400,5+ shocks,False,52.0,2422.5,2177.6,2221.9,2224.7,2223.6,2224.7,2224.7
12,2000,2400,5+ shocks,False,52.0,2422.5,2236.7,2230.4,2244.1,2243.8,2244.1,2244.1
12,2020,2400,5+ shocks,False,52.0,2422.5,2236.7,2251.7,2265.0,2263.8,2265.0,2265.0
12,2040,2400,5+ shocks,False,50.0,2422.5,2221.1,2261.3,2284.1,2281.0,2284.1,2284.1
12,2060,2400,5+ shocks,False,50.0,2423.0,2221.1,2281.8,2306.0,2301.0,2306.0,2306.0
12,2080,2400,5+ shocks,False,50.0,2423.0,2221.1,2302.2,2325.8,2321.0,2325.8,2325.8
12,2100,2400,5+ shocks,False,49.0,2423.0,2335.1,2358.3,2380.3,2356.8,2380.3,2380.3
12,2120,2400,5+ shocks,False,47.0,2424.5,2319.0,2367.4,2387.6,2362.5,2387.6,2387.6
12,2140,2400,5+ shocks,False,47.0,2424.5,2319.0,2388.5,2408.6,2382.5,2408.6,2408.6
12,2160,2400,5+ shocks,False,47.0,2424.5,2319.0,2409.2,2428.6,2402.5,2428.6,2428.6
12,2180,2400,5+ shocks,False,38.0,2424.5,2315.3,2338.4,2346.5,2341.3,2346.5,2346.5
12,2200,2400,5+ shocks,False,38.0,2426.0,2315.3,2359.4,2367.1,2361.3,2367.1,2367.1
12,2220,2400,5+ shocks,False,38.0,2503.5,2315.3,2379.9,2387.1,2380.9,2387.1,2387.1
12,2240,2400,5+ shocks,False,26.0,2581.0,2282.8,2310.4,2337.9,2336.1,2337.9,2337.9
12,2260,2400,5+ shocks,False,26.0,2589.5,2282.8,2330.9,2358.3,2356.1,2358.3,2358.3
12,2280,2400,5+ shocks,False,26.0,2589.5,2282.8,2351.1,2378.3,2376.1,2378.3,2378.3
12,2300,2400,5+ shocks,False,16.0,2589.5,2322.6,2348.5,2375.2,2374.6,2375.2,2375.2
12,2320,2400,5+ shocks,False,16.0,2612.5,2322.6,2368.9,2395.5,2394.6,2395.5,2395.5
12,2340,2400,5+ shocks,False,16.0,2612.5,2341.0,2389.1,2415.9,2414.6,2415.9,2415.9
12,2360,2400,5+ shocks,False,11.0,2612.5,2381.3,2408.0,2435.5,2434.4,2435.5,2435.5
12,2380,2400,5+ shocks,False,11.0,2670.5,2381.3,2428.4,2455.8,2454.4,2455.8,2455.8
13,100,2109,0 shocks,True,188.0,2197.0,2197.0,1226.2,1386.8,1647.4,2197.0,1647.4
13,120,2109,0 shocks,True,188.0,2197.0,2197.0,1261.3,1409.2,1667.4,2197.0,1667.4
13,140,2109,0 shocks,True,188.0,2197.0,2197.0,1294.2,1422.7,1687.4,2197.0,1687.4
13,160,2109,0 shocks,True,188.0,2197.0,2197.0,1325.6,1433.6,1707.4,2197.0,1707.4
13,180,2109,0 shocks,True,188.0,2197.0,2197.0,1355.7,1449.3,1721.8,2197.0,1721.8
13,200,2109,0 shocks,True,188.0,2197.0,2197.0,1384.7,1463.0,1741.8,2197.0,1741.8
13,220,2109,0 shocks,True,188.0,2197.0,2197.0,1413.0,1498.4,1761.8,2197.0,1761.8
13,240,2109,0 shocks,True,188.0,2208.0,2208.0,1440.7,1523.2,1781.8,2208.0,1781.8
13,260,2109,0 shocks,True,188.0,2208.0,2208.0,1467.7,1540.9,1801.8,2208.0,1801.8
13,280,2109,0 shocks,True,188.0,2208.0,2208.0,1494.3,1555.7,1816.7,2208.0,1816.7
13,300,2109,0 shocks,True,188.0,2208.0,2208.0,1520.4,1565.9,1830.1,2208.0,1830.1
13,320,2109,0 shocks,True,188.0,2208.0,2208.0,1546.2,1578.0,1832.5,2208.0,1832.5
13,340,2109,0 shocks,True,188.0,2208.0,2208.0,1571.6,1592.8,1819.0,2208.0,1819.0
13,360,2109,0 shocks,True,188.0,2208.0,2208.0,1596.8,1611.3,1813.9,2208.0,1813.9
13,380,2109,0 shocks,True,188.0,2219.0,2219.0,1621.7,1625.2,1818.7,2219.0,1818.7
13,400,2109,0 shocks,True,188.0,2219.0,2219.0,1646.4,1642.1,1822.7,2219.0,1822.7
13,420,2109,0 shocks,True,188.0,2219.0,2219.0,1670.8,1657.4,1830.1,2219.0,1830.1
13,440,2109,0 shocks,True,188.0,2219.0,2219.0,1695.1,1680.8,1829.6,2219.0,1829.6
13,460,2109,0 shocks,True,188.0,2219.0,2219.0,1719.2,1700.8,1831.0,2219.0,1831.0
13,480,2109,0 shocks,True,188.0,2219.0,2219.0,1743.1,1720.8,1830.7,2219.0,1830.7
13,500,2109,0 shocks,True,188.0,2226.0,2226.0,1766.9,1741.5,1832.3,2226.0,1832.3
13,520,2109,0 shocks,True,188.0,2245.0,2245.0,1790.5,1763.1,1843.7,2245.0,1843.7
13,540,2109,0 shocks,True,188.0,2257.0,2257.0,1814.0,1789.9,1863.7,2257.0,1863.7
13,560,2109,0 shocks,True,188.0,2257.0,2257.0,1837.4,1823.3,1883.7,2257.0,1883.7
13,580,2109,0 shocks,True,188.0,2308.0,2308.0,1860.7,1843.7,1903.7,2308.0,1903.7
13,600,2109,0 shocks,True,188.0,2282.5,2282.5,1883.9,1861.0,1923.7,2282.5,1923.7
13,620,2109,0 shocks,True,188.0,2314.0,2314.0,1907.0,1901.6,1943.7,2314.0,1943.7
13,640,2109,0 shocks,True,188.0,2314.0,2314.0,1930.0,1937.7,1963.7,2314.0,1963.7
13,660,2109,0 shocks,True,188.0,2320.0,2320.0,1952.9,1964.5,1983.7,2320.0,1983.7
13,680,2109,0 shocks,True,188.0,2341.0,2341.0,1975.7,2044.0,2003.7,2341.0,2003.7
13,700,2109,0 shocks,True,188.0,2362.0,2362.0,1998.4,2090.1,2023.7,2362.0,2023.7
13,720,2109,0 shocks,True,188.0,2362.0,2362.0,2021.1,2120.1,2043.7,2362.0,2043.7
13,740,2109,0 shocks,True,188.0,2383.0,2383.0,2043.7,2142.0,2063.7,2383.0,2063.7
13,760,2109,0 shocks,True,188.0,2413.0,2413.0,2066.3,2162.0,2083.7,2413.0,2083.7
13,780,2109,0 shocks,True,188.0,2404.0,2404.0,2088.8,2182.0,2103.7,2404.0,2103.7
13,800,2109,0 shocks,True,188.0,2404.0,2404.0,2111.2,2202.0,2123.7,2404.0,2123.7
13,820,2109,0 shocks,True,188.0,2413.5,2413.5,2133.5,2222.0,2143.7,2413.5,2143.7
13,840,2109,0 shocks,True,188.0,2423.0,2423.0,2155.9,2242.0,2163.7,2423.0,2163.7
13,860,2109,0 shocks,True,188.0,2424.5,2424.5,2178.1,2262.0,2183.7,2424.5,2183.7
13,880,2109,0 shocks,True,188.0,2423.0,2423.0,2200.4,2282.0,2201.0,2423.0,2201.0
13,900,2109,0 shocks,True,188.0,2424.5,2424.5,2222.5,2302.0,2221.0,2424.5,2221.0
13,920,2109,0 shocks,True,188.0,2424.5,2424.5,2244.7,2322.0,2241.0,2424.5,2241.0
13,940,2109,0 shocks,True,188.0,2426.0,2426.0,2266.7,2342.0,2261.0,2426.0,2261.0
13,960,2109,0 shocks,True,188.0,2426.0,2426.0,2288.8,2362.0,2281.0,2426.0,2281.0
13,980,2109,0 shocks,True,188.0,2426.0,2426.0,2310.8,2382.0,2298.4,2426.0,2298.4
13,1000,2109,0 shocks,True,188.0,2426.0,2426.0,2332.8,2402.0,2318.4,2426.0,2318.4
13,1020,2109,0 shocks,True,188.0,2426.0,2426.0,2354.7,2420.0,2338.4,2426.0,2338.4
13,1040,2109,0 shocks,True,188.0,2426.0,2426.0,2376.6,2440.0,2358.4,2426.0,2358.4
13,1060,2109,0 shocks,True,188.0,2426.0,2426.0,2398.4,2460.0,2374.9,2426.0,2374.9
13,1080,2109,0 shocks,True,188.0,2426.0,2426.0,2420.3,2480.0,2394.9,2426.0,2394.9
13,1100,2109,0 shocks,True,188.0,2503.5,2503.5,2442.1,2500.0,2412.0,2503.5,2412.0
13,1120,2109,0 shocks,True,188.0,2581.0,2581.0,2463.8,2520.0,2432.0,2581.0,2432.0
13,1140,2109,0 shocks,True,188.0,2581.0,2581.0,2485.6,2540.0,2452.1,2581.0,2452.1
13,1160,2109,0 shocks,True,188.0,2581.0,2581.0,2507.3,2560.0,2468.0,2581.0,2468.0
13,1180,2109,0 shocks,True,188.0,2581.0,2581.0,2529.0,2580.0,2488.0,2581.0,2488.0
13,1200,2109,0 shocks,True,188.0,2581.0,2581.0,2550.6,2600.0,2508.0,2581.0,2508.0
13,1220,2109,0 shocks,True,188.0,2512.0,2512.0,2572.3,2620.0,2528.0,2512.0,2528.0
13,1240,2109,0 shocks,True,188.0,2512.0,2512.0,2593.9,2640.0,2548.0,2512.0,2548.0
13,1260,2109,0 shocks,True,188.0,2598.0,2598.0,2615.5,2660.0,2568.0,2598.0,2568.0
13,1280,2109,0 shocks,True,188.0,2512.0,2512.0,2637.0,2680.0,2588.0,2512.0,2588.0
13,1300,2109,0 shocks,True,188.0,2512.0,2512.0,2658.6,2700.0,2608.0,2512.0,2608.0
13,1320,2109,1 shock,True,173.0,2341.0,2341.0,2067.8,1927.3,2047.7,1927.3,1927.3
13,1340,2109,1 shock,True,173.0,2341.0,2341.0,2224.0,1967.4,2078.9,1967.4,1967.4
13,1360,2109,1 shock,True,173.0,2341.0,2341.0,2322.9,2061.9,2098.9,2061.9,2061.9
13,1380,2109,1 shock,True,173.0,2341.0,2341.0,2399.5,2134.6,2118.9,2134.6,2134.6
13,1400,2109,1 shock,True,173.0,2341.0,2341.0,2463.8,2171.1,2158.4,2171.1,2171.1
13,1420,2109,1 shock,True,173.0,2341.0,2341.0,2520.2,2191.0,2180.0,2191.0,2191.0
13,1440,2109,1 shock,True,173.0,2341.0,2341.0,2571.1,2210.2,2200.0,2210.2,2210.2
13,1460,2109,2 shocks,True,164.0,2362.0,3822.3,2239.5,2354.8,2284.1,2354.8,2354.8
13,1480,2109,2 shocks,True,164.0,2362.0,3822.3,2518.5,2378.5,2304.1,2378.5,2378.5
13,1500,2109,2 shocks,True,164.0,2362.0,3822.3,2627.4,2409.5,2324.1,2409.5,2409.5
13,1520,2109,2 shocks,True,164.0,2365.0,3822.3,2683.3,2450.3,2344.7,2450.3,2450.3
13,1540,2109,3-4 shocks,True,158.0,2365.0,3243.3,2384.2,2516.2,2480.1,2516.2,2516.2
13,1560,2109,3-4 shocks,True,158.0,2365.0,3243.3,2473.6,2536.1,2500.1,2536.1,2536.1
13,1580,2109,3-4 shocks,True,143.0,2382.5,3058.3,2322.6,2552.9,2520.1,2552.9,2552.9
13,1600,2109,3-4 shocks,True,143.0,2400.0,2828.2,2152.1,2290.5,2304.7,2290.5,2290.5
13,1620,2109,5+ shocks,True,128.0,2400.0,2519.4,2142.5,2076.5,2128.2,2076.5,2076.5
13,1640,2109,5+ shocks,True,128.0,2400.0,2519.4,2168.3,2095.6,2148.2,2095.6,2095.6
13,1660,2109,5+ shocks,True,113.0,2400.0,2378.8,2143.9,2028.1,2087.2,2028.1,2028.1
13,1680,2109,5+ shocks,True,113.0,2402.0,2378.8,2171.7,2048.1,2107.2,2048.1,2048.1
13,1700,2109,5+ shocks,False,101.0,2402.0,2274.1,2082.5,2007.4,2066.3,2007.4,2007.4
13,1720,2109,5+ shocks,False,86.0,2402.0,2140.7,1972.3,1982.3,2040.7,1982.3,1982.3
13,1740,2109,5+ shocks,False,87.0,2413.0,2147.1,1998.6,2003.3,2062.0,2003.3,2003.3
13,1760,2109,5+ shocks,False,80.0,2413.0,2102.2,1998.6,1970.9,1997.2,1970.9,1970.9
13,1780,2109,5+ shocks,False,80.0,2413.0,2145.6,2075.9,1990.9,2028.8,1990.9,1990.9
13,1800,2109,5+ shocks,False,71.0,2413.0,2088.6,1996.7,1980.9,2018.1,1980.9,1980.9
13,1820,2109,5+ shocks,False,71.0,2422.0,2088.6,2018.5,2003.8,2038.2,2003.8,2003.8
13,1840,2109,5+ shocks,False,71.0,2422.0,2088.6,2039.5,2030.8,2058.2,2030.8,2030.8
13,1860,2109,5+ shocks,False,55.0,2422.0,2070.0,2062.2,2023.8,2049.3,2023.8,2023.8
13,1880,2109,5+ shocks,False,55.0,2422.0,2070.0,2085.0,2044.0,2069.3,2044.0,2044.0
13,1900,2109,5+ shocks,False,55.0,2422.0,2070.0,2106.3,2070.4,2089.3,2070.4,2070.4
13,1920,2109,5+ shocks,False,46.0,2422.0,2079.5,2077.6,2058.1,2080.5,2058.1,2058.1
13,1940,2109,5+ shocks,False,46.0,2422.0,2079.5,2100.1,2078.1,2100.5,2078.1,2078.1
13,1960,2109,5+ shocks,False,30.0,2422.0,1981.4,2038.9,2049.6,2057.6,2049.6,2049.6
13,1980,2109,5+ shocks,False,30.0,2422.5,2024.3,2050.4,2068.0,2077.0,2068.0,2068.0
13,2000,2109,5+ shocks,False,21.0,2422.5,2019.4,2031.3,2064.4,2067.5,2064.4,2064.4
13,2020,2109,5+ shocks,False,20.0,2422.5,2021.0,2051.8,2084.1,2087.5,2084.1,2084.1
13,2040,2109,5+ shocks,False,21.0,2422.5,2041.0,2072.0,2105.0,2107.5,2105.0,2105.0
13,2060,2109,5+ shocks,False,13.0,2423.0,2075.5,2095.8,2124.1,2127.5,2124.1,2124.1
13,2080,2109,5+ shocks,False,13.0,2423.0,2081.0,2116.2,2144.4,2147.5,2144.4,2144.4
14,100,1961,0 shocks,True,188.0,2197.0,2197.0,1224.0,1418.4,1611.1,2197.0,1611.1
14,120,1961,0 shocks,True,188.0,2197.0,2197.0,1258.5,1436.7,1631.1,2197.0,1631.1
14,140,1961,0 shocks,True,188.0,2197.0,2197.0,1291.0,1449.2,1651.1,2197.0,1651.1
14,160,1961,0 shocks,True,188.0,2197.0,2197.0,1321.8,1460.3,1671.1,2197.0,1671.1
14,180,1961,0 shocks,True,188.0,2197.0,2197.0,1351.5,1478.0,1684.7,2197.0,1684.7
14,200,1961,0 shocks,True,188.0,2197.0,2197.0,1380.2,1493.5,1704.7,2197.0,1704.7
14,220,1961,0 shocks,True,188.0,2197.0,2197.0,1408.2,1516.7,1716.2,2197.0,1716.2
14,240,1961,0 shocks,True,188.0,2208.0,2208.0,1435.5,1537.9,1733.2,2208.0,1733.2
14,260,1961,0 shocks,True,188.0,2208.0,2208.0,1462.2,1549.6,1753.2,2208.0,1753.2
14,280,1961,0 shocks,True,188.0,2208.0,2208.0,1488.5,1563.4,1768.4,2208.0,1768.4
14,300,1961,0 shocks,True,188.0,2208.0,2208.0,1514.4,1580.4,1788.4,2208.0,1788.4
14,320,1961,0 shocks,True,188.0,2208.0,2208.0,1539.9,1595.0,1794.2,2208.0,1794.2
14,340,1961,0 shocks,True,188.0,2208.0,2208.0,1565.2,1609.6,1796.0,2208.0,1796.0
14,360,1961,0 shocks,True,188.0,2208.0,2208.0,1590.1,1623.3,1779.6,2208.0,1779.6
14,380,1961,0 shocks,True,188.0,2219.0,2219.0,1614.8,1634.6,1774.8,2219.0,1774.8
14,400,1961,0 shocks,True,188.0,2219.0,2219.0,1639.3,1649.1,1769.3,2219.0,1769.3
14,420,1961,0 shocks,True,188.0,2219.0,2219.0,1663.5,1669.1,1778.4,2219.0,1778.4
14,440,1961,0 shocks,True,188.0,2219.0,2219.0,1687.6,1690.5,1782.5,2219.0,1782.5
14,460,1961,0 shocks,True,188.0,2219.0,2219.0,1711.5,1707.7,1786.7,2219.0,1786.7
14,480,1961,0 shocks,True,188.0,2219.0,2219.0,1735.3,1727.7,1789.2,2219.0,1789.2
14,500,1961,0 shocks,True,188.0,2226.0,2226.0,1758.9,1747.7,1790.6,2226.0,1790.6
14,520,1961,0 shocks,True,188.0,2245.0,2245.0,1782.4,1764.9,1800.3,2245.0,1800.3
14,540,1961,0 shocks,True,188.0,2257.0,2257.0,1805.7,1794.3,1811.5,2257.0,1811.5
14,560,1961,0 shocks,True,188.0,2257.0,2257.0,1829.0,1818.1,1831.5,2257.0,1831.5
14,580,1961,0 shocks,True,188.0,2308.0,2308.0,1852.1,1851.4,1851.5,2308.0,1851.5
14,600,1961,0 shocks,True,188.0,2282.5,2282.5,1875.1,1879.5,1871.5,2282.5,1871.5
14,620,1961,0 shocks,True,188.0,2314.0,2314.0,1898.1,1909.3,1891.5,2314.0,1891.5
14,640,1961,0 shocks,True,188.0,2314.0,2314.0,1921.0,1951.0,1906.6,2314.0,1906.6
14,660,1961,0 shocks,True,188.0,2320.0,2320.0,1943.7,1990.3,1926.6,2320.0,1926.6
14,680,1961,0 shocks,True,188.0,2341.0,2341.0,1966.4,2050.7,1946.6,2341.0,1946.6
14,700,1961,0 shocks,True,173.0,2362.0,2362.0,1989.1,2009.6,1966.6,2362.0,1966.6
14,720,1961,1 shock,True,173.0,2219.0,2219.0,1187.7,1181.9,1362.0,1181.9,1181.9
14,740,1961,1 shock,True,173.0,2226.0,2226.0,1264.3,1230.0,1391.7,1230.0,1230.0
14,760,1961,1 shock,True,173.0,2226.0,2226.0,1320.0,1309.8,1414.4,1309.8,1309.8
14,780,1961,1 shock,True,173.0,2226.0,2226.0,1366.3,1363.9,1435.1,1363.9,1363.9
14,800,1961,1 shock,True,173.0,2226.0,2226.0,1407.2,1418.2,1468.7,1418.2,1418.2
14,820,1961,1 shock,True,173.0,2226.0,2226.0,1444.6,1448.1,1488.7,1448.1,1448.1
14,840,1961,2 shocks,True,170.0,2226.0,2923.2,1745.0,2183.7,2024.6,2183.7,2183.7
14,860,1961,2 shocks,True,170.0,2233.0,2923.2,1871.4,2227.0,2044.6,2227.0,2227.0
14,880,1961,2 shocks,True,170.0,2233.0,2923.2,1906.6,2258.7,2061.1,2258.7,2258.7
14,900,1961,2 shocks,True,170.0,2233.0,2923.2,1907.9,2294.6,2084.3,2294.6,2294.6
14,920,1961,2 shocks,True,170.0,2233.0,2923.2,1893.6,2338.9,2117.5,2338.9,2338.9
14,940,1961,2 shocks,True,170.0,2233.0,2923.2,1871.7,2375.7,2138.9,2375.7,2375.7
14,960,1961,2 shocks,True,164.0,2233.0,2839.9,1733.4,2395.7,2158.9,2395.7,2395.7
14,980,1961,3-4 shocks,True,164.0,2233.0,3046.4,2257.8,2397.8,2188.2,2397.8,2397.8
14,1000,1961,3-4 shocks,True,164.0,2233.0,3046.4,2356.0,2435.2,2208.2,2435.2,2435.2
14,1020,1961,3-4 shocks,True,164.0,2233.0,3046.4,2424.8,2462.7,2229.1,2462.7,2462.7
14,1040,1961,3-4 shocks,True,164.0,2233.0,3046.4,2480.6,2487.3,2243.6,2487.3,2487.3
14,1060,1961,3-4 shocks,True,164.0,2245.0,3046.4,2529.1,2507.8,2263.0,2507.8,2507.8
14,1080,1961,3-4 shocks,True,164.0,2245.0,3046.4,2572.9,2527.8,2283.0,2527.8,2527.8
14,1100,1961,3-4 shocks,True,155.0,2245.0,3061.5,2127.3,2520.6,2289.9,2520.6,2520.6
14,1120,1961,3-4 shocks,True,155.0,2257.0,3061.5,2259.8,2542.9,2307.8,2542.9,2542.9
14,1140,1961,3-4 shocks,True,155.0,2282.5,3061.5,2334.2,2590.4,2325.5,2590.4,2590.4
14,1160,1961,5+ shocks,True,152.0,2282.5,2785.3,2191.2,2390.3,2177.5,2390.3,2390.3
14,1180,1961,5+ shocks,True,152.0,2282.5,2785.3,2221.4,2423.2,2197.5,2423.2,2423.2
14,1200,1961,5+ shocks,True,152.0,2282.5,2785.3,2247.0,2442.1,2214.4,2442.1,2442.1
14,1220,1961,5+ shocks,True,146.0,2282.5,2646.5,2182.5,2371.8,2196.3,2371.8,2371.8
14,1240,1961,5+ shocks,True,146.0,2282.5,2646.5,2214.7,2401.9,2216.3,2401.9,2401.9
14,1260,1961,5+ shocks,True,132.0,2282.5,2395.7,1959.7,2119.4,2001.3,2119.4,2119.4
14,1280,1961,5+ shocks,True,132.0,2308.0,2395.7,1988.1,2147.0,2021.3,2147.0,2147.0
14,1300,1961,5+ shocks,True,131.0,2314.0,2385.6,2007.4,2166.2,2041.3,2166.2,2166.2
14,1320,1961,5+ shocks,True,131.0,2341.0,2385.6,2030.2,2189.7,2061.3,2189.7,2189.7
14,1340,1961,5+ shocks,True,116.0,2341.0,2233.4,1976.0,2096.1,2001.9,2096.1,2096.1
14,1360,1961,5+ shocks,True,116.0,2341.0,2323.9,2132.7,2165.2,2044.3,2165.2,2165.2
14,1380,1961,5+ shocks,True,113.0,2341.0,2293.4,2139.9,2182.6,2064.3,2182.6,2182.6
14,1400,1961,5+ shocks,True,113.0,2341.0,2259.6,1961.0,2118.6,2058.8,2118.6,2118.6
14,1420,1961,5+ shocks,True,113.0,2341.0,2259.6,1985.1,2138.4,2078.8,2138.4,2138.4
14,1440,1961,5+ shocks,False,104.0,2341.0,2207.3,1994.1,2067.8,1997.0,2067.8,2067.8
14,1460,1961,5+ shocks,False,104.0,2362.0,2207.3,2025.1,2087.8,2017.0,2087.8,2087.8
14,1480,1961,5+ shocks,False,104.0,2362.0,2207.3,2049.1,2107.8,2037.0,2107.8,2107.8
14,1500,1961,5+ shocks,False,101.0,2362.0,2180.1,2055.7,2109.8,2054.7,2109.8,2109.8
14,1520,1961,5+ shocks,False,101.0,2365.0,2222.2,2060.8,2142.8,2077.0,2142.8,2142.8
14,1540,1961,5+ shocks,False,87.0,2365.0,2106.2,1927.3,2054.8,2001.7,2054.8,2054.8
14,1560,1961,5+ shocks,False,86.0,2365.0,2097.7,1949.1,2074.8,2021.7,2074.8,2074.8
14,1580,1961,5+ shocks,False,72.0,2382.5,1979.9,1905.7,1945.2,1906.8,1945.2,1945.2
14,1600,1961,5+ shocks,False,72.0,2400.0,2009.9,1928.5,1962.8,1926.8,1962.8,1962.8
14,1620,1961,5+ shocks,False,71.0,2400.0,2001.7,1946.1,1984.2,1946.8,1984.2,1984.2
14,1640,1961,5+ shocks,False,71.0,2400.0,2001.7,1967.7,2004.2,1966.8,2004.2,2004.2
14,1660,1961,5+ shocks,False,71.0,2400.0,2001.7,1988.8,2035.3,1992.3,2035.3,2035.3
14,1680,1961,5+ shocks,False,55.0,2402.0,1964.2,1969.2,1970.6,1938.6,1970.6,1970.6
14,1700,1961,5+ shocks,False,55.0,2402.0,1964.2,1992.4,1990.6,1958.6,1990.6,1990.6
14,1720,1961,5+ shocks,False,55.0,2402.0,1964.2,2014.0,2011.8,1978.6,2011.8,2011.8
14,1740,1961,5+ shocks,False,40.0,2413.0,1895.7,1908.2,1892.3,1886.0,1892.3,1892.3
14,1760,1961,5+ shocks,False,40.0,2413.0,1895.7,1929.8,1912.4,1906.0,1912.4,1912.4
14,1780,1961,5+ shocks,False,35.0,2413.0,1855.0,1917.8,1919.3,1914.0,1919.3,1919.3
14,1800,1961,5+ shocks,False,35.0,2413.0,1910.1,1933.6,1941.9,1934.0,1941.9,1941.9
14,1820,1961,5+ shocks,False,32.0,2422.0,1886.1,1934.5,1941.4,1933.6,1941.4,1941.4
14,1840,1961,5+ shocks,False,32.0,2422.0,1918.8,1938.4,1956.8,1952.1,1956.8,1956.8
14,1860,1961,5+ shocks,False,32.0,2422.0,1918.8,1959.2,1976.8,1972.1,1976.8,1976.8
14,1880,1961,5+ shocks,False,30.0,2422.0,1903.3,1967.3,1986.3,1984.6,1986.3,1986.3
14,1900,1961,5+ shocks,False,30.0,2422.0,1903.3,1987.6,2009.5,2006.4,2009.5,2009.5
14,1920,1961,5+ shocks,False,22.0,2422.0,1942.5,1974.0,2010.2,2007.4,2010.2,2010.2
14,1940,1961,5+ shocks,False,22.0,2422.0,1942.5,1994.6,2030.2,2027.4,2030.2,2030.2
15,100,4029,0 shocks,True,190.0,2109.0,2109.0,1175.0,757.0,2171.5,2109.0,2171.5
15,120,4029,0 shocks,True,190.0,2109.0,2109.0,1210.9,777.0,2191.5,2109.0,2191.5
15,140,4029,0 shocks,True,190.0,2109.0,2109.0,1244.6,790.4,2211.5,2109.0,2211.5
15,160,4029,0 shocks,True,190.0,2109.0,2109.0,1276.6,804.8,2231.5,2109.0,2231.5
15,180,4029,0 shocks,True,190.0,2109.0,2109.0,1307.3,823.9,2251.5,2109.0,2251.5
15,200,4029,0 shocks,True,190.0,2109.0,2109.0,1336.9,844.9,2271.5,2109.0,2271.5
15,220,4029,0 shocks,True,190.0,2109.0,2109.0,1365.7,877.0,2291.5,2109.0,2291.5
15,240,4029,0 shocks,True,190.0,2153.0,2153.0,1393.8,981.2,2311.5,2153.0,2311.5
15,260,4029,0 shocks,True,190.0,2153.0,2153.0,1421.3,1006.4,2331.5,2153.0,2331.5
15,280,4029,0 shocks,True,190.0,2153.0,2153.0,1448.3,1026.4,2349.8,2153.0,2349.8
15,300,4029,0 shocks,True,190.0,2153.0,2153.0,1474.8,1044.8,2369.8,2153.0,2369.8
15,320,4029,0 shocks,True,190.0,2153.0,2153.0,1500.9,1068.6,2387.4,2153.0,2387.4
15,340,4029,0 shocks,True,190.0,2153.0,2153.0,1526.7,1090.5,2390.9,2153.0,2390.9
15,360,4029,0 shocks,True,190.0,2153.0,2153.0,1552.2,1112.3,2400.3,2153.0,2400.3
15,380,4029,0 shocks,True,190.0,2197.0,2197.0,1577.5,1137.9,2410.8,2197.0,2410.8
15,400,4029,0 shocks,True,190.0,2197.0,2197.0,1602.4,1158.7,2411.4,2197.0,2411.4
15,420,4029,0 shocks,True,190.0,2197.0,2197.0,1627.2,1186.8,2405.9,2197.0,2405.9
15,440,4029,0 shocks,True,190.0,2197.0,2197.0,1651.7,1205.7,2415.0,2197.0,2415.0
15,460,4029,0 shocks,True,190.0,2197.0,2197.0,1676.1,1228.0,2408.9,2197.0,2408.9
15,480,4029,0 shocks,True,190.0,2197.0,2197.0,1700.3,1248.0,2389.7,2197.0,2389.7
15,500,4029,0 shocks,True,190.0,2208.0,2208.0,1724.3,1279.3,2397.6,2208.0,2397.6
15,520,4029,0 shocks,True,190.0,2226.0,2226.0,1748.2,1349.5,2412.5,2226.0,2412.5
15,540,4029,0 shocks,True,190.0,2233.0,2233.0,1772.0,1379.6,2424.7,2233.0,2424.7
15,560,4029,0 shocks,True,190.0,2233.0,2233.0,1795.6,1424.5,2439.7,2233.0,2439.7
15,580,4029,0 shocks,True,190.0,2257.0,2257.0,1819.1,1485.9,2452.6,2257.0,2452.6
15,600,4029,0 shocks,True,183.0,2257.0,2257.0,1842.5,1827.5,2456.5,2257.0,2456.5
15,620,4029,1 shock,True,183.0,2153.0,2153.0,1275.2,1324.5,2006.9,1324.5,1324.5
15,640,4029,1 shock,True,183.0,2197.0,2197.0,1361.7,1398.0,2044.6,1398.0,1398.0
15,660,4029,1 shock,True,183.0,2197.0,2197.0,1419.8,1474.2,2106.4,1474.2,1474.2
15,680,4029,1 shock,True,183.0,2197.0,2197.0,1465.0,1555.6,2164.4,1555.6,1555.6
15,700,4029,1 shock,True,183.0,2197.0,2197.0,1502.7,1590.7,2244.6,1590.7,1590.7
15,720,4029,1 shock,True,182.0,2197.0,2197.0,1502.0,1619.7,2272.0,1619.7,1619.7
15,740,4029,1 shock,True,182.0,2208.0,2208.0,1531.0,1644.4,2292.0,1644.4,1644.4
15,760,4029,1 shock,True,182.0,2208.0,2208.0,1557.5,1667.3,2302.9,1667.3,1667.3
15,780,4029,1 shock,True,182.0,2208.0,2208.0,1582.2,1687.3,2318.5,1687.3,1687.3
15,800,4029,2 shocks,True,179.0,2208.0,4298.2,1683.4,1640.2,2163.6,1640.2,1640.2
15,820,4029,2 shocks,True,179.0,2208.0,4298.2,1988.2,1670.7,2177.5,1670.7,1670.7
15,840,4029,2 shocks,True,179.0,2208.0,4298.2,2046.3,1690.7,2188.9,1690.7,1690.7
15,860,4029,2 shocks,True,179.0,2219.0,4298.2,2043.6,1729.2,2216.6,1729.2,1729.2
15,880,4029,2 shocks,True,177.0,2219.0,4254.4,1972.7,1753.5,2264.4,1753.5,1753.5
15,900,4029,2 shocks,True,177.0,2219.0,4254.4,1936.9,1774.8,2337.3,1774.8,1774.8
15,920,4029,2 shocks,True,177.0,2219.0,4254.4,1897.3,1794.8,2359.2,1794.8,1794.8
15,940,4029,2 shocks,True,177.0,2219.0,4254.4,1857.4,1814.8,2374.0,1814.8,1814.8
15,960,4029,3-4 shocks,True,176.0,2219.0,3962.9,2563.2,1811.5,2260.2,1811.5,1811.5
15,980,4029,3-4 shocks,True,176.0,2219.0,3962.9,2681.8,1831.5,2267.8,1831.5,1831.5
15,1000,4029,3-4 shocks,True,176.0,2219.0,3962.9,2758.0,1870.0,2292.1,1870.0,1870.0
15,1020,4029,3-4 shocks,True,176.0,2219.0,3962.9,2818.0,1890.5,2320.1,1890.5,1890.5
15,1040,4029,3-4 shocks,True,171.0,2219.0,3443.1,2153.7,1892.7,2270.0,1892.7,1892.7
15,1060,4029,3-4 shocks,True,171.0,2226.0,3443.1,2252.8,1913.6,2286.4,1913.6,1913.6
15,1080,4029,3-4 shocks,True,171.0,2226.0,3443.1,2315.1,1949.0,2325.3,1949.0,1949.0
15,1100,4029,3-4 shocks,True,171.0,2226.0,3443.1,2364.5,1970.4,2366.2,1970.4,1970.4
15,1120,4029,3-4 shocks,True,164.0,2233.0,3331.9,2290.0,1998.1,2444.0,1998.1,1998.1
15,1140,4029,5+ shocks,True,164.0,2245.0,3203.4,2513.5,1998.4,2367.8,1998.4,1998.4
15,1160,4029,5+ shocks,True,164.0,2245.0,3203.4,2538.9,2018.4,2387.8,2018.4,2018.4
15,1180,4029,5+ shocks,True,164.0,2245.0,3203.4,2562.2,2052.3,2423.4,2052.3,2052.3
15,1200,4029,5+ shocks,True,158.0,2245.0,3117.1,2539.5,2075.7,2467.6,2075.7,2075.7
15,1220,4029,5+ shocks,True,158.0,2245.0,3064.6,2451.4,2077.4,2432.7,2077.4,2077.4
15,1240,4029,5+ shocks,True,158.0,2245.0,3064.6,2477.2,2097.4,2451.7,2097.4,2097.4
15,1260,4029,5+ shocks,True,158.0,2245.0,3064.6,2500.4,2131.1,2490.5,2131.1,2131.1
15,1280,4029,5+ shocks,True,158.0,2257.0,3064.6,2522.8,2154.7,2546.6,2154.7,2154.7
15,1300,4029,5+ shocks,True,156.0,2282.5,3037.8,2530.5,2180.0,2619.0,2180.0,2180.0
15,1320,4029,5+ shocks,True,156.0,2314.0,3037.8,2552.0,2200.0,2645.3,2200.0,2200.0
15,1340,4029,5+ shocks,True,156.0,2314.0,3037.8,2573.2,2218.6,2665.3,2218.6,2218.6
15,1360,4029,5+ shocks,True,156.0,2314.0,3037.8,2594.3,2238.6,2685.3,2238.6,2238.6
15,1380,4029,5+ shocks,True,156.0,2314.0,3037.8,2615.2,2258.6,2705.3,2258.6,2258.6
15,1400,4029,5+ shocks,True,155.0,2314.0,3361.0,2950.8,2260.2,2611.7,2260.2,2260.2
15,1420,4029,5+ shocks,True,155.0,2314.0,3361.0,2978.6,2280.2,2631.7,2280.2,2280.2
15,1440,4029,5+ shocks,True,155.0,2314.0,3361.0,3002.9,2318.9,2670.5,2318.9,2318.9
15,1460,4029,5+ shocks,True,155.0,2320.0,3361.0,3026.0,2339.1,2706.4,2339.1,2339.1
15,1480,4029,5+ shocks,True,147.0,2320.0,3233.6,2658.6,2337.8,2661.6,2337.8,2337.8
15,1500,4029,5+ shocks,True,147.0,2320.0,3233.6,2685.7,2357.8,2681.6,2357.8,2357.8
15,1520,4029,5+ shocks,True,147.0,2362.0,3233.6,2709.3,2391.5,2719.9,2391.5,2391.5
15,1540,4029,5+ shocks,True,147.0,2362.0,3233.6,2731.7,2412.9,2755.5,2412.9,2412.9
15,1560,4029,5+ shocks,True,146.0,2362.0,3219.8,2746.3,2438.6,2837.6,2438.6,2438.6
15,1580,4029,5+ shocks,True,146.0,2363.5,3219.8,2767.7,2458.6,2879.1,2458.6,2458.6
15,1600,4029,5+ shocks,True,146.0,2365.0,3219.8,2789.0,2478.6,2899.1,2478.6,2478.6
15,1620,4029,5+ shocks,True,146.0,2365.0,3219.8,2810.1,2498.6,2919.1,2498.6,2498.6
15,1640,4029,5+ shocks,True,146.0,2365.0,3219.8,2831.0,2521.4,2939.1,2521.4,2521.4
15,1660,4029,5+ shocks,True,140.0,2365.0,3410.9,3071.7,2528.7,2847.7,2528.7,2528.7
15,1680,4029,5+ shocks,True,140.0,2382.5,3410.9,3100.2,2548.7,2867.7,2548.7,2548.7
15,1700,4029,5+ shocks,True,140.0,2382.5,3410.9,3124.5,2587.6,2906.1,2587.6,2587.6
15,1720,4029,5+ shocks,True,140.0,2382.5,3410.9,3147.5,2607.9,2941.8,2607.9,2607.9
15,1740,4029,5+ shocks,True,135.0,2402.0,3340.0,2821.9,2611.8,2927.7,2611.8,2611.8
15,1760,4029,5+ shocks,True,135.0,2402.0,3340.0,2847.8,2633.2,2947.7,2633.2,2633.2
15,1780,4029,5+ shocks,True,135.0,2402.0,3340.0,2870.9,2668.8,2986.1,2668.8,2668.8
15,1800,4029,5+ shocks,True,135.0,2402.0,3340.0,2893.1,2691.8,3021.8,2691.8,2691.8
15,1820,4029,5+ shocks,True,131.0,2404.0,3319.3,2859.8,2696.4,3007.7,2696.4,2696.4
15,1840,4029,5+ shocks,True,131.0,2404.0,3319.3,2887.1,2716.4,3027.7,2716.4,2716.4
15,1860,4029,5+ shocks,True,131.0,2404.0,3319.3,2910.6,2750.4,3066.1,2750.4,2750.4
15,1880,4029,5+ shocks,True,131.0,2404.0,3319.3,2932.9,2771.8,3101.8,2771.8,2771.8
15,1900,4029,5+ shocks,True,131.0,2404.0,3319.3,2954.6,2796.0,3177.6,2796.0,2796.0
15,1920,4029,5+ shocks,True,125.0,2404.0,3305.4,2926.2,2810.1,2941.1,2810.1,2810.1
15,1940,4029,5+ shocks,True,125.0,2404.0,3305.4,2951.7,2830.1,2961.1,2830.1,2830.1
15,1960,4029,5+ shocks,True,125.0,2404.0,3305.4,2974.6,2852.5,2996.9,2852.5,2852.5
15,1980,4029,5+ shocks,True,125.0,2413.0,3305.4,2996.7,2873.9,3016.9,2873.9,2873.9
15,2000,4029,5+ shocks,True,125.0,2413.0,3305.4,3018.2,2898.1,3076.6,2898.1,2898.1
15,2020,4029,5+ shocks,True,116.0,2413.0,3269.7,2958.4,2904.9,3020.2,2904.9,2904.9
15,2040,4029,5+ shocks,True,116.0,2413.0,3269.7,2983.5,2924.9,3040.2,2924.9,2924.9
15,2060,4029,5+ shocks,True,116.0,2422.0,3269.7,3006.3,2947.3,3075.7,2947.3,2947.3
15,2080,4029,5+ shocks,True,116.0,2422.0,3269.7,3028.1,2967.5,3095.7,2967.5,2967.5
15,2100,4029,5+ shocks,True,116.0,2422.0,3269.7,3049.6,2991.7,3162.1,2991.7,2991.7
15,2120,4029,5+ shocks,True,110.0,2422.5,3272.8,2996.7,3011.8,3120.2,3011.8,3011.8
15,2140,4029,5+ shocks,True,110.0,2422.5,3272.8,3020.9,3031.8,3140.2,3031.8,3031.8
15,2160,4029,5+ shocks,True,110.0,2422.5,3272.8,3043.3,3054.2,3175.7,3054.2,3054.2
15,2180,4029,5+ shocks,True,110.0,2422.5,3272.8,3065.0,3074.3,3195.7,3074.3,3074.3
15,2200,4029,5+ shocks,True,105.0,2423.0,3208.5,3047.9,3066.3,3188.7,3066.3,3066.3
15,2220,4029,5+ shocks,True,105.0,2424.5,3291.1,3048.6,3064.3,3181.1,3064.3,3064.3
15,2240,4029,5+ shocks,True,105.0,2426.0,3291.1,3072.1,3084.3,3201.1,3084.3,3084.3
15,2260,4029,5+ shocks,True,105.0,2503.5,3291.1,3094.2,3107.4,3227.4,3107.4,3107.4
15,2280,4029,5+ shocks,True,105.0,2503.5,3291.1,3115.7,3131.7,3263.0,3131.7,3131.7
15,2300,4029,5+ shocks,False,104.0,2503.5,3278.4,3129.2,3152.6,3300.6,3152.6,3152.6
15,2320,4029,5+ shocks,False,104.0,2589.5,3278.4,3150.1,3172.6,3320.6,3172.6,3172.6
15,2340,4029,5+ shocks,False,104.0,2589.5,3278.4,3170.9,3192.6,3340.6,3192.6,3192.6
15,2360,4029,5+ shocks,False,104.0,2589.5,3278.4,3191.6,3210.6,3360.6,3210.6,3210.6
15,2380,4029,5+ shocks,False,104.0,2612.5,3278.4,3212.3,3230.6,3380.6,3230.6,3230.6
15,2400,4029,5+ shocks,False,95.0,2627.0,3388.9,3305.4,3248.5,3342.4,3248.5,3248.5
15,2420,4029,5+ shocks,False,95.0,2670.5,3388.9,3330.0,3268.5,3362.4,3268.5,3268.5
15,2440,4029,5+ shocks,False,95.0,2894.0,3388.9,3352.5,3296.5,3388.5,3296.5,3296.5
15,2460,4029,5+ shocks,False,95.0,2894.0,3388.9,3374.3,3316.7,3408.5,3316.7,3316.7
15,2480,4029,5+ shocks,False,90.0,2894.0,3322.8,3348.0,3270.7,3343.5,3270.7,3270.7
15,2500,4029,5+ shocks,False,90.0,2894.0,3405.9,3229.1,3244.4,3313.0,3244.4,3244.4
15,2520,4029,5+ shocks,False,90.0,2894.0,3405.9,3252.1,3264.4,3333.0,3264.4,3264.4
15,2540,4029,5+ shocks,False,90.0,2894.0,3405.9,3274.0,3287.4,3358.3,3287.4,3287.4
15,2560,4029,5+ shocks,False,90.0,2894.0,3405.9,3295.3,3311.2,3391.5,3311.2,3311.2
15,2580,4029,5+ shocks,False,86.0,2894.0,3430.2,3255.2,3323.2,3393.0,3323.2,3323.2
15,2600,4029,5+ shocks,False,86.0,3183.0,3430.2,3279.2,3343.2,3413.0,3343.2,3343.2
15,2620,4029,5+ shocks,False,86.0,3183.0,3430.2,3301.3,3366.3,3428.5,3366.3,3366.3
15,2640,4029,5+ shocks,False,86.0,3274.5,3430.2,3322.7,3386.5,3448.5,3386.5,3386.5
15,2660,4029,5+ shocks,False,86.0,3274.5,3430.2,3343.8,3406.3,3486.4,3406.3,3406.3
15,2680,4029,5+ shocks,False,82.0,3274.5,3469.8,3333.3,3412.1,3485.4,3412.1,3412.1
15,2700,4029,5+ shocks,False,82.0,3274.5,3469.8,3356.9,3432.1,3505.4,3432.1,3432.1
15,2720,4029,5+ shocks,False,82.0,3366.0,3469.8,3378.8,3452.1,3525.4,3452.1,3452.1
15,2740,4029,5+ shocks,False,82.0,3366.0,3469.8,3400.1,3472.3,3545.4,3472.3,3472.3
15,2760,4029,5+ shocks,False,77.0,3366.0,3475.6,3337.6,3317.5,3405.4,3317.5,3317.5
15,2780,4029,5+ shocks,False,77.0,3366.0,3475.6,3360.9,3337.5,3425.4,3337.5,3337.5
15,2800,4029,5+ shocks,False,77.0,3366.0,3475.6,3382.6,3357.5,3445.4,3357.5,3357.5
15,2820,4029,5+ shocks,False,77.0,3366.0,3475.6,3403.8,3378.4,3465.4,3378.4,3378.4
15,2840,4029,5+ shocks,False,71.0,3366.0,3471.9,3363.1,3398.1,3484.2,3398.1,3398.1
15,2860,4029,5+ shocks,False,71.0,3366.0,3471.9,3386.3,3418.1,3504.2,3418.1,3418.1
15,2880,4029,5+ shocks,False,71.0,3366.0,3471.9,3407.9,3438.1,3524.2,3438.1,3438.1
15,2900,4029,5+ shocks,False,71.0,3498.5,3471.9,3428.9,3459.0,3544.2,3459.0,3459.0
15,2920,4029,5+ shocks,False,68.0,3498.5,3434.8,3425.6,3495.9,3575.0,3495.9,3495.9
15,2940,4029,5+ shocks,False,68.0,3498.5,3520.5,3450.5,3498.7,3585.1,3498.7,3498.7
15,2960,4029,5+ shocks,False,68.0,3498.5,3520.5,3472.7,3517.3,3605.1,3517.3,3517.3
15,2980,4029,5+ shocks,False,68.0,3498.5,3520.5,3493.9,3537.3,3625.1,3537.3,3537.3
15,3000,4029,5+ shocks,False,68.0,3498.5,3520.5,3514.9,3574.8,3655.5,3574.8,3574.8
15,3020,4029,5+ shocks,False,63.0,3498.5,3459.1,3493.8,3559.3,3649.3,3559.3,3559.3
15,3040,4029,5+ shocks,False,63.0,3498.5,3554.3,3515.3,3579.1,3670.9,3579.1,3579.1
15,3060,4029,5+ shocks,False,63.0,3498.5,3554.3,3537.2,3599.1,3690.9,3599.1,3599.1
15,3080,4029,5+ shocks,False,63.0,3498.5,3554.3,3558.3,3619.1,3710.9,3619.1,3619.1
15,3100,4029,5+ shocks,False,63.0,3498.5,3554.3,3579.2,3654.9,3741.1,3654.9,3654.9
15,3120,4029,5+ shocks,False,56.0,3498.5,3565.9,3530.1,3589.4,3631.4,3589.4,3589.4
15,3140,4029,5+ shocks,False,56.0,3498.5,3565.9,3554.3,3609.4,3651.4,3609.4,3609.4
15,3160,4029,5+ shocks,False,56.0,3498.5,3565.9,3575.9,3629.4,3671.4,3629.4,3629.4
15,3180,4029,5+ shocks,False,56.0,3498.5,3565.9,3596.9,3649.4,3691.4,3649.4,3649.4
15,3200,4029,5+ shocks,False,56.0,3631.0,3565.9,3617.6,3683.1,3719.7,3683.1,3683.1
15,3220,4029,5+ shocks,False,54.0,3631.0,3541.6,3620.3,3702.4,3728.1,3702.4,3702.4
15,3240,4029,5+ shocks,False,54.0,3631.0,3541.6,3640.8,3722.4,3748.1,3722.4,3722.4
15,3260,4029,5+ shocks,False,54.0,3631.0,3541.6,3661.2,3742.4,3768.1,3742.4,3742.4
15,3280,4029,5+ shocks,False,54.0,3631.0,3541.6,3681.5,3762.4,3788.1,3762.4,3762.4
15,3300,4029,5+ shocks,False,54.0,3631.0,3541.6,3701.8,3782.4,3808.1,3782.4,3782.4
15,3320,4029,5+ shocks,False,50.0,3631.0,3694.5,3749.1,3778.0,3810.1,3778.0,3778.0
15,3340,4029,5+ shocks,False,50.0,3631.0,3694.5,3771.5,3798.0,3830.1,3798.0,3798.0
15,3360,4029,5+ shocks,False,50.0,3631.0,3694.5,3792.7,3818.0,3850.1,3818.0,3818.0
15,3380,4029,5+ shocks,False,50.0,3663.0,3694.5,3813.6,3838.2,3870.1,3838.2,3838.2
15,3400,4029,5+ shocks,False,50.0,3663.0,3694.5,3834.3,3871.8,3900.9,3871.8,3871.8
15,3420,4029,5+ shocks,False,44.0,3663.0,3719.0,3732.1,3702.4,3702.6,3702.4,3702.4
15,3440,4029,5+ shocks,False,44.0,3663.0,3719.0,3753.9,3722.4,3722.6,3722.4,3722.4
15,3460,4029,5+ shocks,False,44.0,3663.0,3719.0,3774.8,3742.4,3742.6,3742.4,3742.4
15,3480,4029,5+ shocks,False,44.0,3663.0,3719.0,3795.4,3762.5,3762.6,3762.5,3762.5
15,3500,4029,5+ shocks,False,38.0,3663.0,3725.8,3738.5,3739.4,3742.8,3739.4,3739.4
15,3520,4029,5+ shocks,False,38.0,3663.0,3725.8,3760.2,3759.4,3762.8,3759.4,3759.4
15,3540,4029,5+ shocks,False,38.0,3663.0,3725.8,3781.0,3779.4,3782.8,3779.4,3779.4
15,3560,4029,5+ shocks,False,38.0,3663.0,3725.8,3801.5,3799.8,3802.8,3799.8,3799.8
15,3580,4029,5+ shocks,False,38.0,3663.0,3725.8,3821.9,3827.4,3828.2,3827.4,3827.4
15,3600,4029,5+ shocks,False,35.0,3663.0,3783.7,3814.4,3829.9,3826.4,3829.9,3829.9
15,3620,4029,5+ shocks,False,35.0,3663.0,3783.7,3835.6,3849.9,3846.4,3849.9,3849.9
15,3640,4029,5+ shocks,False,35.0,3695.0,3783.7,3856.3,3869.9,3866.4,3869.9,3869.9
15,3660,4029,5+ shocks,False,35.0,3695.0,3783.7,3876.7,3890.0,3886.4,3890.0,3890.0
15,3680,4029,5+ shocks,False,26.0,3695.0,3754.3,3787.1,3828.6,3827.4,3828.6,3828.6
15,3700,4029,5+ shocks,False,26.0,4440.0,3754.3,3807.7,3848.6,3847.4,3848.6,3848.6
15,3720,4029,5+ shocks,False,26.0,4464.0,3754.3,3828.1,3868.6,3867.4,3868.6,3868.6
15,3740,4029,5+ shocks,False,26.0,4488.0,3754.3,3848.3,3888.6,3887.4,3888.6,3888.6
15,3760,4029,5+ shocks,False,23.0,4512.0,3761.0,3836.7,3880.4,3879.0,3880.4,3880.4
15,3780,4029,5+ shocks,False,23.0,4536.0,3813.5,3857.2,3896.0,3896.4,3896.0,3896.0
15,3800,4029,5+ shocks,False,23.0,4560.0,3813.5,3877.5,3916.0,3916.4,3916.0,3916.0
15,3820,4029,5+ shocks,False,23.0,4584.0,3821.0,3897.7,3936.0,3936.4,3936.0,3936.0
15,3840,4029,5+ shocks,False,23.0,4608.0,3841.0,3917.9,3959.6,3958.3,3959.6,3959.6
15,3860,4029,5+ shocks,False,18.0,4632.0,3861.0,3938.0,3980.1,3979.8,3980.1,3980.1
15,3880,4029,5+ shocks,False,19.0,4656.0,3913.3,3958.9,4003.8,3999.3,4003.8,4003.8
15,3900,4029,5+ shocks,False,19.0,4680.0,3913.3,3979.2,4023.8,4019.3,4023.8,4023.8
15,3920,4029,5+ shocks,False,18.0,4704.0,3921.0,3999.4,4043.8,4039.3,4043.8,4043.8
15,3940,4029,5+ shocks,False,17.0,4728.0,3941.0,4019.6,4067.4,4061.2,4067.4,4067.4
15,3960,4029,5+ shocks,False,14.0,4752.0,3996.9,4035.2,4075.7,4075.8,4075.7,4075.7
15,3980,4029,5+ shocks,False,14.0,4776.0,3996.9,4055.6,4095.7,4095.8,4095.7,4095.7
15,4000,4029,5+ shocks,False,14.0,4800.0,4001.0,4075.8,4115.7,4115.8,4115.7,4115.7
16,100,1316,0 shocks,True,188.0,2197.0,2197.0,1249.3,1428.8,1517.6,2197.0,1517.6
16,120,1316,0 shocks,True,188.0,2197.0,2197.0,1282.9,1448.8,1537.6,2197.0,1537.6
16,140,1316,0 shocks,True,188.0,2197.0,2197.0,1314.6,1455.0,1557.6,2197.0,1557.6
16,160,1316,0 shocks,True,188.0,2197.0,2197.0,1344.7,1468.8,1577.6,2197.0,1577.6
16,180,1316,0 shocks,True,188.0,2197.0,2197.0,1373.8,1492.9,1590.9,2197.0,1590.9
16,200,1316,0 shocks,True,188.0,2197.0,2197.0,1402.0,1515.6,1603.8,2197.0,1603.8
16,220,1316,0 shocks,True,188.0,2197.0,2197.0,1429.4,1542.6,1623.8,2197.0,1623.8
16,240,1316,0 shocks,True,188.0,2208.0,2208.0,1456.2,1575.8,1643.8,2208.0,1643.8
16,260,1316,0 shocks,True,188.0,2208.0,2208.0,1482.5,1594.2,1663.8,2208.0,1663.8
16,280,1316,0 shocks,True,188.0,2208.0,2208.0,1508.4,1604.1,1683.8,2208.0,1683.8
16,300,1316,0 shocks,True,188.0,2208.0,2208.0,1533.9,1624.1,1699.9,2208.0,1699.9
16,320,1316,0 shocks,True,188.0,2208.0,2208.0,1559.1,1641.4,1704.4,2208.0,1704.4
16,340,1316,0 shocks,True,188.0,2208.0,2208.0,1583.9,1658.7,1705.8,2208.0,1705.8
16,360,1316,0 shocks,True,188.0,2208.0,2208.0,1608.6,1674.0,1680.6,2208.0,1680.6
16,380,1316,0 shocks,True,188.0,2219.0,2219.0,1632.9,1679.6,1675.5,2219.0,1675.5
16,400,1316,0 shocks,True,188.0,2219.0,2219.0,1657.1,1699.1,1672.8,2219.0,1672.8
16,420,1316,0 shocks,True,188.0,2219.0,2219.0,1681.1,1717.0,1672.6,2219.0,1672.6
16,440,1316,0 shocks,True,188.0,2219.0,2219.0,1704.9,1733.0,1665.6,2219.0,1665.6
16,460,1316,0 shocks,True,188.0,2219.0,2219.0,1728.5,1755.4,1671.9,2219.0,1671.9
16,480,1316,0 shocks,True,188.0,2219.0,2219.0,1752.0,1775.4,1671.0,2219.0,1671.0
16,500,1316,0 shocks,True,182.0,2219.0,2219.0,1775.4,1685.5,1667.2,2219.0,1667.2
16,520,1316,1 shock,True,182.0,2208.0,2208.0,1086.5,1290.1,1592.7,1290.1,1290.1
16,540,1316,1 shock,True,182.0,2208.0,2208.0,1174.2,1324.1,1607.4,1324.1,1324.1
16,560,1316,2 shocks,True,167.0,2208.0,1475.9,966.3,1008.3,1079.2,1008.3,1008.3
16,580,1316,2 shocks,True,167.0,2208.0,1475.9,1090.5,1040.7,1099.2,1040.7,1040.7
16,600,1316,2 shocks,True,167.0,2208.0,1475.9,1111.9,1069.5,1119.2,1069.5,1069.5
16,620,1316,3-4 shocks,True,158.0,2208.0,1467.2,1171.8,1123.5,1164.9,1123.5,1123.5
16,640,1316,3-4 shocks,True,158.0,2219.0,1467.2,1242.1,1157.4,1184.9,1157.4,1157.4
16,660,1316,3-4 shocks,True,158.0,2219.0,1467.2,1287.8,1190.7,1204.9,1190.7,1190.7
16,680,1316,3-4 shocks,True,149.0,2219.0,1470.1,1174.8,1337.0,1251.6,1337.0,1337.0
16,700,1316,3-4 shocks,True,149.0,2219.0,1470.1,1231.3,1368.3,1271.6,1368.3,1368.3
16,720,1316,5+ shocks,True,140.0,2219.0,1393.0,1148.5,1190.8,1130.2,1190.8,1190.8
16,740,1316,5+ shocks,True,140.0,2226.0,1393.0,1172.7,1210.7,1150.2,1210.7,1210.7
16,760,1316,5+ shocks,True,125.0,2226.0,1344.6,1157.8,1085.4,1085.1,1085.4,1085.4
16,780,1316,5+ shocks,True,125.0,2226.0,1344.6,1183.3,1105.4,1105.1,1105.4,1105.4
16,800,1316,5+ shocks,True,125.0,2226.0,1344.6,1205.9,1131.6,1127.9,1131.6,1131.6
16,820,1316,5+ shocks,True,113.0,2226.0,1334.9,1198.2,1146.6,1142.7,1146.6,1146.6
16,840,1316,5+ shocks,True,113.0,2226.0,1334.9,1221.9,1168.5,1164.0,1168.5,1168.5
16,860,1316,5+ shocks,True,107.0,2233.0,1347.5,1207.3,1195.2,1190.9,1195.2,1195.2
16,880,1316,5+ shocks,True,107.0,2233.0,1347.5,1232.8,1215.2,1210.9,1215.2,1215.2
16,900,1316,5+ shocks,True,107.0,2233.0,1347.5,1255.2,1240.1,1234.7,1240.1,1240.1
16,920,1316,5+ shocks,False,95.0,2233.0,1335.6,1239.7,1218.1,1207.4,1218.1,1218.1
16,940,1316,5+ shocks,False,95.0,2233.0,1335.6,1263.2,1240.2,1228.5,1240.2,1240.2
16,960,1316,5+ shocks,False,83.0,2233.0,1311.7,1227.1,1226.5,1211.1,1226.5,1226.5
16,980,1316,5+ shocks,False,83.0,2233.0,1311.7,1251.3,1247.2,1231.1,1247.2,1247.2
16,1000,1316,5+ shocks,False,68.0,2233.0,1227.6,1221.4,1212.3,1200.1,1212.3,1212.3
16,1020,1316,5+ shocks,False,68.0,2233.0,1271.2,1236.4,1229.8,1218.6,1229.8,1229.8
16,1040,1316,5+ shocks,False,68.0,2233.0,1271.2,1258.1,1251.8,1240.4,1251.8,1251.8
16,1060,1316,5+ shocks,False,62.0,2245.0,1289.3,1258.8,1261.4,1247.3,1261.4,1261.4
16,1080,1316,5+ shocks,False,62.0,2245.0,1289.3,1281.4,1281.4,1267.3,1281.4,1281.4
16,1100,1316,5+ shocks,False,53.0,2245.0,1277.4,1254.4,1270.3,1258.1,1270.3,1270.3
16,1120,1316,5+ shocks,False,53.0,2257.0,1277.4,1276.5,1290.2,1278.1,1290.2,1290.2
16,1140,1316,5+ shocks,False,53.0,2282.5,1277.4,1297.6,1312.5,1298.8,1312.5,1312.5
16,1160,1316,5+ shocks,False,38.0,2282.5,1248.7,1265.3,1271.6,1263.8,1271.6,1271.6
16,1180,1316,5+ shocks,False,38.0,2282.5,1248.7,1286.3,1292.2,1284.2,1292.2,1292.2
16,1200,1316,5+ shocks,False,32.0,2282.5,1254.7,1272.0,1290.6,1286.5,1290.6,1290.6
16,1220,1316,5+ shocks,False,32.0,2282.5,1254.7,1292.7,1311.0,1306.8,1311.0,1311.0
16,1240,1316,5+ shocks,False,26.0,2282.5,1264.7,1284.6,1316.1,1315.5,1316.1,1316.1
16,1260,1316,5+ shocks,False,26.0,2282.5,1264.7,1305.1,1336.4,1335.8,1336.4,1336.4
16,1280,1316,5+ shocks,False,16.0,2308.0,1281.0,1312.1,1344.4,1345.0,1344.4,1344.4
16,1300,1316,5+ shocks,False,16.0,2314.0,1304.4,1333.5,1363.7,1364.3,1363.7,1363.7
17,100,2054,0 shocks,True,190.0,2197.0,2197.0,1224.2,748.2,1630.1,2197.0,1630.1
17,120,2054,0 shocks,True,190.0,2197.0,2197.0,1258.6,767.3,1650.1,2197.0,1650.1
17,140,2054,0 shocks,True,190.0,2197.0,2197.0,1290.9,785.6,1670.1,2197.0,1670.1
17,160,2054,0 shocks,True,190.0,2197.0,2197.0,1321.7,804.1,1690.1,2197.0,1690.1
17,180,2054,0 shocks,True,190.0,2197.0,2197.0,1351.3,823.0,1703.7,2197.0,1703.7
17,200,2054,0 shocks,True,190.0,2197.0,2197.0,1380.0,844.6,1723.7,2197.0,1723.7
17,220,2054,0 shocks,True,190.0,2197.0,2197.0,1407.8,892.0,1743.7,2197.0,1743.7
17,240,2054,0 shocks,True,190.0,2208.0,2208.0,1435.1,976.6,1763.7,2208.0,1763.7
17,260,2054,0 shocks,True,190.0,2208.0,2208.0,1461.8,1003.9,1783.7,2208.0,1783.7
17,280,2054,0 shocks,True,190.0,2208.0,2208.0,1488.0,1023.9,1802.6,2208.0,1802.6
17,300,2054,0 shocks,True,190.0,2208.0,2208.0,1513.9,1043.9,1822.6,2208.0,1822.6
17,320,2054,0 shocks,True,190.0,2208.0,2208.0,1539.3,1067.6,1835.2,2208.0,1835.2
17,340,2054,0 shocks,True,190.0,2208.0,2208.0,1564.5,1087.6,1839.4,2208.0,1839.4
17,360,2054,0 shocks,True,190.0,2208.0,2208.0,1589.4,1111.7,1846.3,2208.0,1846.3
17,380,2054,0 shocks,True,190.0,2219.0,2219.0,1614.1,1131.7,1860.4,2219.0,1860.4
17,400,2054,0 shocks,True,190.0,2219.0,2219.0,1638.5,1151.7,1878.0,2219.0,1878.0
17,420,2054,0 shocks,True,190.0,2219.0,2219.0,1662.7,1174.1,1901.6,2219.0,1901.6
17,440,2054,0 shocks,True,190.0,2219.0,2219.0,1686.8,1194.1,1921.4,2219.0,1921.4
17,460,2054,0 shocks,True,190.0,2219.0,2219.0,1710.6,1215.8,1941.2,2219.0,1941.2
17,480,2054,0 shocks,True,190.0,2219.0,2219.0,1734.4,1235.8,1961.2,2219.0,1961.2
17,500,2054,0 shocks,True,190.0,2226.0,2226.0,1758.0,1271.4,1980.8,2226.0,1980.8
17,520,2054,0 shocks,True,190.0,2245.0,2245.0,1781.4,1328.0,2000.8,2245.0,2000.8
17,540,2054,0 shocks,True,190.0,2257.0,2257.0,1804.7,1371.6,2020.8,2257.0,2020.8
17,560,2054,0 shocks,True,190.0,2257.0,2257.0,1828.0,1398.0,2037.1,2257.0,2037.1
17,580,2054,0 shocks,True,190.0,2308.0,2308.0,1851.1,1440.5,2057.1,2308.0,2057.1
17,600,2054,0 shocks,True,190.0,2282.5,2282.5,1874.1,1480.2,2073.7,2282.5,2073.7
17,620,2054,0 shocks,True,190.0,2314.0,2314.0,1897.0,1534.7,2093.7,2314.0,2093.7
17,640,2054,0 shocks,True,190.0,2314.0,2314.0,1919.8,1673.5,2113.7,2314.0,2113.7
17,660,2054,0 shocks,True,190.0,2320.0,2320.0,1942.6,1719.6,2133.7,2320.0,2133.7
17,680,2054,0 shocks,True,190.0,2341.0,2341.0,1965.3,1818.9,2153.7,2341.0,2153.7
17,700,2054,0 shocks,True,190.0,2362.0,2362.0,1987.9,1859.2,2173.7,2362.0,2173.7
17,720,2054,0 shocks,True,190.0,2362.0,2362.0,2010.4,1889.5,2191.0,2362.0,2191.0
17,740,2054,0 shocks,True,190.0,2383.0,2383.0,2032.9,1909.5,2211.0,2383.0,2211.0
17,760,2054,0 shocks,True,190.0,2413.0,2413.0,2055.3,1929.5,2231.0,2413.0,2231.0
17,780,2054,0 shocks,True,190.0,2404.0,2404.0,2077.6,1949.5,2251.0,2404.0,2251.0
17,800,2054,0 shocks,True,190.0,2404.0,2404.0,2099.9,1969.5,2271.0,2404.0,2271.0
17,820,2054,1 shock,True,172.0,2226.0,2226.0,1288.9,1285.7,1598.2,1285.7,1285.7
17,840,2054,1 shock,True,172.0,2226.0,2226.0,1385.1,1331.6,1618.2,1331.6,1331.6
17,860,2054,1 shock,True,172.0,2233.0,2233.0,1448.7,1435.2,1649.4,1435.2,1435.2
17,880,2054,1 shock,True,172.0,2233.0,2233.0,1499.8,1487.3,1672.9,1487.3,1487.3
17,900,2054,1 shock,True,172.0,2233.0,2233.0,1544.1,1524.2,1698.2,1524.2,1524.2
17,920,2054,1 shock,True,172.0,2233.0,2233.0,1584.1,1544.2,1725.2,1544.2,1544.2
17,940,2054,1 shock,True,172.0,2233.0,2233.0,1621.0,1565.8,1745.2,1565.8,1565.8
17,960,2054,1 shock,True,172.0,2233.0,2233.0,1655.6,1587.7,1765.2,1587.7,1587.7
17,980,2054,2 shocks,True,164.0,2233.0,3579.0,1863.2,1906.5,1972.1,1906.5,1906.5
17,1000,2054,2 shocks,True,164.0,2233.0,3579.0,2039.4,1936.7,1995.5,1936.7,1936.7
17,1020,2054,2 shocks,True,164.0,2233.0,3579.0,2100.6,1991.0,2032.4,1991.0,1991.0
17,1040,2054,2 shocks,True,164.0,2233.0,3579.0,2120.6,2027.1,2059.3,2027.1,2027.1
17,1060,2054,2 shocks,True,164.0,2245.0,3579.0,2120.4,2047.1,2076.1,2047.1,2047.1
17,1080,2054,2 shocks,True,164.0,2245.0,3579.0,2109.5,2067.1,2105.1,2067.1,2067.1
17,1100,2054,2 shocks,True,164.0,2245.0,3579.0,2092.8,2087.1,2125.1,2087.1,2087.1
17,1120,2054,2 shocks,True,164.0,2257.0,3579.0,2073.1,2107.1,2145.1,2107.1,2107.1
17,1140,2054,3-4 shocks,True,152.0,2282.5,3474.7,2311.3,2078.5,2155.9,2078.5,2078.5
17,1160,2054,3-4 shocks,True,152.0,2282.5,3474.7,2411.8,2107.0,2175.9,2107.0,2107.0
17,1180,2054,3-4 shocks,True,152.0,2282.5,3474.7,2477.9,2158.9,2203.9,2158.9,2158.9
17,1200,2054,3-4 shocks,True,152.0,2282.5,3474.7,2530.8,2184.4,2223.9,2184.4,2184.4
17,1220,2054,3-4 shocks,True,130.0,2282.5,3086.0,2135.6,2201.5,2237.9,2201.5,2201.5
17,1240,2054,3-4 shocks,True,130.0,2282.5,2912.8,1876.9,2002.9,2168.1,2002.9,2002.9
17,1260,2054,3-4 shocks,True,130.0,2282.5,2912.8,1931.6,2033.2,2191.5,2033.2,2033.2
17,1280,2054,3-4 shocks,True,130.0,2308.0,2912.8,1973.4,2083.1,2223.0,2083.1,2083.1
17,1300,2054,3-4 shocks,True,116.0,2314.0,2699.1,1829.2,2072.3,2199.6,2072.3,2072.3
17,1320,2054,5+ shocks,True,116.0,2341.0,2617.3,2323.5,1997.3,2162.7,1997.3,1997.3
17,1340,2054,5+ shocks,True,116.0,2341.0,2617.3,2351.5,2023.8,2182.7,2023.8,2023.8
17,1360,2054,5+ shocks,True,116.0,2341.0,2617.3,2376.4,2069.0,2213.6,2069.0,2069.0
17,1380,2054,5+ shocks,True,116.0,2341.0,2617.3,2400.1,2095.6,2230.9,2095.6,2095.6
17,1400,2054,5+ shocks,True,112.0,2341.0,2588.7,2354.0,2213.6,2311.9,2213.6,2213.6
17,1420,2054,5+ shocks,True,112.0,2341.0,2588.7,2385.7,2233.6,2331.9,2233.6,2233.6
17,1440,2054,5+ shocks,True,112.0,2341.0,2588.7,2411.7,2278.4,2359.7,2278.4,2278.4
17,1460,2054,5+ shocks,True,112.0,2362.0,2588.7,2435.8,2306.4,2383.8,2306.4,2306.4
17,1480,2054,5+ shocks,True,112.0,2362.0,2588.7,2458.9,2328.9,2400.8,2328.9,2328.9
17,1500,2054,5+ shocks,False,97.0,2362.0,2464.3,2325.3,2189.1,2272.5,2189.1,2189.1
17,1520,2054,5+ shocks,False,97.0,2365.0,2464.3,2354.1,2209.1,2292.5,2209.1,2209.1
17,1540,2054,5+ shocks,False,97.0,2365.0,2464.3,2378.9,2250.1,2312.5,2250.1,2250.1
17,1560,2054,5+ shocks,False,97.0,2365.0,2464.3,2402.2,2278.0,2334.5,2278.0,2278.0
17,1580,2054,5+ shocks,False,92.0,2382.5,2449.8,2303.9,2201.9,2311.2,2201.9,2201.9
17,1600,2054,5+ shocks,False,92.0,2400.0,2449.8,2332.7,2221.9,2331.2,2221.9,2221.9
17,1620,2054,5+ shocks,False,92.0,2400.0,2449.8,2357.3,2265.1,2351.2,2265.1,2265.1
17,1640,2054,5+ shocks,False,92.0,2400.0,2449.8,2380.4,2291.2,2371.2,2291.2,2291.2
17,1660,2054,5+ shocks,False,88.0,2400.0,2465.7,2336.4,2307.3,2347.3,2307.3,2307.3
17,1680,2054,5+ shocks,False,88.0,2402.0,2465.7,2368.4,2331.2,2367.3,2331.2,2331.2
17,1700,2054,5+ shocks,False,88.0,2402.0,2465.7,2393.4,2362.5,2387.3,2362.5,2362.5
17,1720,2054,5+ shocks,False,88.0,2402.0,2465.7,2416.6,2391.1,2407.3,2391.1,2391.1
17,1740,2054,5+ shocks,False,67.0,2413.0,2280.1,2224.0,2190.5,2257.2,2190.5,2190.5
17,1760,2054,5+ shocks,False,67.0,2413.0,2280.1,2251.5,2210.5,2277.2,2210.5,2210.5
17,1780,2054,5+ shocks,False,67.0,2413.0,2280.1,2274.9,2240.9,2297.2,2240.9,2240.9
17,1800,2054,5+ shocks,False,67.0,2413.0,2280.1,2297.1,2260.9,2317.2,2260.9,2260.9
17,1820,2054,5+ shocks,False,52.0,2422.0,2183.2,2177.3,2182.2,2233.4,2182.2,2182.2
17,1840,2054,5+ shocks,False,52.0,2422.0,2183.2,2203.6,2205.0,2253.4,2205.0,2205.0
17,1860,2054,5+ shocks,False,52.0,2422.0,2183.2,2226.3,2227.0,2273.4,2227.0,2227.0
17,1880,2054,5+ shocks,False,52.0,2422.0,2183.2,2248.0,2249.4,2293.4,2249.4,2249.4
17,1900,2054,5+ shocks,False,52.0,2422.0,2183.2,2269.2,2279.4,2312.1,2279.4,2279.4
17,1920,2054,5+ shocks,False,31.0,2422.0,2040.3,2087.2,2082.4,2086.9,2082.4,2082.4
17,1940,2054,5+ shocks,False,31.0,2422.0,2040.3,2109.2,2102.4,2106.9,2102.4,2102.4
17,1960,2054,5+ shocks,False,30.0,2422.0,2029.2,2118.9,2122.4,2126.9,2122.4,2122.4
17,1980,2054,5+ shocks,False,16.0,2422.5,1981.0,2059.1,2092.7,2096.0,2092.7,2092.7
17,2000,2054,5+ shocks,False,16.0,2422.5,2031.0,2072.1,2110.1,2114.1,2110.1,2110.1
17,2020,2054,5+ shocks,False,16.0,2422.5,2031.0,2092.8,2130.1,2134.1,2130.1,2130.1
17,2040,2054,5+ shocks,False,16.0,2422.5,2041.0,2113.2,2150.1,2154.1,2150.1,2150.1
18,100,2320,0 shocks,True,190.0,2109.0,2109.0,1221.2,747.9,1670.2,2109.0,1670.2
18,120,2320,0 shocks,True,190.0,2109.0,2109.0,1255.3,767.9,1690.2,2109.0,1690.2
18,140,2320,0 shocks,True,190.0,2109.0,2109.0,1287.4,786.8,1710.2,2109.0,1710.2
18,160,2320,0 shocks,True,190.0,2109.0,2109.0,1318.0,800.7,1730.2,2109.0,1730.2
18,180,2320,0 shocks,True,190.0,2109.0,2109.0,1347.4,820.7,1738.9,2109.0,1738.9
18,200,2320,0 shocks,True,190.0,2109.0,2109.0,1375.8,840.7,1754.7,2109.0,1754.7
18,220,2320,0 shocks,True,190.0,2109.0,2109.0,1403.5,874.1,1774.7,2109.0,1774.7
18,240,2320,0 shocks,True,190.0,2153.0,2153.0,1430.6,981.7,1794.7,2153.0,1794.7
18,260,2320,0 shocks,True,190.0,2153.0,2153.0,1457.2,1011.9,1814.7,2153.0,1814.7
18,280,2320,0 shocks,True,190.0,2153.0,2153.0,1483.3,1031.9,1834.7,2153.0,1834.7
18,300,2320,0 shocks,True,190.0,2153.0,2153.0,1509.0,1050.4,1854.7,2153.0,1854.7
18,320,2320,0 shocks,True,190.0,2153.0,2153.0,1534.4,1069.2,1868.9,2153.0,1868.9
18,340,2320,0 shocks,True,190.0,2153.0,2153.0,1559.4,1089.1,1882.1,2153.0,1882.1
18,360,2320,0 shocks,True,190.0,2153.0,2153.0,1584.2,1109.1,1860.0,2153.0,1860.0
18,380,2320,0 shocks,True,190.0,2197.0,2197.0,1608.8,1132.8,1868.6,2197.0,1868.6
18,400,2320,0 shocks,True,190.0,2197.0,2197.0,1633.1,1154.5,1882.5,2197.0,1882.5
18,420,2320,0 shocks,True,190.0,2197.0,2197.0,1657.2,1177.9,1896.2,2197.0,1896.2
18,440,2320,0 shocks,True,190.0,2197.0,2197.0,1681.2,1197.9,1907.7,2197.0,1907.7
18,460,2320,0 shocks,True,190.0,2197.0,2197.0,1705.0,1220.0,1924.1,2197.0,1924.1
18,480,2320,0 shocks,True,190.0,2197.0,2197.0,1728.6,1240.0,1933.4,2197.0,1933.4
18,500,2320,0 shocks,True,190.0,2208.0,2208.0,1752.1,1265.7,1940.0,2208.0,1940.0
18,520,2320,0 shocks,True,190.0,2226.0,2226.0,1775.5,1341.8,1958.3,2226.0,1958.3
18,540,2320,0 shocks,True,190.0,2233.0,2233.0,1798.7,1382.2,1976.7,2233.0,1976.7
18,560,2320,0 shocks,True,190.0,2233.0,2233.0,1821.9,1410.1,1995.9,2233.0,1995.9
18,580,2320,0 shocks,True,190.0,2257.0,2257.0,1844.9,1455.3,2014.2,2257.0,2014.2
18,600,2320,0 shocks,True,190.0,2245.0,2245.0,1867.9,1506.6,2022.7,2245.0,2022.7
18,620,2320,0 shocks,True,190.0,2282.5,2282.5,1890.7,1542.5,2038.0,2282.5,2038.0
18,640,2320,0 shocks,True,190.0,2282.5,2282.5,1913.5,1636.2,2058.0,2282.5,2058.0
18,660,2320,0 shocks,True,190.0,2308.0,2308.0,1936.2,1688.8,2078.0,2308.0,2078.0
18,680,2320,0 shocks,True,190.0,2335.0,2335.0,1958.8,1791.0,2098.0,2335.0,2098.0
18,700,2320,0 shocks,True,190.0,2362.0,2362.0,1981.4,1830.4,2118.0,2362.0,2118.0
18,720,2320,0 shocks,True,190.0,2362.0,2362.0,2003.8,1867.9,2138.0,2362.0,2138.0
18,740,2320,0 shocks,True,190.0,2383.0,2383.0,2026.3,1890.8,2158.0,2383.0,2158.0
18,760,2320,0 shocks,True,190.0,2413.0,2413.0,2048.6,1910.8,2178.0,2413.0,2178.0
18,780,2320,0 shocks,True,190.0,2404.0,2404.0,2070.9,1930.8,2196.4,2404.0,2196.4
18,800,2320,0 shocks,True,190.0,2404.0,2404.0,2093.2,1950.8,2212.1,2404.0,2212.1
18,820,2320,0 shocks,True,190.0,2413.5,2413.5,2115.3,1970.8,2227.1,2413.5,2227.1
18,840,2320,0 shocks,True,190.0,2423.0,2423.0,2137.5,1990.8,2247.1,2423.0,2247.1
18,860,2320,0 shocks,True,190.0,2424.5,2424.5,2159.6,2010.8,2269.9,2424.5,2269.9
18,880,2320,0 shocks,True,190.0,2423.0,2423.0,2181.6,2030.8,2289.9,2423.0,2289.9
18,900,2320,1 shock,True,184.0,2219.0,2219.0,1782.8,2098.6,2211.2,2098.6,2098.6
18,920,2320,1 shock,True,184.0,2219.0,2219.0,1964.9,2122.2,2251.5,2122.2,2122.2
18,940,2320,1 shock,True,184.0,2219.0,2219.0,2077.0,2270.6,2286.8,2270.6,2270.6
18,960,2320,1 shock,True,184.0,2219.0,2219.0,2162.9,2331.9,2306.8,2331.9,2331.9
18,980,2320,1 shock,True,184.0,2219.0,2219.0,2234.5,2418.4,2357.2,2418.4,2418.4
18,1000,2320,1 shock,True,184.0,2219.0,2219.0,2297.0,2465.8,2371.9,2465.8,2465.8
18,1020,2320,2 shocks,True,181.0,2219.0,3263.0,2045.2,2357.5,2346.2,2357.5,2357.5
18,1040,2320,2 shocks,True,181.0,2219.0,3263.0,2337.5,2387.6,2359.5,2387.6,2387.6
18,1060,2320,2 shocks,True,181.0,2226.0,3263.0,2432.0,2425.4,2379.8,2425.4,2425.4
18,1080,2320,2 shocks,True,181.0,2226.0,3263.0,2464.3,2451.2,2394.9,2451.2,2451.2
18,1100,2320,2 shocks,True,172.0,2226.0,3138.0,2227.6,2489.8,2434.0,2489.8,2489.8
18,1120,2320,3-4 shocks,True,172.0,2233.0,2911.5,2224.3,2367.1,2236.9,2367.1,2367.1
18,1140,2320,3-4 shocks,True,172.0,2245.0,2911.5,2309.7,2387.1,2256.9,2387.1,2387.1
18,1160,2320,3-4 shocks,True,172.0,2245.0,2911.5,2369.7,2410.8,2285.5,2410.8,2410.8
18,1180,2320,3-4 shocks,True,172.0,2245.0,2911.5,2418.9,2436.0,2320.0,2436.0,2436.0
18,1200,2320,3-4 shocks,True,158.0,2245.0,2714.0,2042.1,2343.8,2285.4,2343.8,2343.8
18,1220,2320,3-4 shocks,True,158.0,2245.0,2714.0,2120.7,2365.0,2305.4,2365.0,2365.0
18,1240,2320,3-4 shocks,True,143.0,2245.0,2549.0,1970.7,2364.0,2306.0,2364.0,2364.0
18,1260,2320,5+ shocks,True,143.0,2245.0,2461.3,2056.5,2408.0,2318.5,2408.0,2408.0
18,1280,2320,5+ shocks,True,143.0,2257.0,2461.3,2084.7,2428.6,2338.5,2428.6,2428.6
18,1300,2320,5+ shocks,True,143.0,2282.5,2461.3,2109.5,2453.7,2369.4,2453.7,2453.7
18,1320,2320,5+ shocks,True,132.0,2335.0,2353.2,2075.3,2466.9,2365.3,2466.9,2466.9
18,1340,2320,5+ shocks,True,132.0,2335.0,2411.8,2130.9,2491.8,2382.8,2491.8,2491.8
18,1360,2320,5+ shocks,True,133.0,2335.0,2421.5,2164.6,2511.8,2407.0,2511.8,2511.8
18,1380,2320,5+ shocks,True,133.0,2335.0,2421.5,2189.4,2535.3,2435.0,2535.3,2535.3
18,1400,2320,5+ shocks,True,124.0,2335.0,2380.8,2100.3,2417.3,2287.0,2417.3,2417.3
18,1420,2320,5+ shocks,True,124.0,2335.0,2380.8,2135.2,2437.3,2307.0,2437.3,2437.3
18,1440,2320,5+ shocks,True,124.0,2335.0,2380.8,2161.0,2457.3,2327.0,2457.3,2457.3
18,1460,2320,5+ shocks,True,113.0,2362.0,2296.0,2043.8,2446.6,2342.0,2446.6,2446.6
18,1480,2320,5+ shocks,True,113.0,2362.0,2296.0,2074.4,2466.6,2362.0,2466.6,2466.6
18,1500,2320,5+ shocks,True,113.0,2362.0,2296.0,2099.0,2486.6,2388.8,2486.6,2486.6
18,1520,2320,5+ shocks,True,113.0,2365.0,2296.0,2122.0,2506.6,2408.8,2506.6,2506.6
18,1540,2320,5+ shocks,False,99.0,2365.0,2234.9,2083.0,2261.3,2218.5,2261.3,2261.3
18,1560,2320,5+ shocks,False,99.0,2365.0,2234.9,2109.7,2283.5,2238.5,2283.5,2283.5
18,1580,2320,5+ shocks,False,99.0,2382.5,2234.9,2133.2,2303.5,2258.5,2303.5,2303.5
18,1600,2320,5+ shocks,False,99.0,2400.0,2234.9,2155.7,2337.5,2278.5,2337.5,2337.5
18,1620,2320,5+ shocks,False,97.0,2400.0,2293.5,2160.8,2409.4,2367.7,2409.4,2409.4
18,1640,2320,5+ shocks,False,97.0,2400.0,2293.5,2186.9,2429.4,2387.7,2429.4,2429.4
18,1660,2320,5+ shocks,False,92.0,2400.0,2249.3,2182.2,2452.8,2369.7,2452.8,2452.8
18,1680,2320,5+ shocks,False,92.0,2402.0,2282.6,2136.9,2436.5,2340.6,2436.5,2436.5
18,1700,2320,5+ shocks,False,92.0,2402.0,2282.6,2161.0,2456.5,2360.6,2456.5,2456.5
18,1720,2320,5+ shocks,False,92.0,2402.0,2282.6,2183.5,2476.5,2380.6,2476.5,2476.5
18,1740,2320,5+ shocks,False,92.0,2413.0,2282.6,2205.3,2531.4,2412.0,2531.4,2531.4
18,1760,2320,5+ shocks,False,76.0,2413.0,2251.0,2193.8,2285.8,2207.3,2285.8,2285.8
18,1780,2320,5+ shocks,False,76.0,2413.0,2251.0,2221.7,2305.8,2227.3,2305.8,2305.8
18,1800,2320,5+ shocks,False,76.0,2413.0,2251.0,2245.1,2327.4,2247.3,2327.4,2327.4
18,1820,2320,5+ shocks,False,67.0,2422.0,2172.4,2210.5,2336.0,2267.3,2336.0,2336.0
18,1840,2320,5+ shocks,False,67.0,2422.0,2235.7,2189.6,2361.1,2280.4,2361.1,2361.1
18,1860,2320,5+ shocks,False,67.0,2422.0,2235.7,2213.1,2381.1,2300.4,2381.1,2381.1
18,1880,2320,5+ shocks,False,67.0,2422.0,2235.7,2235.1,2402.8,2320.4,2402.8,2402.8
18,1900,2320,5+ shocks,False,52.0,2422.0,2175.2,2158.2,2245.2,2204.0,2245.2,2245.2
18,1920,2320,5+ shocks,False,55.0,2422.0,2200.9,2201.3,2274.6,2239.9,2274.6,2274.6
18,1940,2320,5+ shocks,False,51.0,2422.0,2166.6,2198.2,2279.9,2242.0,2279.9,2279.9
18,1960,2320,5+ shocks,False,51.0,2422.0,2166.6,2219.4,2299.9,2262.0,2299.9,2299.9
18,1980,2320,5+ shocks,False,51.0,2422.5,2166.6,2240.4,2335.4,2282.8,2335.4,2335.4
18,2000,2320,5+ shocks,False,45.0,2422.5,2218.6,2236.8,2226.5,2196.3,2226.5,2226.5
18,2020,2320,5+ shocks,False,45.0,2422.5,2218.6,2260.5,2246.5,2216.3,2246.5,2246.5
18,2040,2320,5+ shocks,False,45.0,2422.5,2218.6,2282.3,2266.5,2236.3,2266.5,2266.5
18,2060,2320,5+ shocks,False,36.0,2423.0,2195.2,2206.2,2243.7,2232.6,2243.7,2243.7
18,2080,2320,5+ shocks,False,36.0,2423.0,2195.2,2228.3,2263.7,2252.6,2263.7,2263.7
18,2100,2320,5+ shocks,False,36.0,2423.0,2195.2,2249.3,2283.7,2272.6,2283.7,2283.7
18,2120,2320,5+ shocks,False,32.0,2424.5,2214.9,2235.9,2259.7,2251.9,2259.7,2259.7
18,2140,2320,5+ shocks,False,32.0,2424.5,2214.9,2257.3,2279.7,2272.4,2279.7,2279.7
18,2160,2320,5+ shocks,False,24.0,2424.5,2186.1,2208.8,2245.9,2248.1,2245.9,2245.9
18,2180,2320,5+ shocks,False,24.0,2424.5,2186.1,2229.4,2266.2,2268.1,2266.2,2266.2
18,2200,2320,5+ shocks,False,21.0,2426.0,2201.0,2245.7,2273.0,2274.1,2273.0,2273.0
18,2220,2320,5+ shocks,False,21.0,2503.5,2236.4,2268.2,2293.1,2294.1,2293.1,2293.1
18,2240,2320,5+ shocks,False,15.0,2581.0,2271.5,2281.5,2311.5,2313.7,2311.5,2311.5
18,2260,2320,5+ shocks,False,15.0,2589.5,2271.5,2302.4,2331.5,2333.7,2331.5,2331.5
18,2280,2320,5+ shocks,False,13.0,2589.5,2281.0,2322.8,2351.7,2353.7,2351.7,2351.7
18,2300,2320,5+ shocks,False,13.0,2589.5,2301.0,2343.0,2372.0,2373.7,2372.0,2372.0
19,100,2894,0 shocks,True,190.0,2109.0,2109.0,1226.1,751.6,1362.9,2109.0,1362.9
19,120,2894,0 shocks,True,190.0,2109.0,2109.0,1258.7,771.6,1382.9,2109.0,1382.9
19,140,2894,0 shocks,True,190.0,2109.0,2109.0,1289.6,789.3,1402.9,2109.0,1402.9
19,160,2894,0 shocks,True,190.0,2109.0,2109.0,1319.0,804.7,1422.9,2109.0,1422.9
19,180,2894,0 shocks,True,190.0,2109.0,2109.0,1347.4,822.4,1437.7,2109.0,1437.7
19,200,2894,0 shocks,True,190.0,2109.0,2109.0,1375.0,839.9,1454.6,2109.0,1454.6
19,220,2894,0 shocks,True,190.0,2109.0,2109.0,1401.9,878.8,1471.9,2109.0,1471.9
19,240,2894,0 shocks,True,190.0,2153.0,2153.0,1428.2,978.3,1491.9,2153.0,1491.9
19,260,2894,0 shocks,True,190.0,2153.0,2153.0,1454.0,1014.1,1511.9,2153.0,1511.9
19,280,2894,0 shocks,True,190.0,2153.0,2153.0,1479.5,1034.1,1531.9,2153.0,1531.9
19,300,2894,0 shocks,True,190.0,2153.0,2153.0,1504.5,1058.6,1548.0,2153.0,1548.0
19,320,2894,0 shocks,True,190.0,2153.0,2153.0,1529.3,1078.6,1559.1,2153.0,1559.1
19,340,2894,0 shocks,True,190.0,2153.0,2153.0,1553.8,1098.6,1562.4,2153.0,1562.4
19,360,2894,0 shocks,True,190.0,2153.0,2153.0,1578.1,1118.6,1565.2,2153.0,1565.2
19,380,2894,0 shocks,True,190.0,2197.0,2197.0,1602.1,1138.6,1572.8,2197.0,1572.8
19,400,2894,0 shocks,True,190.0,2197.0,2197.0,1626.0,1160.0,1586.3,2197.0,1586.3
19,420,2894,0 shocks,True,190.0,2197.0,2197.0,1649.6,1180.0,1598.8,2197.0,1598.8
19,440,2894,0 shocks,True,190.0,2197.0,2197.0,1673.2,1200.0,1610.2,2197.0,1610.2
19,460,2894,0 shocks,True,190.0,2197.0,2197.0,1696.5,1225.1,1627.0,2197.0,1627.0
19,480,2894,0 shocks,True,190.0,2197.0,2197.0,1719.7,1246.9,1647.0,2197.0,1647.0
19,500,2894,0 shocks,True,190.0,2208.0,2208.0,1742.9,1276.8,1667.0,2208.0,1667.0
19,520,2894,0 shocks,True,190.0,2226.0,2226.0,1765.8,1333.4,1687.0,2226.0,1687.0
19,540,2894,0 shocks,True,190.0,2233.0,2233.0,1788.7,1369.3,1707.0,2233.0,1707.0
19,560,2894,0 shocks,True,190.0,2233.0,2233.0,1811.5,1405.4,1727.0,2233.0,1727.0
19,580,2894,0 shocks,True,190.0,2257.0,2257.0,1834.2,1446.2,1747.0,2257.0,1747.0
19,600,2894,0 shocks,True,190.0,2245.0,2245.0,1856.8,1486.5,1767.0,2245.0,1767.0
19,620,2894,0 shocks,True,190.0,2282.5,2282.5,1879.3,1524.6,1787.0,2282.5,1787.0
19,640,2894,0 shocks,True,190.0,2282.5,2282.5,1901.8,1600.1,1807.0,2282.5,1807.0
19,660,2894,0 shocks,True,190.0,2308.0,2308.0,1924.2,1638.3,1827.0,2308.0,1827.0
19,680,2894,0 shocks,True,190.0,2314.0,2314.0,1946.5,1731.0,1847.0,2314.0,1847.0
19,700,2894,0 shocks,True,190.0,2320.0,2320.0,1968.8,1769.0,1867.0,2320.0,1867.0
19,720,2894,0 shocks,True,190.0,2320.0,2320.0,1990.9,1798.2,1887.0,2320.0,1887.0
19,740,2894,0 shocks,True,190.0,2341.0,2341.0,2013.1,1818.2,1907.0,2341.0,1907.0
19,760,2894,0 shocks,True,190.0,2383.0,2383.0,2035.2,1838.2,1927.0,2383.0,1927.0
19,780,2894,0 shocks,True,190.0,2362.0,2362.0,2057.2,1858.2,1947.0,2362.0,1947.0
19,800,2894,0 shocks,True,190.0,2362.0,2362.0,2079.2,1878.2,1967.0,2362.0,1967.0
19,820,2894,0 shocks,True,190.0,2383.0,2383.0,2101.1,1898.2,1987.0,2383.0,1987.0
19,840,2894,0 shocks,True,190.0,2404.0,2404.0,2123.0,1918.2,2007.0,2404.0,2007.0
19,860,2894,0 shocks,True,190.0,2413.5,2413.5,2144.9,1938.2,2027.0,2413.5,2027.0
19,880,2894,0 shocks,True,190.0,2404.0,2404.0,2166.7,1958.2,2035.9,2404.0,2035.9
19,900,2894,0 shocks,True,190.0,2413.5,2413.5,2188.4,1978.2,2052.1,2413.5,2052.1
19,920,2894,0 shocks,True,190.0,2413.5,2413.5,2210.2,1998.2,2075.0,2413.5,2075.0
19,940,2894,0 shocks,True,190.0,2423.0,2423.0,2231.9,2018.2,2095.0,2423.0,2095.0
19,960,2894,0 shocks,True,190.0,2423.0,2423.0,2253.6,2038.2,2115.0,2423.0,2115.0
19,980,2894,0 shocks,True,190.0,2423.0,2423.0,2275.2,2056.5,2134.0,2423.0,2134.0
19,1000,2894,0 shocks,True,190.0,2423.0,2423.0,2296.8,2076.5,2144.8,2423.0,2144.8
19,1020,2894,0 shocks,True,190.0,2423.0,2423.0,2318.4,2093.9,2165.1,2423.0,2165.1
19,1040,2894,0 shocks,True,190.0,2423.0,2423.0,2339.9,2113.9,2182.0,2423.0,2182.0
19,1060,2894,0 shocks,True,190.0,2423.0,2423.0,2361.4,2133.9,2198.0,2423.0,2198.0
19,1080,2894,0 shocks,True,190.0,2423.0,2423.0,2382.9,2153.9,2218.0,2423.0,2218.0
19,1100,2894,0 shocks,True,190.0,2424.5,2424.5,2404.4,2173.9,2238.0,2424.5,2238.0
19,1120,2894,0 shocks,True,190.0,2426.0,2426.0,2425.8,2192.1,2258.0,2426.0,2258.0
19,1140,2894,0 shocks,True,190.0,2426.0,2426.0,2447.3,2212.1,2274.6,2426.0,2274.6
19,1160,2894,0 shocks,True,190.0,2426.0,2426.0,2468.7,2232.1,2294.6,2426.0,2294.6
19,1180,2894,0 shocks,True,190.0,2426.0,2426.0,2490.0,2252.1,2314.6,2426.0,2314.6
19,1200,2894,0 shocks,True,190.0,2426.0,2426.0,2511.4,2272.1,2334.4,2426.0,2334.4
19,1220,2894,0 shocks,True,190.0,2424.5,2424.5,2532.7,2292.1,2354.4,2424.5,2354.4
19,1240,2894,0 shocks,True,190.0,2424.5,2424.5,2554.0,2312.1,2374.4,2424.5,2374.4
19,1260,2894,0 shocks,True,190.0,2426.0,2426.0,2575.3,2332.1,2394.4,2426.0,2394.4
19,1280,2894,1 shock,True,181.0,2257.0,2257.0,2214.3,2365.0,2279.9,2365.0,2365.0
19,1300,2894,1 shock,True,181.0,2282.5,2282.5,2481.7,2383.4,2299.9,2383.4,2383.4
19,1320,2894,1 shock,True,181.0,2314.0,2314.0,2625.4,2523.5,2335.2,2523.5,2523.5
19,1340,2894,1 shock,True,181.0,2314.0,2314.0,2730.9,2576.9,2360.6,2576.9,2576.9
19,1360,2894,1 shock,True,181.0,2314.0,2314.0,2816.9,2667.0,2383.5,2667.0,2667.0
19,1380,2894,1 shock,True,181.0,2314.0,2314.0,2890.7,2685.9,2404.8,2685.9,2685.9
19,1400,2894,1 shock,True,183.0,2314.0,2314.0,3102.9,2707.0,2424.8,2707.0,2707.0
19,1420,2894,1 shock,True,181.0,2314.0,2314.0,3015.8,2732.9,2444.8,2732.9,2732.9
19,1440,2894,1 shock,True,181.0,2314.0,2314.0,3070.7,2756.5,2464.8,2756.5,2756.5
19,1460,2894,1 shock,True,184.0,2320.0,2320.0,3361.4,2788.9,2484.8,2788.9,2788.9
19,1480,2894,1 shock,True,184.0,2320.0,2320.0,3413.6,2811.0,2504.8,2811.0,2811.0
19,1500,2894,1 shock,True,181.0,2320.0,2320.0,3215.7,2826.9,2528.5,2826.9,2826.9
19,1520,2894,2 shocks,True,172.0,2362.0,5629.0,2721.8,2774.7,2563.8,2774.7,2774.7
19,1540,2894,2 shocks,True,172.0,2362.0,5629.0,3195.8,2792.9,2583.8,2792.9,2792.9
19,1560,2894,2 shocks,True,172.0,2362.0,5629.0,3371.7,2823.3,2603.8,2823.3,2823.3
19,1580,2894,2 shocks,True,172.0,2363.5,5629.0,3459.4,2858.0,2623.4,2858.0,2858.0
19,1600,2894,3-4 shocks,True,157.0,2365.0,4020.3,2520.0,2506.3,2520.2,2506.3,2506.3
19,1620,2894,3-4 shocks,True,157.0,2365.0,4020.3,2625.2,2532.5,2540.2,2532.5,2532.5
19,1640,2894,3-4 shocks,True,157.0,2365.0,4020.3,2688.9,2571.3,2560.2,2571.3,2571.3
19,1660,2894,3-4 shocks,True,155.0,2365.0,3985.1,2705.2,2591.9,2578.2,2591.9,2591.9
19,1680,2894,3-4 shocks,True,148.0,2382.5,3589.9,2424.5,2636.1,2631.5,2636.1,2636.1
19,1700,2894,3-4 shocks,True,148.0,2382.5,3589.9,2535.5,2657.9,2651.5,2657.9,2657.9
19,1720,2894,3-4 shocks,True,148.0,2382.5,3589.9,2596.0,2697.1,2671.5,2697.1,2697.1
19,1740,2894,3-4 shocks,True,133.0,2402.0,3367.1,2429.7,2721.4,2691.2,2721.4,2721.4
19,1760,2894,5+ shocks,True,133.0,2402.0,3206.3,2739.8,2478.9,2506.7,2478.9,2478.9
19,1780,2894,5+ shocks,True,133.0,2402.0,3206.3,2767.5,2505.5,2526.1,2505.5,2505.5
19,1800,2894,5+ shocks,True,130.0,2402.0,3082.6,2638.9,2653.6,2729.9,2653.6,2653.6
19,1820,2894,5+ shocks,True,130.0,2404.0,3082.6,2675.0,2672.4,2749.9,2672.4,2672.4
19,1840,2894,5+ shocks,True,130.0,2404.0,3082.6,2701.4,2694.7,2769.9,2694.7,2694.7
19,1860,2894,5+ shocks,True,130.0,2404.0,3082.6,2725.4,2724.6,2789.6,2724.6,2724.6
19,1880,2894,5+ shocks,True,115.0,2404.0,2920.2,2637.8,2644.7,2692.0,2644.7,2644.7
19,1900,2894,5+ shocks,True,115.0,2404.0,2920.2,2666.2,2666.2,2712.0,2666.2,2666.2
19,1920,2894,5+ shocks,True,115.0,2404.0,2920.2,2690.7,2695.1,2732.0,2695.1,2695.1
19,1940,2894,5+ shocks,True,106.0,2404.0,2846.8,2599.3,2671.7,2684.0,2671.7,2671.7
19,1960,2894,5+ shocks,True,106.0,2404.0,2846.8,2630.9,2687.5,2704.0,2687.5,2687.5
19,1980,2894,5+ shocks,True,106.0,2413.0,2846.8,2655.8,2718.4,2724.0,2718.4,2718.4
19,2000,2894,5+ shocks,False,103.0,2413.0,2815.7,2572.0,2708.7,2675.3,2708.7,2708.7
19,2020,2894,5+ shocks,False,103.0,2413.0,2815.7,2598.0,2727.7,2695.3,2727.7,2727.7
19,2040,2894,5+ shocks,False,103.0,2413.0,2815.7,2621.4,2751.2,2715.3,2751.2,2751.2
19,2060,2894,5+ shocks,False,103.0,2422.0,2815.7,2643.7,2771.2,2734.1,2771.2,2771.2
19,2080,2894,5+ shocks,False,86.0,2422.0,2729.2,2618.7,2634.7,2626.1,2634.7,2634.7
19,2100,2894,5+ shocks,False,88.0,2422.0,2748.9,2658.7,2653.9,2646.1,2653.9,2653.9
19,2120,2894,5+ shocks,False,88.0,2422.5,2748.9,2682.4,2676.6,2666.1,2676.6,2676.6
19,2140,2894,5+ shocks,False,88.0,2422.5,2748.9,2704.8,2695.3,2685.1,2695.3,2695.3
19,2160,2894,5+ shocks,False,84.0,2422.5,2709.6,2700.7,2742.3,2700.0,2742.3,2742.3
19,2180,2894,5+ shocks,False,84.0,2422.5,2795.4,2713.6,2798.0,2771.6,2798.0,2798.0
19,2200,2894,5+ shocks,False,84.0,2423.0,2795.4,2737.8,2818.0,2791.6,2818.0,2818.0
19,2220,2894,5+ shocks,False,84.0,2424.5,2795.4,2760.5,2841.0,2811.6,2841.0,2841.0
19,2240,2894,5+ shocks,False,76.0,2426.0,2716.9,2729.3,2725.9,2690.1,2725.9,2725.9
19,2260,2894,5+ shocks,False,76.0,2503.5,2795.2,2731.0,2734.8,2710.1,2734.8,2734.8
19,2280,2894,5+ shocks,False,76.0,2503.5,2795.2,2755.0,2756.6,2730.1,2756.6,2756.6
19,2300,2894,5+ shocks,False,76.0,2503.5,2795.2,2777.4,2776.6,2750.1,2776.6,2776.6
19,2320,2894,5+ shocks,False,73.0,2589.5,2834.5,2750.2,2805.7,2774.3,2805.7,2805.7
19,2340,2894,5+ shocks,False,73.0,2589.5,2834.5,2777.8,2825.0,2794.3,2825.0,2825.0
19,2360,2894,5+ shocks,False,73.0,2589.5,2834.5,2801.0,2846.8,2814.3,2846.8,2846.8
19,2380,2894,5+ shocks,False,73.0,2612.5,2834.5,2823.0,2866.8,2834.3,2866.8,2866.8
19,2400,2894,5+ shocks,False,63.0,2627.0,2818.3,2771.5,2840.7,2802.7,2840.7,2840.7
19,2420,2894,5+ shocks,False,63.0,2670.5,2818.3,2799.4,2860.1,2822.7,2860.1,2860.1
19,2440,2894,5+ shocks,False,63.0,3183.0,2818.3,2822.3,2881.8,2842.7,2881.8,2881.8
19,2460,2894,5+ shocks,False,49.0,3183.0,2683.9,2744.4,2715.6,2697.1,2715.6,2715.6
19,2480,2894,5+ shocks,False,49.0,3183.0,2742.6,2739.1,2744.4,2726.6,2744.4,2744.4
19,2500,2894,5+ shocks,False,49.0,3183.0,2742.6,2761.4,2764.4,2746.6,2764.4,2764.4
19,2520,2894,5+ shocks,False,49.0,3183.0,2742.6,2782.7,2784.4,2766.6,2784.4,2784.4
19,2540,2894,5+ shocks,False,48.0,3183.0,2733.2,2796.8,2808.6,2786.6,2808.6,2808.6
19,2560,2894,5+ shocks,False,48.0,3183.0,2733.2,2817.5,2834.3,2806.5,2834.3,2834.3
19,2580,2894,5+ shocks,False,48.0,3183.0,2733.2,2838.1,2854.3,2826.5,2854.3,2854.3
19,2600,2894,5+ shocks,False,48.0,3366.0,2733.2,2858.7,2874.3,2846.5,2874.3,2874.3
19,2620,2894,5+ shocks,False,43.0,3366.0,2841.8,2897.0,2839.4,2816.7,2839.4,2839.4
19,2640,2894,5+ shocks,False,43.0,3498.5,2841.8,2919.9,2859.1,2836.7,2859.1,2859.1
19,2660,2894,5+ shocks,False,33.0,3498.5,2743.1,2844.5,2804.2,2788.5,2804.2,2804.2
19,2680,2894,5+ shocks,False,32.0,3498.5,2781.9,2810.3,2816.8,2807.0,2816.8,2816.8
19,2700,2894,5+ shocks,False,33.0,3498.5,2791.6,2839.2,2836.8,2827.0,2836.8,2836.8
19,2720,2894,5+ shocks,False,33.0,3631.0,2791.6,2859.9,2856.8,2847.0,2856.8,2856.8
19,2740,2894,5+ shocks,False,30.0,3631.0,2841.2,2863.7,2868.7,2860.4,2868.7,2868.7
19,2760,2894,5+ shocks,False,30.0,3631.0,2841.2,2886.3,2888.5,2880.4,2888.5,2888.5
19,2780,2894,5+ shocks,False,30.0,3631.0,2841.2,2907.3,2908.5,2900.4,2908.5,2908.5
19,2800,2894,5+ shocks,False,30.0,3631.0,2841.2,2927.9,2928.5,2920.4,2928.5,2928.5
19,2820,2894,5+ shocks,False,19.0,3631.0,2821.0,2883.7,2910.6,2903.0,2910.6,2910.6
19,2840,2894,5+ shocks,False,18.0,3631.0,2861.9,2903.2,2927.5,2923.0,2927.5,2927.5
19,2860,2894,5+ shocks,False,18.0,3631.0,2861.9,2923.7,2947.5,2943.0,2947.5,2947.5
19,2880,2894,5+ shocks,False,18.0,3631.0,2881.0,2944.1,2967.5,2961.9,2967.5,2967.5
20,100,3183,0 shocks,True,190.0,2109.0,2109.0,1208.5,749.6,781.3,2109.0,781.3
20,120,3183,0 shocks,True,190.0,2109.0,2109.0,1242.1,769.6,801.3,2109.0,801.3
20,140,3183,0 shocks,True,190.0,2109.0,2109.0,1273.8,785.5,821.3,2109.0,821.3
20,160,3183,0 shocks,True,190.0,2109.0,2109.0,1304.0,802.9,841.3,2109.0,841.3
20,180,3183,0 shocks,True,190.0,2109.0,2109.0,1333.0,822.9,861.3,2109.0,861.3
20,200,3183,0 shocks,True,190.0,2109.0,2109.0,1361.2,838.3,881.3,2109.0,881.3
20,220,3183,0 shocks,True,190.0,2109.0,2109.0,1388.6,884.4,901.3,2109.0,901.3
20,240,3183,0 shocks,True,190.0,2153.0,2153.0,1415.5,983.8,921.3,2153.0,921.3
20,260,3183,0 shocks,True,190.0,2153.0,2153.0,1441.8,1010.5,941.3,2153.0,941.3
20,280,3183,0 shocks,True,190.0,2153.0,2153.0,1467.7,1030.5,959.3,2153.0,959.3
20,300,3183,0 shocks,True,190.0,2153.0,2153.0,1493.2,1050.5,977.1,2153.0,977.1
20,320,3183,0 shocks,True,190.0,2153.0,2153.0,1518.3,1068.2,991.1,2153.0,991.1
20,340,3183,0 shocks,True,190.0,2153.0,2153.0,1543.2,1088.2,1004.8,2153.0,1004.8
20,360,3183,0 shocks,True,190.0,2153.0,2153.0,1567.8,1109.9,1010.8,2153.0,1010.8
20,380,3183,0 shocks,True,190.0,2197.0,2197.0,1592.2,1132.2,1025.7,2197.0,1025.7
20,400,3183,0 shocks,True,190.0,2197.0,2197.0,1616.4,1159.9,1032.4,2197.0,1032.4
20,420,3183,0 shocks,True,190.0,2197.0,2197.0,1640.4,1184.7,1049.5,2197.0,1049.5
20,440,3183,0 shocks,True,190.0,2197.0,2197.0,1664.2,1204.7,1063.0,2197.0,1063.0
20,460,3183,0 shocks,True,190.0,2197.0,2197.0,1687.8,1227.6,1076.1,2197.0,1076.1
20,480,3183,0 shocks,True,190.0,2197.0,2197.0,1711.3,1247.6,1088.9,2197.0,1088.9
20,500,3183,0 shocks,True,190.0,2208.0,2208.0,1734.7,1276.2,1102.2,2208.0,1102.2
20,520,3183,0 shocks,True,190.0,2226.0,2226.0,1757.9,1349.5,1119.8,2226.0,1119.8
20,540,3183,0 shocks,True,190.0,2233.0,2233.0,1781.1,1386.9,1137.0,2233.0,1137.0
20,560,3183,0 shocks,True,190.0,2233.0,2233.0,1804.1,1422.0,1155.5,2233.0,1155.5
20,580,3183,0 shocks,True,190.0,2257.0,2257.0,1827.0,1463.0,1175.5,2257.0,1175.5
20,600,3183,0 shocks,True,190.0,2245.0,2245.0,1849.9,1508.2,1195.5,2245.0,1195.5
20,620,3183,0 shocks,True,190.0,2282.5,2282.5,1872.6,1559.7,1215.5,2282.5,1215.5
20,640,3183,0 shocks,True,190.0,2282.5,2282.5,1895.3,1642.8,1235.5,2282.5,1235.5
20,660,3183,0 shocks,True,190.0,2308.0,2308.0,1917.9,1682.9,1255.5,2308.0,1255.5
20,680,3183,0 shocks,True,190.0,2314.0,2314.0,1940.4,1792.0,1275.5,2314.0,1275.5
20,700,3183,0 shocks,True,190.0,2320.0,2320.0,1962.8,1829.8,1295.5,2320.0,1295.5
20,720,3183,0 shocks,True,190.0,2320.0,2320.0,1985.2,1857.4,1315.5,2320.0,1315.5
20,740,3183,0 shocks,True,190.0,2341.0,2341.0,2007.5,1880.0,1335.5,2341.0,1335.5
20,760,3183,0 shocks,True,190.0,2383.0,2383.0,2029.8,1900.1,1355.5,2383.0,1355.5
20,780,3183,0 shocks,True,190.0,2362.0,2362.0,2052.0,1920.1,1373.9,2362.0,1373.9
20,800,3183,0 shocks,True,190.0,2362.0,2362.0,2074.2,1940.1,1393.9,2362.0,1393.9
20,820,3183,0 shocks,True,190.0,2383.0,2383.0,2096.3,1960.1,1412.1,2383.0,1412.1
20,840,3183,0 shocks,True,190.0,2404.0,2404.0,2118.4,1980.1,1427.6,2404.0,1427.6
20,860,3183,0 shocks,True,190.0,2413.5,2413.5,2140.4,2000.1,1443.3,2413.5,1443.3
20,880,3183,1 shock,True,184.0,2219.0,2219.0,1676.8,1944.0,1403.9,1944.0,1944.0
20,900,3183,1 shock,True,184.0,2219.0,2219.0,1880.1,1964.0,1423.9,1964.0,1964.0
20,920,3183,1 shock,True,184.0,2219.0,2219.0,1994.3,2113.0,1451.9,2113.0,2113.0
20,940,3183,1 shock,True,184.0,2219.0,2219.0,2079.8,2166.8,1471.9,2166.8,2166.8
20,960,3183,1 shock,True,184.0,2219.0,2219.0,2150.5,2247.4,1490.4,2247.4,2247.4
20,980,3183,1 shock,True,184.0,2219.0,2219.0,2212.1,2283.1,1510.4,2283.1,2283.1
20,1000,3183,1 shock,True,184.0,2219.0,2219.0,2267.4,2311.6,1530.4,2311.6,2311.6
20,1020,3183,1 shock,True,175.0,2219.0,2219.0,1900.3,2315.6,1548.8,2315.6,2315.6
20,1040,3183,2 shocks,True,177.0,2219.0,3618.2,2264.5,2324.9,1573.2,2324.9,2324.9
20,1060,3183,2 shocks,True,178.0,2226.0,3634.7,2422.6,2349.2,1593.2,2349.2,2349.2
20,1080,3183,2 shocks,True,178.0,2226.0,3634.7,2471.9,2377.0,1611.4,2377.0,2377.0
20,1100,3183,2 shocks,True,178.0,2226.0,3634.7,2484.8,2400.9,1634.8,2400.9,2400.9
20,1120,3183,3-4 shocks,True,172.0,2233.0,3104.5,2192.0,2407.5,1654.8,2407.5,2407.5
20,1140,3183,3-4 shocks,True,172.0,2245.0,3104.5,2289.3,2429.9,1674.2,2429.9,2429.9
20,1160,3183,3-4 shocks,True,172.0,2245.0,3104.5,2351.8,2451.9,1694.2,2451.9,2451.9
20,1180,3183,3-4 shocks,True,163.0,2245.0,2765.7,1953.0,2206.7,1743.6,2206.7,2206.7
20,1200,3183,3-4 shocks,True,163.0,2245.0,2765.7,2042.6,2226.7,1763.6,2226.7,2226.7
20,1220,3183,3-4 shocks,True,163.0,2245.0,2765.7,2097.1,2246.7,1783.6,2246.7,2246.7
20,1240,3183,3-4 shocks,True,154.0,2245.0,2666.0,2029.7,2262.2,1801.9,2262.2,2262.2
20,1260,3183,5+ shocks,True,154.0,2245.0,2620.0,2165.2,2280.8,1829.1,2280.8,2280.8
20,1280,3183,5+ shocks,True,155.0,2257.0,2630.2,2193.9,2302.0,1849.1,2302.0,2302.0
20,1300,3183,5+ shocks,True,156.0,2282.5,2640.4,2221.2,2322.0,1869.1,2322.0,2322.0
20,1320,3183,5+ shocks,True,148.0,2314.0,2538.5,2124.8,2372.7,1893.5,2372.7,2372.7
20,1340,3183,5+ shocks,True,148.0,2314.0,2538.5,2148.2,2392.7,1913.5,2392.7,2392.7
20,1360,3183,5+ shocks,True,148.0,2314.0,2538.5,2170.2,2412.7,1933.5,2412.7,2412.7
20,1380,3183,5+ shocks,True,141.0,2314.0,2495.1,2133.1,2436.1,1955.1,2436.1,2436.1
20,1400,3183,5+ shocks,True,142.0,2314.0,2504.3,2162.3,2459.0,1975.1,2459.0,2459.0
20,1420,3183,5+ shocks,True,138.0,2314.0,2467.4,2165.0,2479.0,1995.1,2479.0,2479.0
20,1440,3183,5+ shocks,True,138.0,2314.0,2458.0,2099.6,2391.0,1988.4,2391.0,2391.0
20,1460,3183,5+ shocks,True,138.0,2320.0,2458.0,2122.2,2411.0,2008.4,2411.0,2411.0
20,1480,3183,5+ shocks,True,130.0,2320.0,2394.5,2073.6,2425.0,2029.6,2425.0,2425.0
20,1500,3183,5+ shocks,True,130.0,2320.0,2394.5,2097.3,2445.0,2049.6,2445.0,2445.0
20,1520,3183,5+ shocks,True,127.0,2362.0,2365.3,2048.5,2164.7,1931.0,2164.7,2164.7
20,1540,3183,5+ shocks,True,127.0,2362.0,2365.3,2072.0,2184.7,1951.0,2184.7,2184.7
20,1560,3183,5+ shocks,True,127.0,2362.0,2365.3,2093.6,2205.9,1971.0,2205.9,2205.9
20,1580,3183,5+ shocks,True,127.0,2363.5,2365.3,2114.6,2225.9,1991.0,2225.9,2225.9
20,1600,3183,5+ shocks,True,124.0,2365.0,2341.6,2123.7,2229.9,2002.9,2229.9,2229.9
20,1620,3183,5+ shocks,True,127.0,2365.0,2365.3,2156.0,2266.9,2032.6,2266.9,2266.9
20,1640,3183,5+ shocks,True,127.0,2365.0,2365.3,2176.5,2286.9,2052.6,2286.9,2286.9
20,1660,3183,5+ shocks,True,120.0,2365.0,2310.0,2169.6,2289.9,2064.4,2289.9,2289.9
20,1680,3183,5+ shocks,True,120.0,2382.5,2548.6,2433.7,2327.4,2090.5,2327.4,2327.4
20,1700,3183,5+ shocks,True,120.0,2382.5,2548.6,2456.8,2347.4,2110.5,2347.4,2347.4
20,1720,3183,5+ shocks,True,120.0,2382.5,2548.6,2478.5,2368.6,2132.2,2368.6,2368.6
20,1740,3183,5+ shocks,True,115.0,2402.0,2504.7,2470.2,2390.4,2152.2,2390.4,2390.4
20,1760,3183,5+ shocks,True,115.0,2402.0,2577.8,2375.5,2412.8,2172.2,2412.8,2412.8
20,1780,3183,5+ shocks,True,106.0,2402.0,2493.4,2221.6,2393.8,2181.6,2393.8,2393.8
20,1800,3183,5+ shocks,True,106.0,2402.0,2493.4,2244.2,2413.8,2201.6,2413.8,2413.8
20,1820,3183,5+ shocks,False,103.0,2404.0,2468.4,2253.4,2362.2,2175.0,2362.2,2362.2
20,1840,3183,5+ shocks,False,103.0,2404.0,2497.2,2302.8,2391.2,2195.0,2391.2,2391.2
20,1860,3183,5+ shocks,False,103.0,2404.0,2497.2,2324.5,2411.2,2215.0,2411.2,2411.2
20,1880,3183,5+ shocks,False,103.0,2404.0,2497.2,2345.5,2431.2,2235.0,2431.2,2431.2
20,1900,3183,5+ shocks,False,103.0,2404.0,2497.2,2366.2,2451.2,2255.0,2451.2,2451.2
20,1920,3183,5+ shocks,False,97.0,2404.0,2554.2,2437.6,2470.5,2277.2,2470.5,2470.5
20,1940,3183,5+ shocks,False,97.0,2404.0,2554.2,2460.8,2491.3,2297.2,2491.3,2491.3
20,1960,3183,5+ shocks,False,97.0,2404.0,2554.2,2482.3,2511.3,2317.2,2511.3,2511.3
20,1980,3183,5+ shocks,False,97.0,2413.0,2554.2,2503.3,2531.3,2337.2,2531.3,2531.3
20,2000,3183,5+ shocks,False,97.0,2413.0,2554.2,2524.1,2552.2,2357.2,2552.2,2552.2
20,2020,3183,5+ shocks,False,95.0,2413.0,2537.7,2534.1,2572.2,2377.2,2572.2,2572.2
20,2040,3183,5+ shocks,False,96.0,2413.0,2545.9,2559.9,2592.2,2397.2,2592.2,2592.2
20,2060,3183,5+ shocks,False,94.0,2422.0,2693.6,2633.1,2625.9,2417.0,2625.9,2625.9
20,2080,3183,5+ shocks,False,94.0,2422.0,2693.6,2655.5,2645.9,2437.0,2645.9,2645.9
20,2100,3183,5+ shocks,False,91.0,2422.0,2667.5,2658.8,2593.2,2407.3,2593.2,2593.2
20,2120,3183,5+ shocks,False,91.0,2422.5,2714.0,2568.5,2602.6,2429.5,2602.6,2602.6
20,2140,3183,5+ shocks,False,91.0,2422.5,2714.0,2590.2,2622.6,2449.5,2622.6,2622.6
20,2160,3183,5+ shocks,False,91.0,2422.5,2714.0,2611.2,2642.6,2469.5,2642.6,2642.6
20,2180,3183,5+ shocks,False,91.0,2422.5,2714.0,2631.9,2662.6,2489.5,2662.6,2662.6
20,2200,3183,5+ shocks,False,91.0,2423.0,2714.0,2652.5,2683.4,2508.7,2683.4,2683.4
20,2220,3183,5+ shocks,False,91.0,2424.5,2714.0,2672.9,2703.4,2528.7,2703.4,2703.4
20,2240,3183,5+ shocks,False,84.0,2426.0,2812.6,2763.8,2738.0,2548.7,2738.0,2738.0
20,2260,3183,5+ shocks,False,84.0,2503.5,2812.6,2787.8,2758.0,2568.7,2758.0,2758.0
20,2280,3183,5+ shocks,False,84.0,2503.5,2812.6,2809.5,2778.0,2588.7,2778.0,2778.0
20,2300,3183,5+ shocks,False,84.0,2503.5,2812.6,2830.6,2798.0,2608.7,2798.0,2798.0
20,2320,3183,5+ shocks,False,79.0,2589.5,2848.1,2755.5,2709.2,2569.9,2709.2,2709.2
20,2340,3183,5+ shocks,False,79.0,2589.5,2848.1,2778.9,2729.2,2589.9,2729.2,2729.2
20,2360,3183,5+ shocks,False,79.0,2589.5,2848.1,2800.3,2750.5,2609.9,2750.5,2750.5
20,2380,3183,5+ shocks,False,79.0,2612.5,2848.1,2821.1,2770.5,2629.9,2770.5,2770.5
20,2400,3183,5+ shocks,False,78.0,2627.0,2839.2,2836.0,2790.5,2649.9,2790.5,2790.5
20,2420,3183,5+ shocks,False,77.0,2670.5,2830.3,2850.7,2810.5,2669.9,2810.5,2810.5
20,2440,3183,5+ shocks,False,77.0,2894.0,2830.3,2871.2,2830.5,2689.9,2830.5,2830.5
20,2460,3183,5+ shocks,False,75.0,2894.0,2812.5,2879.8,2850.5,2709.9,2850.5,2850.5
20,2480,3183,5+ shocks,False,75.0,2894.0,2977.4,2975.7,2884.1,2733.3,2884.1,2884.1
20,2500,3183,5+ shocks,False,75.0,2894.0,2977.4,2997.5,2905.5,2753.3,2905.5,2905.5
20,2520,3183,5+ shocks,False,75.0,2894.0,2977.4,3018.6,2925.5,2773.3,2925.5,2925.5
20,2540,3183,5+ shocks,False,66.0,2894.0,2962.9,2903.1,2917.0,2784.1,2917.0,2917.0
20,2560,3183,5+ shocks,False,66.0,2894.0,2962.9,2925.3,2937.0,2804.1,2937.0,2937.0
20,2580,3183,5+ shocks,False,66.0,2894.0,2962.9,2946.3,2958.2,2824.1,2958.2,2958.2
20,2600,3183,5+ shocks,False,66.0,3366.0,2962.9,2967.0,2978.2,2844.1,2978.2,2978.2
20,2620,3183,5+ shocks,False,63.0,3366.0,3019.5,2977.0,2973.2,2857.9,2973.2,2973.2
20,2640,3183,5+ shocks,False,63.0,3498.5,3019.5,2999.7,2993.2,2877.9,2993.2,2993.2
20,2660,3183,5+ shocks,False,63.0,3498.5,3019.5,3020.9,3014.4,2897.9,3014.4,3014.4
20,2680,3183,5+ shocks,False,63.0,3498.5,3019.5,3041.6,3034.4,2917.9,3034.4,3034.4
20,2700,3183,5+ shocks,False,55.0,3498.5,3014.6,2992.9,2991.7,2903.3,2991.7,2991.7
20,2720,3183,5+ shocks,False,55.0,3631.0,3014.6,3014.2,3011.7,2923.3,3011.7,3011.7
20,2740,3183,5+ shocks,False,55.0,3631.0,3014.6,3035.0,3032.7,2943.3,3032.7,3032.7
20,2760,3183,5+ shocks,False,48.0,3631.0,3016.5,3002.2,2997.7,2930.6,2997.7,2997.7
20,2780,3183,5+ shocks,False,48.0,3631.0,3016.5,3023.9,3017.7,2950.6,3017.7,3017.7
20,2800,3183,5+ shocks,False,39.0,3631.0,2934.7,2983.0,2963.4,2933.6,2963.4,2963.4
20,2820,3183,5+ shocks,False,39.0,3631.0,2979.6,2985.1,2983.4,2953.7,2983.4,2983.4
20,2840,3183,5+ shocks,False,36.0,3631.0,2952.8,2986.0,3001.7,2972.9,3001.7,3001.7
20,2860,3183,5+ shocks,False,36.0,3631.0,2985.5,2993.2,3021.4,2992.9,3021.4,3021.4
20,2880,3183,5+ shocks,False,36.0,3631.0,2985.5,3013.7,3041.4,3012.9,3041.4,3041.4
20,2900,3183,5+ shocks,False,36.0,3663.0,2985.5,3033.9,3061.4,3032.9,3061.4,3061.4
20,2920,3183,5+ shocks,False,36.0,3663.0,2985.5,3054.2,3083.0,3052.9,3083.0,3083.0
20,2940,3183,5+ shocks,False,30.0,3663.0,3030.9,3060.0,3059.1,3038.7,3059.1,3059.1
20,2960,3183,5+ shocks,False,30.0,3663.0,3030.9,3080.9,3079.1,3058.7,3079.1,3079.1
20,2980,3183,5+ shocks,False,30.0,3663.0,3030.9,3101.3,3099.1,3078.7,3099.1,3099.1
20,3000,3183,5+ shocks,False,27.0,3663.0,3004.5,3094.8,3105.0,3089.8,3105.0,3105.0
20,3020,3183,5+ shocks,False,27.0,3663.0,3069.0,3105.1,3122.3,3109.8,3122.3,3122.3
20,3040,3183,5+ shocks,False,27.0,3663.0,3069.0,3125.4,3142.3,3129.8,3142.3,3142.3
20,3060,3183,5+ shocks,False,21.0,3663.0,3082.8,3109.0,3139.2,3134.4,3139.2,3139.2
20,3080,3183,5+ shocks,False,21.0,3663.0,3082.8,3129.2,3159.2,3154.4,3159.2,3159.2
20,3100,3183,5+ shocks,False,15.0,3663.0,3133.3,3149.6,3179.0,3174.2,3179.0,3179.0
20,3120,3183,5+ shocks,False,15.0,3663.0,3133.3,3170.1,3199.0,3194.2,3199.0,3199.0
20,3140,3183,5+ shocks,False,15.0,3663.0,3141.0,3190.2,3219.0,3214.2,3219.0,3219.0
20,3160,3183,5+ shocks,False,15.0,3663.0,3161.0,3210.3,3239.0,3234.2,3239.0,3239.0
21,100,1318,0 shocks,True,189.0,2197.0,2197.0,1249.1,1349.4,1011.7,2197.0,1011.7
21,120,1318,0 shocks,True,189.0,2197.0,2197.0,1282.8,1369.4,1031.7,2197.0,1031.7
21,140,1318,0 shocks,True,189.0,2197.0,2197.0,1314.4,1383.1,1051.7,2197.0,1051.7
21,160,1318,0 shocks,True,189.0,2197.0,2197.0,1344.6,1394.0,1071.7,2197.0,1071.7
21,180,1318,0 shocks,True,189.0,2197.0,2197.0,1373.7,1418.9,1089.7,2197.0,1089.7
21,200,1318,0 shocks,True,189.0,2197.0,2197.0,1401.9,1441.4,1105.5,2197.0,1105.5
21,220,1318,0 shocks,True,189.0,2197.0,2197.0,1429.3,1467.7,1125.5,2197.0,1125.5
21,240,1318,0 shocks,True,189.0,2208.0,2208.0,1456.1,1490.2,1143.4,2208.0,1143.4
21,260,1318,0 shocks,True,189.0,2208.0,2208.0,1482.4,1507.0,1163.4,2208.0,1163.4
21,280,1318,0 shocks,True,189.0,2208.0,2208.0,1508.3,1526.0,1183.4,2208.0,1183.4
21,300,1318,0 shocks,True,189.0,2208.0,2208.0,1533.8,1541.5,1201.1,2208.0,1201.1
21,320,1318,0 shocks,True,189.0,2208.0,2208.0,1559.0,1551.6,1215.7,2208.0,1215.7
21,340,1318,0 shocks,True,189.0,2208.0,2208.0,1583.9,1567.3,1228.4,2208.0,1228.4
21,360,1318,0 shocks,True,189.0,2208.0,2208.0,1608.5,1587.6,1235.1,2208.0,1235.1
21,380,1318,0 shocks,True,189.0,2219.0,2219.0,1632.8,1605.3,1249.2,2219.0,1249.2
21,400,1318,0 shocks,True,189.0,2219.0,2219.0,1657.0,1630.4,1249.3,2219.0,1249.3
21,420,1318,0 shocks,True,189.0,2219.0,2219.0,1681.0,1650.4,1257.6,2219.0,1257.6
21,440,1318,0 shocks,True,190.0,2219.0,2219.0,1704.8,1248.3,1261.8,2219.0,1261.8
21,460,1318,0 shocks,True,190.0,2219.0,2219.0,1728.4,1271.8,1282.1,2219.0,1282.1
21,480,1318,0 shocks,True,189.0,2219.0,2219.0,1751.9,1714.1,1301.6,2219.0,1301.6
21,500,1318,0 shocks,True,189.0,2226.0,2226.0,1775.3,1734.3,1321.6,2226.0,1321.6
21,520,1318,1 shock,True,185.0,2208.0,2208.0,1137.1,1283.7,1270.0,1283.7,1283.7
21,540,1318,1 shock,True,185.0,2208.0,2208.0,1257.1,1336.7,1301.5,1336.7,1336.7
21,560,1318,1 shock,True,185.0,2208.0,2208.0,1335.3,1435.3,1334.6,1435.3,1435.3
21,580,1318,2 shocks,True,171.0,2208.0,1686.7,1133.5,1160.7,1081.1,1160.7,1160.7
21,600,1318,2 shocks,True,170.0,2208.0,1679.3,1230.7,1193.0,1101.1,1193.0,1193.0
21,620,1318,2 shocks,True,169.0,2208.0,1672.0,1233.1,1231.2,1125.3,1231.2,1231.2
21,640,1318,3-4 shocks,True,164.0,2219.0,1565.5,1269.6,1212.5,1070.5,1212.5,1212.5
21,660,1318,3-4 shocks,True,165.0,2219.0,1572.0,1338.3,1248.2,1089.9,1248.2,1248.2
21,680,1318,3-4 shocks,True,149.0,2219.0,1468.0,1227.0,1313.3,1116.3,1313.3,1313.3
21,700,1318,3-4 shocks,True,149.0,2219.0,1500.3,1214.6,1277.0,1119.3,1277.0,1277.0
21,720,1318,3-4 shocks,True,138.0,2219.0,1430.7,1166.8,1332.0,1140.6,1332.0,1332.0
21,740,1318,5+ shocks,True,132.0,2226.0,1400.0,1182.2,1199.6,1079.0,1199.6,1199.6
21,760,1318,5+ shocks,True,132.0,2226.0,1331.1,1074.8,1187.7,1075.8,1187.7,1187.7
21,780,1318,5+ shocks,True,132.0,2226.0,1331.1,1097.0,1212.8,1095.8,1212.8,1212.8
21,800,1318,5+ shocks,True,123.0,2226.0,1342.8,1177.6,1163.6,1084.9,1163.6,1163.6
21,820,1318,5+ shocks,True,123.0,2226.0,1342.8,1202.1,1183.6,1104.9,1183.6,1183.6
21,840,1318,5+ shocks,True,116.0,2226.0,1313.6,1146.9,1205.9,1123.4,1205.9,1205.9
21,860,1318,5+ shocks,True,108.0,2233.0,1275.2,1117.9,1201.3,1117.1,1201.3,1201.3
21,880,1318,5+ shocks,True,108.0,2233.0,1275.2,1140.7,1223.9,1137.1,1223.9,1223.9
21,900,1318,5+ shocks,False,96.0,2233.0,1217.9,1133.9,1177.0,1128.8,1177.0,1177.0
21,920,1318,5+ shocks,False,96.0,2233.0,1270.6,1192.9,1222.2,1154.7,1222.2,1222.2
21,940,1318,5+ shocks,False,87.0,2233.0,1227.1,1189.1,1197.7,1153.5,1197.7,1197.7
21,960,1318,5+ shocks,False,87.0,2233.0,1271.4,1202.0,1237.2,1177.9,1237.2,1237.2
21,980,1318,5+ shocks,False,87.0,2233.0,1271.4,1223.8,1257.2,1197.9,1257.2,1257.2
21,1000,1318,5+ shocks,False,77.0,2233.0,1268.8,1214.7,1223.6,1171.5,1223.6,1223.6
21,1020,1318,5+ shocks,False,77.0,2233.0,1268.8,1236.7,1243.6,1190.2,1243.6,1243.6
21,1040,1318,5+ shocks,False,63.0,2233.0,1200.8,1215.3,1236.1,1198.2,1236.1,1236.1
21,1060,1318,5+ shocks,False,63.0,2245.0,1254.7,1241.5,1267.6,1220.9,1267.6,1267.6
21,1080,1318,5+ shocks,False,53.0,2245.0,1240.4,1213.6,1249.9,1214.9,1249.9,1249.9
21,1100,1318,5+ shocks,False,53.0,2245.0,1240.4,1235.6,1270.2,1234.9,1270.2,1270.2
21,1120,1318,5+ shocks,False,47.0,2257.0,1211.2,1237.1,1255.8,1233.4,1255.8,1255.8
21,1140,1318,5+ shocks,False,47.0,2282.5,1254.0,1260.5,1286.4,1255.3,1286.4,1286.4
21,1160,1318,5+ shocks,False,47.0,2282.5,1254.0,1281.3,1306.4,1275.3,1306.4,1306.4
21,1180,1318,5+ shocks,False,36.0,2282.5,1250.2,1264.3,1292.9,1277.3,1292.9,1292.9
21,1200,1318,5+ shocks,False,36.0,2282.5,1250.2,1285.1,1312.9,1297.3,1312.9,1312.9
21,1220,1318,5+ shocks,False,30.0,2282.5,1270.2,1279.7,1310.9,1303.1,1310.9,1310.9
21,1240,1318,5+ shocks,False,30.0,2282.5,1270.2,1300.7,1331.0,1323.1,1331.0,1331.0
21,1260,1318,5+ shocks,False,30.0,2282.5,1270.2,1321.1,1351.0,1343.0,1351.0,1351.0
21,1280,1318,5+ shocks,False,24.0,2308.0,1291.9,1313.1,1357.5,1352.7,1357.5,1357.5
21,1300,1318,5+ shocks,False,9.0,2314.0,1316.9,1325.6,1365.0,1364.8,1365.0,1365.0
22,100,1112,0 shocks,True,189.0,2197.0,2197.0,1264.2,1388.3,1506.1,2197.0,1506.1
22,120,1112,0 shocks,True,190.0,2197.0,2197.0,1297.3,801.4,1510.9,2197.0,1510.9
22,140,1112,0 shocks,True,189.0,2197.0,2197.0,1328.6,1418.9,1546.1,2197.0,1546.1
22,160,1112,0 shocks,True,189.0,2197.0,2197.0,1358.3,1435.4,1566.1,2197.0,1566.1
22,180,1112,0 shocks,True,189.0,2197.0,2197.0,1387.1,1453.0,1579.9,2197.0,1579.9
22,200,1112,0 shocks,True,189.0,2197.0,2197.0,1414.9,1468.2,1593.8,2197.0,1593.8
22,220,1112,0 shocks,True,189.0,2197.0,2197.0,1442.0,1491.1,1604.6,2197.0,1604.6
22,240,1112,0 shocks,True,189.0,2208.0,2208.0,1468.6,1526.4,1624.6,2208.0,1624.6
22,260,1112,0 shocks,True,189.0,2208.0,2208.0,1494.6,1545.6,1644.6,2208.0,1644.6
22,280,1112,0 shocks,True,189.0,2208.0,2208.0,1520.3,1559.5,1664.6,2208.0,1664.6
22,300,1112,0 shocks,True,189.0,2208.0,2208.0,1545.6,1565.9,1684.6,2208.0,1684.6
22,320,1112,0 shocks,True,189.0,2208.0,2208.0,1570.5,1582.0,1701.4,2208.0,1701.4
22,340,1112,0 shocks,True,189.0,2208.0,2208.0,1595.2,1599.6,1712.3,2208.0,1712.3
22,360,1112,0 shocks,True,189.0,2208.0,2208.0,1619.6,1610.3,1713.2,2208.0,1713.2
22,380,1112,0 shocks,True,189.0,2219.0,2219.0,1643.8,1630.3,1730.0,2219.0,1730.0
22,400,1112,0 shocks,True,189.0,2219.0,2219.0,1667.8,1654.8,1741.1,2219.0,1741.1
22,420,1112,0 shocks,True,189.0,2219.0,2219.0,1691.6,1675.5,1751.5,2219.0,1751.5
22,440,1112,0 shocks,True,190.0,2219.0,2219.0,1715.2,1255.7,1747.0,2219.0,1747.0
22,460,1112,0 shocks,True,190.0,2219.0,2219.0,1738.7,1275.7,1767.0,2219.0,1767.0
22,480,1112,0 shocks,True,190.0,2219.0,2219.0,1762.1,1295.7,1788.1,2219.0,1788.1
22,500,1112,0 shocks,True,189.0,2226.0,2226.0,1785.3,1756.2,1818.5,2226.0,1818.5
22,520,1112,0 shocks,True,186.0,2245.0,2245.0,1808.4,1786.2,1838.5,2245.0,1838.5
22,540,1112,1 shock,True,186.0,2208.0,2208.0,1264.9,1341.6,1780.2,1341.6,1341.6
22,560,1112,1 shock,True,186.0,2208.0,2208.0,1376.5,1379.7,1817.2,1379.7,1379.7
22,580,1112,2 shocks,True,180.0,2208.0,1352.1,1135.7,1105.0,1206.2,1105.0,1105.0
22,600,1112,2 shocks,True,180.0,2208.0,1352.1,1191.0,1130.9,1226.2,1130.9,1130.9
22,620,1112,3-4 shocks,True,177.0,2208.0,1352.1,1226.5,1156.9,1246.2,1156.9,1156.9
22,640,1112,3-4 shocks,True,165.0,2219.0,1174.6,983.5,1067.9,1128.2,1067.9,1067.9
22,660,1112,5+ shocks,True,161.0,2219.0,1104.4,884.4,1095.0,1148.2,1095.0,1095.0
22,680,1112,5+ shocks,True,156.0,2219.0,1079.1,896.0,1114.2,1168.2,1114.2,1114.2
22,700,1112,5+ shocks,True,156.0,2219.0,1090.5,917.3,1138.5,1188.2,1138.5,1138.5
22,720,1112,5+ shocks,True,150.0,2219.0,1090.7,928.5,1163.4,1209.8,1163.4,1163.4
22,740,1112,5+ shocks,True,135.0,2226.0,1048.4,906.9,1195.3,1235.3,1195.3,1195.3
22,760,1112,5+ shocks,True,135.0,2226.0,1048.8,915.1,1219.9,1257.4,1219.9,1219.9
22,780,1112,5+ shocks,True,125.0,2226.0,1050.2,946.3,1177.6,1224.2,1177.6,1177.6
22,800,1112,5+ shocks,True,114.0,2226.0,1059.9,963.6,1202.2,1248.6,1202.2,1202.2
22,820,1112,5+ shocks,True,113.0,2226.0,1057.1,984.2,1222.2,1268.6,1222.2,1222.2
22,840,1112,5+ shocks,False,100.0,2226.0,1049.5,980.8,1176.5,1218.3,1176.5,1176.5
22,860,1112,5+ shocks,False,91.0,2233.0,1024.3,989.1,1171.7,1206.3,1171.7,1171.7
22,880,1112,5+ shocks,False,89.0,2233.0,1059.6,1018.0,1188.5,1225.3,1188.5,1188.5
22,900,1112,5+ shocks,False,77.0,2233.0,1048.5,988.4,1143.8,1156.9,1143.8,1143.8
22,920,1112,5+ shocks,False,66.0,2233.0,1033.0,998.7,1155.4,1165.1,1155.4,1155.4
22,940,1112,5+ shocks,False,58.0,2233.0,1034.3,1012.9,1127.3,1131.4,1127.3,1127.3
22,960,1112,5+ shocks,False,57.0,2233.0,1031.6,1032.0,1147.3,1151.4,1147.3,1147.3
22,980,1112,5+ shocks,False,47.0,2233.0,1044.1,1045.2,1121.2,1122.9,1121.2,1121.2
22,1000,1112,5+ shocks,False,39.0,2233.0,1042.6,1043.3,1106.0,1105.9,1106.0,1106.0
22,1020,1112,5+ shocks,False,38.0,2233.0,1039.9,1061.9,1126.0,1125.5,1126.0,1126.0
22,1040,1112,5+ shocks,False,32.0,2233.0,1073.2,1079.3,1130.1,1127.3,1130.1,1130.1
22,1060,1112,5+ shocks,False,29.0,2245.0,1064.6,1092.4,1143.7,1137.5,1143.7,1143.7
22,1080,1112,5+ shocks,False,17.0,2245.0,1087.6,1091.7,1155.3,1150.1,1155.3,1155.3
22,1100,1112,5+ shocks,False,14.0,2245.0,1106.5,1113.3,1180.0,1175.7,1180.0,1180.0
23,100,1123,0 shocks,True,190.0,2197.0,2197.0,1260.8,780.0,701.1,2197.0,701.1
23,120,1123,0 shocks,True,189.0,2197.0,2197.0,1294.7,1422.0,724.2,2197.0,724.2
23,140,1123,0 shocks,True,189.0,2197.0,2197.0,1326.5,1433.2,744.2,2197.0,744.2
23,160,1123,0 shocks,True,189.0,2197.0,2197.0,1356.9,1449.7,764.2,2197.0,764.2
23,180,1123,0 shocks,True,189.0,2197.0,2197.0,1386.1,1469.7,784.2,2197.0,784.2
23,200,1123,0 shocks,True,189.0,2197.0,2197.0,1414.5,1485.8,801.3,2197.0,801.3
23,220,1123,0 shocks,True,189.0,2197.0,2197.0,1442.0,1513.2,819.9,2197.0,819.9
23,240,1123,0 shocks,True,189.0,2208.0,2208.0,1469.0,1549.0,839.9,2208.0,839.9
23,260,1123,0 shocks,True,189.0,2208.0,2208.0,1495.4,1563.5,859.9,2208.0,859.9
23,280,1123,0 shocks,True,189.0,2208.0,2208.0,1521.4,1580.4,879.9,2208.0,879.9
23,300,1123,0 shocks,True,189.0,2208.0,2208.0,1547.0,1585.9,899.9,2208.0,899.9
23,320,1123,0 shocks,True,189.0,2208.0,2208.0,1572.3,1603.6,916.1,2208.0,916.1
23,340,1123,0 shocks,True,189.0,2208.0,2208.0,1597.3,1620.8,927.3,2208.0,927.3
23,360,1123,0 shocks,True,189.0,2208.0,2208.0,1622.0,1638.2,943.8,2208.0,943.8
23,380,1123,0 shocks,True,189.0,2219.0,2219.0,1646.4,1658.2,962.1,2219.0,962.1
23,400,1123,0 shocks,True,189.0,2219.0,2219.0,1670.7,1678.2,977.7,2219.0,977.7
23,420,1123,0 shocks,True,189.0,2219.0,2219.0,1694.7,1704.1,993.1,2219.0,993.1
23,440,1123,0 shocks,True,189.0,2219.0,2219.0,1718.6,1725.8,1010.9,2219.0,1010.9
23,460,1123,0 shocks,True,189.0,2219.0,2219.0,1742.3,1745.8,1030.9,2219.0,1030.9
23,480,1123,0 shocks,True,189.0,2219.0,2219.0,1765.9,1765.8,1048.4,2219.0,1048.4
23,500,1123,0 shocks,True,189.0,2226.0,2226.0,1789.3,1786.7,1068.4,2226.0,1068.4
23,520,1123,0 shocks,True,189.0,2245.0,2245.0,1812.6,1817.6,1088.4,2245.0,1088.4
23,540,1123,0 shocks,True,190.0,2257.0,2257.0,1835.8,1450.8,1105.6,2257.0,1105.6
23,560,1123,0 shocks,True,189.0,2257.0,2257.0,1858.9,1886.0,1126.8,2257.0,1126.8
23,580,1123,0 shocks,True,189.0,2308.0,2308.0,1881.8,1921.4,1146.8,2308.0,1146.8
23,600,1123,0 shocks,True,189.0,2282.5,2282.5,1904.7,1951.4,1166.8,2282.5,1166.8
23,620,1123,0 shocks,True,180.0,2308.0,2308.0,1927.5,1870.1,1186.8,2308.0,1186.8
23,640,1123,1 shock,True,180.0,2219.0,2219.0,1269.7,1410.8,1179.8,1410.8,1410.8
23,660,1123,1 shock,True,180.0,2219.0,2219.0,1367.1,1499.1,1199.8,1499.1,1499.1
23,680,1123,2 shocks,True,166.0,2219.0,1452.0,1088.2,1001.5,1006.4,1001.5,1001.5
23,700,1123,2 shocks,True,166.0,2219.0,1452.0,1156.7,1035.1,1026.4,1035.1,1035.1
23,720,1123,3-4 shocks,True,151.0,2219.0,1411.7,1144.7,1039.6,1030.1,1039.6,1039.6
23,740,1123,3-4 shocks,True,151.0,2226.0,1411.7,1220.4,1061.9,1050.1,1061.9,1061.9
23,760,1123,3-4 shocks,True,151.0,2226.0,1411.7,1264.0,1093.9,1070.1,1093.9,1093.9
23,780,1123,3-4 shocks,True,135.0,2226.0,1377.4,1135.1,1089.2,1082.6,1089.2,1089.2
23,800,1123,3-4 shocks,True,126.0,2226.0,1329.7,1117.3,1078.3,1068.2,1078.3,1078.3
23,820,1123,5+ shocks,True,126.0,2226.0,1327.1,1160.7,1058.0,1059.6,1058.0,1058.0
23,840,1123,5+ shocks,True,114.0,2226.0,1270.2,1122.1,1077.6,1077.6,1077.6,1077.6
23,860,1123,5+ shocks,True,105.0,2233.0,1228.4,1123.6,1072.4,1064.9,1072.4,1072.4
23,880,1123,5+ shocks,True,105.0,2233.0,1242.2,1132.1,1088.1,1084.9,1088.1,1088.1
23,900,1123,5+ shocks,False,90.0,2233.0,1175.6,1118.3,1085.4,1083.7,1085.4,1085.4
23,920,1123,5+ shocks,False,90.0,2233.0,1217.7,1153.3,1101.1,1103.9,1101.1,1101.1
23,940,1123,5+ shocks,False,75.0,2233.0,1180.0,1118.9,1086.7,1086.3,1086.7,1086.7
23,960,1123,5+ shocks,False,75.0,2233.0,1180.0,1141.8,1106.7,1106.3,1106.7,1106.7
23,980,1123,5+ shocks,False,69.0,2233.0,1189.3,1146.9,1129.7,1129.6,1129.7,1129.7
23,1000,1123,5+ shocks,False,69.0,2233.0,1189.3,1169.0,1150.7,1149.6,1150.7,1150.7
23,1020,1123,5+ shocks,False,57.0,2233.0,1181.8,1160.2,1148.5,1143.6,1148.5,1148.5
23,1040,1123,5+ shocks,False,45.0,2233.0,1140.2,1118.6,1124.6,1125.9,1124.6,1124.6
23,1060,1123,5+ shocks,False,39.0,2245.0,1129.6,1122.4,1136.3,1138.7,1136.3,1136.3
23,1080,1123,5+ shocks,False,33.0,2245.0,1122.7,1126.2,1150.9,1152.3,1150.9,1150.9
23,1100,1123,5+ shocks,False,21.0,2245.0,1104.7,1118.3,1160.8,1161.3,1160.8,1160.8
24,100,726,0 shocks,True,189.0,2197.0,2197.0,1309.4,1498.9,1716.8,2197.0,1716.8
24,120,726,0 shocks,True,189.0,2197.0,2197.0,1340.6,1518.9,1736.8,2197.0,1736.8
24,140,726,0 shocks,True,189.0,2197.0,2197.0,1370.2,1530.7,1756.8,2197.0,1756.8
24,160,726,0 shocks,True,189.0,2197.0,2197.0,1398.5,1543.5,1776.8,2197.0,1776.8
24,180,726,0 shocks,True,189.0,2197.0,2197.0,1425.9,1562.4,1796.8,2197.0,1796.8
24,200,726,0 shocks,True,189.0,2197.0,2197.0,1452.6,1580.6,1813.1,2197.0,1813.1
24,220,726,0 shocks,True,189.0,2197.0,2197.0,1478.6,1602.0,1833.1,2197.0,1833.1
24,240,726,0 shocks,True,189.0,2208.0,2208.0,1504.2,1621.2,1853.1,2208.0,1853.1
24,260,726,0 shocks,True,189.0,2208.0,2208.0,1529.3,1639.0,1873.1,2208.0,1873.1
24,280,726,0 shocks,True,189.0,2208.0,2208.0,1554.1,1655.7,1893.1,2208.0,1893.1
24,300,726,0 shocks,True,189.0,2208.0,2208.0,1578.5,1673.1,1913.1,2208.0,1913.1
24,320,726,0 shocks,True,189.0,2208.0,2208.0,1602.7,1690.9,1932.8,2208.0,1932.8
24,340,726,0 shocks,True,189.0,2208.0,2208.0,1626.6,1701.2,1945.3,2208.0,1945.3
24,360,726,0 shocks,True,189.0,2208.0,2208.0,1650.4,1697.0,1956.3,2208.0,1956.3
24,380,726,0 shocks,True,190.0,2219.0,2219.0,1673.9,1323.9,1964.8,2219.0,1964.8
24,400,726,0 shocks,True,190.0,2219.0,2219.0,1697.3,1347.2,1965.8,2219.0,1965.8
24,420,726,0 shocks,True,190.0,2219.0,2219.0,1720.5,1367.2,1972.5,2219.0,1972.5
24,440,726,0 shocks,True,189.0,2219.0,2219.0,1743.5,1750.4,1979.4,2219.0,1979.4
24,460,726,0 shocks,True,190.0,2219.0,2219.0,1766.5,1409.0,1982.8,2219.0,1982.8
24,480,726,0 shocks,True,190.0,2219.0,2219.0,1789.3,1429.0,1984.7,2219.0,1984.7
24,500,726,0 shocks,True,190.0,2226.0,2226.0,1812.0,1449.0,1999.7,2226.0,1999.7
24,520,726,1 shock,True,171.0,2208.0,2208.0,851.0,929.5,1370.5,929.5,929.5
24,540,726,1 shock,True,171.0,2208.0,2208.0,938.6,981.4,1401.7,981.4,981.4
24,560,726,2 shocks,True,153.0,2208.0,1178.3,828.6,829.2,932.6,829.2,829.2
24,580,726,2 shocks,True,152.0,2208.0,1173.7,887.8,850.6,952.6,850.6,850.6
24,600,726,3-4 shocks,True,126.0,2208.0,1101.3,872.3,844.5,944.5,844.5,844.5
24,620,726,3-4 shocks,True,126.0,2208.0,1101.3,919.6,866.1,965.4,866.1,866.1
24,640,726,3-4 shocks,False,101.0,2219.0,963.1,779.2,815.2,874.0,815.2,815.2
24,660,726,5+ shocks,False,81.0,2219.0,873.1,818.0,774.5,819.1,774.5,774.5
24,680,726,5+ shocks,False,59.0,2219.0,794.3,777.9,777.6,809.3,777.6,777.6
24,700,726,5+ shocks,False,41.0,2219.0,755.2,751.5,773.9,791.4,773.9,773.9
25,100,3631,0 shocks,True,190.0,2109.0,2109.0,1232.5,753.5,2394.8,2109.0,2394.8
25,120,3631,0 shocks,True,190.0,2109.0,2109.0,1263.1,773.5,2414.8,2109.0,2414.8
25,140,3631,0 shocks,True,190.0,2109.0,2109.0,1292.1,787.3,2434.8,2109.0,2434.8
25,160,3631,0 shocks,True,190.0,2109.0,2109.0,1320.0,798.5,2454.8,2109.0,2454.8
25,180,3631,0 shocks,True,190.0,2109.0,2109.0,1347.0,817.5,2474.8,2109.0,2474.8
25,200,3631,0 shocks,True,190.0,2109.0,2109.0,1373.3,835.9,2494.8,2109.0,2494.8
25,220,3631,0 shocks,True,190.0,2109.0,2109.0,1399.0,878.4,2514.6,2109.0,2514.6
25,240,3631,0 shocks,True,190.0,2153.0,2153.0,1424.3,992.4,2534.6,2153.0,2534.6
25,260,3631,0 shocks,True,190.0,2153.0,2153.0,1449.1,1016.3,2554.6,2153.0,2554.6
25,280,3631,0 shocks,True,190.0,2153.0,2153.0,1473.6,1038.1,2574.6,2153.0,2574.6
25,300,3631,0 shocks,True,190.0,2153.0,2153.0,1497.8,1056.2,2594.6,2153.0,2594.6
25,320,3631,0 shocks,True,190.0,2153.0,2153.0,1521.8,1075.1,2605.1,2153.0,2605.1
25,340,3631,0 shocks,True,190.0,2153.0,2153.0,1545.5,1097.3,2599.4,2153.0,2599.4
25,360,3631,0 shocks,True,190.0,2153.0,2153.0,1569.0,1116.3,2600.7,2153.0,2600.7
25,380,3631,0 shocks,True,190.0,2197.0,2197.0,1592.4,1145.5,2612.6,2197.0,2612.6
25,400,3631,0 shocks,True,190.0,2197.0,2197.0,1615.6,1167.4,2623.8,2197.0,2623.8
25,420,3631,0 shocks,True,190.0,2197.0,2197.0,1638.6,1190.0,2635.9,2197.0,2635.9
25,440,3631,0 shocks,True,190.0,2197.0,2197.0,1661.5,1210.0,2652.2,2197.0,2652.2
25,460,3631,0 shocks,True,190.0,2197.0,2197.0,1684.3,1230.0,2669.7,2197.0,2669.7
25,480,3631,0 shocks,True,190.0,2197.0,2197.0,1706.9,1253.1,2666.3,2197.0,2666.3
25,500,3631,0 shocks,True,190.0,2208.0,2208.0,1729.5,1281.5,2675.7,2208.0,2675.7
25,520,3631,0 shocks,True,190.0,2226.0,2226.0,1752.0,1323.4,2679.7,2226.0,2679.7
25,540,3631,0 shocks,True,190.0,2233.0,2233.0,1774.3,1359.8,2686.2,2233.0,2686.2
25,560,3631,0 shocks,True,190.0,2233.0,2233.0,1796.6,1391.7,2706.2,2233.0,2706.2
25,580,3631,0 shocks,True,190.0,2257.0,2257.0,1818.8,1420.0,2726.2,2257.0,2726.2
25,600,3631,0 shocks,True,190.0,2245.0,2245.0,1841.0,1460.7,2744.0,2245.0,2744.0
25,620,3631,0 shocks,True,190.0,2282.5,2282.5,1863.1,1494.9,2759.2,2282.5,2759.2
25,640,3631,0 shocks,True,190.0,2282.5,2282.5,1885.1,1568.2,2779.2,2282.5,2779.2
25,660,3631,0 shocks,True,190.0,2308.0,2308.0,1907.0,1604.3,2799.2,2308.0,2799.2
25,680,3631,0 shocks,True,190.0,2314.0,2314.0,1928.9,1670.4,2819.2,2314.0,2819.2
25,700,3631,0 shocks,True,190.0,2320.0,2320.0,1950.8,1700.9,2830.4,2320.0,2830.4
25,720,3631,0 shocks,True,190.0,2320.0,2320.0,1972.6,1730.6,2845.2,2320.0,2845.2
25,740,3631,0 shocks,True,190.0,2341.0,2341.0,1994.3,1750.6,2865.2,2341.0,2865.2
25,760,3631,0 shocks,True,190.0,2383.0,2383.0,2016.0,1770.6,2867.9,2383.0,2867.9
25,780,3631,0 shocks,True,190.0,2362.0,2362.0,2037.7,1790.6,2887.9,2362.0,2887.9
25,800,3631,0 shocks,True,190.0,2362.0,2362.0,2059.3,1810.6,2871.7,2362.0,2871.7
25,820,3631,0 shocks,True,190.0,2383.0,2383.0,2080.9,1830.6,2869.3,2383.0,2869.3
25,840,3631,0 shocks,True,190.0,2404.0,2404.0,2102.5,1850.6,2879.2,2404.0,2879.2
25,860,3631,0 shocks,True,190.0,2413.5,2413.5,2124.0,1870.6,2883.8,2413.5,2883.8
25,880,3631,0 shocks,True,190.0,2404.0,2404.0,2145.5,1890.6,2893.4,2404.0,2893.4
25,900,3631,0 shocks,True,190.0,2413.5,2413.5,2166.9,1910.6,2905.7,2413.5,2905.7
25,920,3631,0 shocks,True,190.0,2413.5,2413.5,2188.4,1930.6,2919.7,2413.5,2919.7
25,940,3631,0 shocks,True,190.0,2423.0,2423.0,2209.7,1950.6,2939.7,2423.0,2939.7
25,960,3631,0 shocks,True,190.0,2423.0,2423.0,2231.1,1970.6,2945.4,2423.0,2945.4
25,980,3631,0 shocks,True,190.0,2423.0,2423.0,2252.5,1987.0,2957.5,2423.0,2957.5
25,1000,3631,0 shocks,True,190.0,2423.0,2423.0,2273.8,2005.7,2967.0,2423.0,2967.0
25,1020,3631,0 shocks,True,190.0,2423.0,2423.0,2295.1,2024.2,2972.5,2423.0,2972.5
25,1040,3631,0 shocks,True,190.0,2423.0,2423.0,2316.3,2044.2,2988.2,2423.0,2988.2
25,1060,3631,0 shocks,True,190.0,2423.0,2423.0,2337.6,2061.5,3008.2,2423.0,3008.2
25,1080,3631,0 shocks,True,190.0,2423.0,2423.0,2358.8,2081.5,3028.2,2423.0,3028.2
25,1100,3631,0 shocks,True,190.0,2424.5,2424.5,2380.0,2101.5,3048.2,2424.5,3048.2
25,1120,3631,0 shocks,True,190.0,2426.0,2426.0,2401.2,2121.5,3068.2,2426.0,3068.2
25,1140,3631,0 shocks,True,190.0,2426.0,2426.0,2422.3,2140.3,3088.2,2426.0,3088.2
25,1160,3631,0 shocks,True,190.0,2426.0,2426.0,2443.5,2160.3,3102.1,2426.0,3102.1
25,1180,3631,0 shocks,True,190.0,2426.0,2426.0,2464.6,2180.3,3122.1,2426.0,3122.1
25,1200,3631,0 shocks,True,190.0,2426.0,2426.0,2485.7,2200.3,3142.1,2426.0,3142.1
25,1220,3631,0 shocks,True,190.0,2424.5,2424.5,2506.8,2220.3,3162.1,2424.5,3162.1
25,1240,3631,0 shocks,True,190.0,2424.5,2424.5,2527.8,2240.3,3182.1,2424.5,3182.1
25,1260,3631,0 shocks,True,190.0,2426.0,2426.0,2548.9,2260.3,3202.1,2426.0,3202.1
25,1280,3631,0 shocks,True,190.0,2424.5,2424.5,2569.9,2280.3,3222.1,2424.5,3222.1
25,1300,3631,0 shocks,True,190.0,2424.5,2424.5,2590.9,2300.3,3242.1,2424.5,3242.1
25,1320,3631,0 shocks,True,190.0,2426.0,2426.0,2611.9,2320.3,3262.1,2426.0,3262.1
25,1340,3631,0 shocks,True,190.0,2598.0,2598.0,2632.9,2340.3,3282.1,2598.0,3282.1
25,1360,3631,0 shocks,True,190.0,2612.5,2612.5,2653.9,2360.3,3302.1,2612.5,3302.1
25,1380,3631,0 shocks,True,190.0,2612.5,2612.5,2674.9,2380.3,3322.1,2612.5,3322.1
25,1400,3631,0 shocks,True,190.0,2598.0,2598.0,2695.8,2400.3,3342.1,2598.0,3342.1
25,1420,3631,0 shocks,True,190.0,2389.0,2389.0,2716.8,2420.3,3362.1,2389.0,3362.1
25,1440,3631,0 shocks,True,190.0,2409.0,2409.0,2737.7,2440.3,3382.1,2409.0,3382.1
25,1460,3631,0 shocks,True,190.0,2429.0,2429.0,2758.6,2460.3,3402.1,2429.0,3402.1
25,1480,3631,0 shocks,True,190.0,2449.0,2449.0,2779.5,2480.3,3422.1,2449.0,3422.1
25,1500,3631,1 shock,True,176.0,2320.0,2320.0,2281.4,2079.1,2270.6,2079.1,2079.1
25,1520,3631,1 shock,True,176.0,2362.0,2362.0,2525.0,2101.1,2290.6,2101.1,2101.1
25,1540,3631,1 shock,True,176.0,2362.0,2362.0,2653.5,2216.8,2324.8,2216.8,2216.8
25,1560,3631,1 shock,True,176.0,2362.0,2362.0,2748.3,2281.5,2352.2,2281.5,2281.5
25,1580,3631,1 shock,True,176.0,2363.5,2363.5,2826.2,2335.1,2383.4,2335.1,2335.1
25,1600,3631,1 shock,True,176.0,2365.0,2365.0,2893.7,2357.0,2403.4,2357.0,2357.0
25,1620,3631,1 shock,True,176.0,2365.0,2365.0,2954.2,2377.0,2423.4,2377.0,2377.0
25,1640,3631,1 shock,True,176.0,2365.0,2365.0,3009.4,2397.0,2443.4,2397.0,2397.0
25,1660,3631,2 shocks,True,164.0,2365.0,4146.2,2485.3,2463.3,2544.3,2463.3,2463.3
25,1680,3631,2 shocks,True,164.0,2382.5,4146.2,2675.5,2492.4,2564.3,2492.4,2492.4
25,1700,3631,2 shocks,True,164.0,2382.5,4146.2,2766.5,2523.1,2589.7,2523.1,2523.1
25,1720,3631,2 shocks,True,164.0,2382.5,4146.2,2820.1,2540.3,2612.4,2540.3,2540.3
25,1740,3631,2 shocks,True,164.0,2402.0,4146.2,2853.7,2560.3,2632.4,2560.3,2560.3
25,1760,3631,2 shocks,True,164.0,2402.0,4146.2,2875.0,2580.3,2652.4,2580.3,2580.3
25,1780,3631,2 shocks,True,164.0,2402.0,4146.2,2888.2,2600.3,2672.4,2600.3,2600.3
25,1800,3631,2 shocks,True,164.0,2402.0,4146.2,2895.9,2620.3,2692.4,2620.3,2620.3
25,1820,3631,3-4 shocks,True,152.0,2404.0,4102.9,2930.5,2610.9,2703.2,2610.9,2610.9
25,1840,3631,3-4 shocks,True,152.0,2404.0,4102.9,3027.5,2640.7,2723.2,2640.7,2640.7
25,1860,3631,3-4 shocks,True,152.0,2404.0,4102.9,3091.7,2672.2,2749.1,2672.2,2672.2
25,1880,3631,3-4 shocks,True,152.0,2404.0,4102.9,3143.3,2692.2,2779.5,2692.2,2692.2
25,1900,3631,3-4 shocks,True,152.0,2404.0,4102.9,3187.9,2712.2,2799.5,2712.2,2712.2
25,1920,3631,3-4 shocks,True,149.0,2404.0,3936.2,2758.5,2865.7,3130.2,2865.7,2865.7
25,1940,3631,3-4 shocks,True,149.0,2404.0,3936.2,2877.5,2888.0,3150.2,2888.0,2888.0
25,1960,3631,3-4 shocks,True,149.0,2404.0,3936.2,2941.5,2913.5,3170.2,2913.5,2913.5
25,1980,3631,3-4 shocks,True,149.0,2413.0,3936.2,2990.7,2935.3,3198.3,2935.3,2935.3
25,2000,3631,3-4 shocks,True,149.0,2413.0,3936.2,3032.8,2955.3,3226.2,2955.3,2955.3
25,2020,3631,3-4 shocks,True,137.0,2413.0,3749.6,2869.5,2975.3,3246.2,2975.3,2975.3
25,2040,3631,5+ shocks,True,135.0,2413.0,3723.3,3331.8,2893.3,3118.0,2893.3,2893.3
25,2060,3631,5+ shocks,True,135.0,2422.0,3723.3,3363.1,2921.0,3138.0,2921.0,2921.0
25,2080,3631,5+ shocks,True,135.0,2422.0,3723.3,3389.6,2948.4,3163.4,2948.4,2948.4
25,2100,3631,5+ shocks,True,135.0,2422.0,3723.3,3414.2,2968.4,3194.0,2968.4,2968.4
25,2120,3631,5+ shocks,True,135.0,2422.5,3723.3,3437.8,2988.4,3214.0,2988.4,2988.4
25,2140,3631,5+ shocks,True,125.0,2422.5,3608.0,3275.4,2963.9,3160.3,2963.9,2963.9
25,2160,3631,5+ shocks,True,125.0,2422.5,3608.0,3306.1,2983.0,3180.3,2983.0,2983.0
25,2180,3631,5+ shocks,True,125.0,2422.5,3608.0,3332.1,3010.2,3207.1,3010.2,3010.2
25,2200,3631,5+ shocks,True,125.0,2423.0,3608.0,3356.3,3030.2,3234.6,3030.2,3030.2
25,2220,3631,5+ shocks,True,125.0,2424.5,3608.0,3379.5,3050.2,3254.6,3050.2,3050.2
25,2240,3631,5+ shocks,True,111.0,2426.0,3412.0,3279.8,3058.8,3258.3,3058.8,3058.8
25,2260,3631,5+ shocks,True,111.0,2503.5,3513.7,3302.1,2978.4,3033.7,2978.4,2978.4
25,2280,3631,5+ shocks,True,111.0,2503.5,3513.7,3330.9,2997.6,3053.7,2997.6,2997.6
25,2300,3631,5+ shocks,True,111.0,2503.5,3513.7,3356.1,3027.9,3078.8,3027.9,3027.9
25,2320,3631,5+ shocks,True,111.0,2589.5,3513.7,3379.7,3047.9,3110.8,3047.9,3047.9
25,2340,3631,5+ shocks,True,111.0,2589.5,3513.7,3402.6,3067.9,3134.1,3067.9,3067.9
25,2360,3631,5+ shocks,True,111.0,2589.5,3513.7,3425.0,3087.9,3154.1,3087.9,3087.9
25,2380,3631,5+ shocks,True,110.0,2612.5,3499.8,3437.8,3107.9,3174.1,3107.9,3107.9
25,2400,3631,5+ shocks,True,110.0,2627.0,3499.8,3459.5,3127.9,3194.1,3127.9,3127.9
25,2420,3631,5+ shocks,True,110.0,2670.5,3499.8,3481.0,3147.9,3214.1,3147.9,3147.9
25,2440,3631,5+ shocks,True,110.0,2894.0,3499.8,3502.4,3167.9,3234.1,3167.9,3167.9
25,2460,3631,5+ shocks,True,110.0,2894.0,3499.8,3523.6,3187.9,3254.1,3187.9,3187.9
25,2480,3631,5+ shocks,True,110.0,2894.0,3499.8,3544.7,3207.9,3274.1,3207.9,3207.9
25,2500,3631,5+ shocks,False,104.0,2894.0,3416.8,3510.2,3225.2,3295.4,3225.2,3225.2
25,2520,3631,5+ shocks,False,104.0,2894.0,3850.3,3879.2,3387.0,3590.2,3387.0,3387.0
25,2540,3631,5+ shocks,False,104.0,2894.0,3850.3,3909.2,3406.1,3610.2,3406.1,3406.1
25,2560,3631,5+ shocks,False,104.0,2894.0,3850.3,3935.5,3426.1,3637.4,3426.1,3426.1
25,2580,3631,5+ shocks,False,104.0,2894.0,3850.3,3960.0,3446.1,3657.4,3446.1,3446.1
25,2600,3631,5+ shocks,False,104.0,3183.0,3850.3,3983.6,3466.1,3677.4,3466.1,3466.1
25,2620,3631,5+ shocks,False,93.0,3183.0,3744.8,3566.3,3462.6,3658.5,3462.6,3462.6
25,2640,3631,5+ shocks,False,93.0,3274.5,3744.8,3595.3,3481.8,3678.5,3481.8,3481.8
25,2660,3631,5+ shocks,False,93.0,3274.5,3744.8,3620.3,3501.8,3705.5,3501.8,3501.8
25,2680,3631,5+ shocks,False,93.0,3274.5,3744.8,3643.8,3521.8,3725.5,3521.8,3521.8
25,2700,3631,5+ shocks,False,93.0,3274.5,3744.8,3666.5,3541.8,3745.5,3541.8,3541.8
25,2720,3631,5+ shocks,False,93.0,3366.0,3744.8,3688.7,3561.8,3765.5,3561.8,3561.8
25,2740,3631,5+ shocks,False,89.0,3366.0,3809.3,3676.4,3576.0,3826.1,3576.0,3576.0
25,2760,3631,5+ shocks,False,89.0,3366.0,3809.3,3714.8,3598.1,3846.1,3598.1,3598.1
25,2780,3631,5+ shocks,False,89.0,3366.0,3809.3,3741.6,3618.1,3866.1,3618.1,3618.1
25,2800,3631,5+ shocks,False,89.0,3366.0,3809.3,3765.9,3638.1,3893.4,3638.1,3638.1
25,2820,3631,5+ shocks,False,89.0,3366.0,3809.3,3789.1,3658.1,3913.4,3658.1,3658.1
25,2840,3631,5+ shocks,False,89.0,3366.0,3809.3,3811.5,3678.1,3933.4,3678.1,3678.1
25,2860,3631,5+ shocks,False,79.0,3366.0,3754.0,3654.4,3592.1,3817.6,3592.1,3592.1
25,2880,3631,5+ shocks,False,78.0,3366.0,3738.9,3673.8,3601.4,3837.6,3601.4,3601.4
25,2900,3631,5+ shocks,False,78.0,3530.5,3738.9,3698.6,3621.4,3857.6,3621.4,3621.4
25,2920,3631,5+ shocks,False,79.0,3530.5,3754.0,3732.5,3641.4,3877.6,3641.4,3641.4
25,2940,3631,5+ shocks,False,79.0,3530.5,3754.0,3754.9,3671.3,3897.6,3671.3,3671.3
25,2960,3631,5+ shocks,False,65.0,3530.5,3543.1,3623.0,3677.4,3917.6,3677.4,3677.4
25,2980,3631,5+ shocks,False,63.0,3530.5,3610.1,3590.7,3668.3,3839.4,3668.3,3668.3
25,3000,3631,5+ shocks,False,63.0,3530.5,3610.1,3615.5,3687.6,3859.4,3687.6,3687.6
25,3020,3631,5+ shocks,False,63.0,3530.5,3610.1,3638.4,3707.6,3868.4,3707.6,3707.6
25,3040,3631,5+ shocks,False,63.0,3530.5,3610.1,3660.5,3719.6,3888.4,3719.6,3719.6
25,3060,3631,5+ shocks,False,59.0,3530.5,3550.9,3637.2,3661.6,3769.9,3661.6,3661.6
25,3080,3631,5+ shocks,False,59.0,3530.5,3640.0,3625.3,3678.5,3810.7,3678.5,3678.5
25,3100,3631,5+ shocks,False,59.0,3530.5,3640.0,3649.7,3697.9,3830.7,3697.9,3697.9
25,3120,3631,5+ shocks,False,59.0,3530.5,3640.0,3672.4,3717.9,3850.7,3717.9,3717.9
25,3140,3631,5+ shocks,False,59.0,3530.5,3640.0,3694.3,3746.2,3870.7,3746.2,3746.2
25,3160,3631,5+ shocks,False,59.0,3530.5,3640.0,3715.8,3766.2,3890.7,3766.2,3766.2
25,3180,3631,5+ shocks,False,44.0,3530.5,3422.5,3565.1,3555.7,3601.1,3555.7,3555.7
25,3200,3631,5+ shocks,False,44.0,3695.0,3536.6,3589.0,3571.5,3618.0,3571.5,3571.5
25,3220,3631,5+ shocks,False,44.0,3695.0,3536.6,3611.8,3591.1,3638.0,3591.1,3591.1
25,3240,3631,5+ shocks,False,44.0,3695.0,3536.6,3633.6,3611.1,3658.0,3611.1,3611.1
25,3260,3631,5+ shocks,False,44.0,3695.0,3536.6,3654.9,3636.2,3678.0,3636.2,3636.2
25,3280,3631,5+ shocks,False,44.0,3695.0,3536.6,3675.9,3656.2,3698.0,3656.2,3656.2
25,3300,3631,5+ shocks,False,35.0,3695.0,3512.4,3564.3,3611.5,3636.3,3611.5,3611.5
25,3320,3631,5+ shocks,False,35.0,3695.0,3512.4,3586.9,3631.2,3656.3,3631.2,3631.2
25,3340,3631,5+ shocks,False,35.0,3695.0,3512.4,3608.3,3651.2,3676.3,3651.2,3651.2
25,3360,3631,5+ shocks,False,35.0,3695.0,3512.4,3629.3,3675.5,3696.3,3675.5,3675.5
25,3380,3631,5+ shocks,False,35.0,3862.0,3512.4,3650.1,3695.5,3716.3,3695.5,3695.5
25,3400,3631,5+ shocks,False,35.0,3862.0,3512.4,3670.7,3715.5,3736.3,3715.5,3715.5
25,3420,3631,5+ shocks,False,26.0,3862.0,3504.1,3561.2,3642.2,3648.2,3642.2,3642.2
25,3440,3631,5+ shocks,False,26.0,3862.0,3504.1,3582.6,3662.0,3668.2,3662.0,3662.0
25,3460,3631,5+ shocks,False,26.0,3862.0,3504.1,3603.4,3682.0,3688.2,3682.0,3682.0
25,3480,3631,5+ shocks,False,26.0,3862.0,3504.1,3623.9,3705.1,3708.2,3705.1,3705.1
25,3500,3631,5+ shocks,False,26.0,3862.0,3504.1,3644.3,3725.1,3728.2,3725.1,3725.1
25,3520,3631,5+ shocks,False,26.0,3862.0,3521.0,3664.7,3745.1,3748.2,3745.1,3745.1
25,3540,3631,5+ shocks,False,20.0,3862.0,3596.7,3640.6,3713.3,3711.2,3713.3,3713.3
25,3560,3631,5+ shocks,False,20.0,3862.0,3596.7,3662.2,3733.3,3731.2,3733.3,3733.3
25,3580,3631,5+ shocks,False,20.0,3862.0,3596.7,3682.8,3753.3,3751.2,3753.3,3753.3
25,3600,3631,5+ shocks,False,20.0,3862.0,3601.0,3703.3,3773.3,3771.2,3773.3,3773.3
26,100,2197,0 shocks,True,189.0,2109.0,2109.0,1218.4,1309.3,2288.8,2109.0,2288.8
26,120,2197,0 shocks,True,189.0,2109.0,2109.0,1252.9,1326.9,2308.8,2109.0,2308.8
26,140,2197,0 shocks,True,189.0,2109.0,2109.0,1285.3,1339.5,2328.8,2109.0,2328.8
26,160,2197,0 shocks,True,189.0,2109.0,2109.0,1316.2,1352.9,2348.8,2109.0,2348.8
26,180,2197,0 shocks,True,189.0,2109.0,2109.0,1345.8,1368.6,2368.8,2109.0,2368.8
26,200,2197,0 shocks,True,189.0,2109.0,2109.0,1374.6,1384.0,2388.8,2109.0,2388.8
26,220,2197,0 shocks,True,189.0,2109.0,2109.0,1402.5,1408.4,2408.8,2109.0,2408.8
26,240,2197,0 shocks,True,189.0,2164.0,2164.0,1429.8,1431.3,2428.8,2164.0,2428.8
26,260,2197,0 shocks,True,189.0,2164.0,2164.0,1456.5,1451.3,2448.8,2164.0,2448.8
26,280,2197,0 shocks,True,189.0,2164.0,2164.0,1482.8,1460.8,2468.8,2164.0,2468.8
26,300,2197,0 shocks,True,189.0,2164.0,2164.0,1508.7,1480.2,2488.8,2164.0,2488.8
26,320,2197,0 shocks,True,189.0,2164.0,2164.0,1534.2,1493.0,2495.1,2164.0,2495.1
26,340,2197,0 shocks,True,189.0,2164.0,2164.0,1559.4,1511.0,2485.9,2164.0,2485.9
26,360,2197,0 shocks,True,189.0,2164.0,2164.0,1584.4,1530.5,2476.8,2164.0,2476.8
26,380,2197,0 shocks,True,189.0,2219.0,2219.0,1609.0,1553.6,2465.4,2219.0,2465.4
26,400,2197,0 shocks,True,189.0,2219.0,2219.0,1633.5,1575.7,2449.4,2219.0,2449.4
26,420,2197,0 shocks,True,189.0,2219.0,2219.0,1657.8,1598.5,2443.5,2219.0,2443.5
26,440,2197,0 shocks,True,189.0,2219.0,2219.0,1681.8,1618.5,2434.3,2219.0,2434.3
26,460,2197,0 shocks,True,189.0,2219.0,2219.0,1705.7,1638.5,2436.5,2219.0,2436.5
26,480,2197,0 shocks,True,189.0,2219.0,2219.0,1729.5,1656.0,2438.2,2219.0,2438.2
26,500,2197,0 shocks,True,189.0,2226.0,2226.0,1753.1,1679.0,2434.0,2226.0,2434.0
26,520,2197,0 shocks,True,189.0,2245.0,2245.0,1776.6,1708.2,2443.5,2245.0,2443.5
26,540,2197,0 shocks,True,189.0,2257.0,2257.0,1799.9,1737.3,2455.4,2257.0,2455.4
26,560,2197,0 shocks,True,189.0,2257.0,2257.0,1823.2,1768.0,2475.4,2257.0,2475.4
26,580,2197,0 shocks,True,189.0,2308.0,2308.0,1846.3,1800.3,2488.1,2308.0,2488.1
26,600,2197,0 shocks,True,189.0,2282.5,2282.5,1869.3,1840.5,2503.1,2282.5,2503.1
26,620,2197,0 shocks,True,189.0,2314.0,2314.0,1892.3,1876.8,2516.4,2314.0,2516.4
26,640,2197,0 shocks,True,189.0,2314.0,2314.0,1915.2,1930.5,2536.4,2314.0,2536.4
26,660,2197,0 shocks,True,189.0,2320.0,2320.0,1937.9,1960.9,2556.4,2320.0,2556.4
26,680,2197,0 shocks,True,189.0,2341.0,2341.0,1960.6,2027.7,2576.4,2341.0,2576.4
26,700,2197,0 shocks,True,189.0,2362.0,2362.0,1983.2,2057.8,2596.4,2362.0,2596.4
26,720,2197,0 shocks,True,189.0,2362.0,2362.0,2005.8,2088.0,2616.4,2362.0,2616.4
26,740,2197,1 shock,True,183.0,2226.0,2226.0,1374.1,1825.6,2393.2,1825.6,1825.6
26,760,2197,1 shock,True,183.0,2226.0,2226.0,1587.9,1846.2,2407.4,1846.2,1846.2
26,780,2197,1 shock,True,183.0,2226.0,2226.0,1695.0,1922.9,2440.7,1922.9,1922.9
26,800,2197,1 shock,True,183.0,2226.0,2226.0,1772.6,2045.5,2471.5,2045.5,2045.5
26,820,2197,1 shock,True,183.0,2226.0,2226.0,1835.7,2114.9,2504.4,2114.9,2114.9
26,840,2197,1 shock,True,183.0,2226.0,2226.0,1889.9,2160.6,2508.4,2160.6,2160.6
26,860,2197,1 shock,True,183.0,2233.0,2233.0,1938.1,2194.4,2523.3,2194.4,2194.4
26,880,2197,1 shock,True,183.0,2233.0,2233.0,1982.0,2226.0,2525.0,2226.0,2226.0
26,900,2197,1 shock,True,183.0,2233.0,2233.0,2022.5,2252.7,2545.0,2252.7,2252.7
26,920,2197,1 shock,True,168.0,2233.0,2233.0,1487.1,2276.3,2554.0,2276.3,2276.3
26,940,2197,2 shocks,True,168.0,2233.0,4000.3,2031.6,2060.4,2147.3,2060.4,2060.4
26,960,2197,2 shocks,True,168.0,2233.0,4000.3,2146.4,2099.4,2159.9,2099.4,2099.4
26,980,2197,2 shocks,True,168.0,2233.0,4000.3,2182.3,2118.3,2197.2,2118.3,2118.3
26,1000,2197,2 shocks,True,168.0,2233.0,4000.3,2185.1,2143.6,2221.6,2143.6,2143.6
26,1020,2197,2 shocks,True,168.0,2233.0,4000.3,2171.4,2168.6,2236.1,2168.6,2168.6
26,1040,2197,2 shocks,True,168.0,2233.0,4000.3,2149.1,2188.6,2251.8,2188.6,2188.6
26,1060,2197,2 shocks,True,168.0,2245.0,4000.3,2122.6,2208.6,2268.1,2208.6,2208.6
26,1080,2197,2 shocks,True,160.0,2245.0,3835.0,1921.6,2228.6,2276.2,2228.6,2228.6
26,1100,2197,3-4 shocks,True,160.0,2245.0,3764.8,2511.2,2454.6,2492.0,2454.6,2454.6
26,1120,2197,3-4 shocks,True,160.0,2257.0,3764.8,2603.8,2474.6,2512.0,2474.6,2474.6
26,1140,2197,3-4 shocks,True,160.0,2282.5,3764.8,2670.0,2494.4,2563.4,2494.4,2494.4
26,1160,2197,3-4 shocks,True,147.0,2282.5,3088.7,1903.3,2262.6,2309.8,2262.6,2262.6
26,1180,2197,3-4 shocks,True,147.0,2282.5,3088.7,1973.3,2282.1,2329.8,2282.1,2282.1
26,1200,2197,3-4 shocks,True,147.0,2282.5,3088.7,2022.0,2305.6,2369.9,2305.6,2305.6
26,1220,2197,3-4 shocks,True,133.0,2282.5,2876.1,1874.9,2335.0,2386.7,2335.0,2335.0
26,1240,2197,5+ shocks,True,133.0,2282.5,2747.5,2316.9,2032.9,2047.9,2032.9,2032.9
26,1260,2197,5+ shocks,True,133.0,2282.5,2747.5,2346.6,2052.9,2067.9,2052.9,2052.9
26,1280,2197,5+ shocks,True,133.0,2308.0,2747.5,2372.6,2090.9,2102.0,2090.9,2090.9
26,1300,2197,5+ shocks,True,126.0,2314.0,2602.9,2227.6,2180.7,2260.4,2180.7,2180.7
26,1320,2197,5+ shocks,True,126.0,2341.0,2602.9,2260.1,2199.2,2280.4,2199.2,2199.2
26,1340,2197,5+ shocks,True,126.0,2341.0,2602.9,2286.5,2219.2,2317.2,2219.2,2219.2
26,1360,2197,5+ shocks,True,118.0,2341.0,2504.6,2254.5,2250.6,2342.9,2250.6,2250.6
26,1380,2197,5+ shocks,True,118.0,2341.0,2511.5,2224.5,2252.2,2325.2,2252.2,2252.2
26,1400,2197,5+ shocks,True,118.0,2341.0,2511.5,2253.3,2272.2,2345.2,2272.2,2272.2
26,1420,2197,5+ shocks,True,118.0,2341.0,2511.5,2278.3,2292.2,2381.7,2292.2,2292.2
26,1440,2197,5+ shocks,True,118.0,2341.0,2511.5,2301.9,2323.6,2413.9,2323.6,2323.6
26,1460,2197,5+ shocks,True,118.0,2362.0,2511.5,2324.7,2347.3,2433.9,2347.3,2347.3
26,1480,2197,5+ shocks,True,111.0,2362.0,2545.8,2355.4,2528.0,2574.7,2528.0,2528.0
26,1500,2197,5+ shocks,True,111.0,2362.0,2545.8,2389.3,2546.2,2594.7,2546.2,2546.2
26,1520,2197,5+ shocks,True,111.0,2365.0,2545.8,2415.9,2566.2,2633.8,2566.2,2566.2
26,1540,2197,5+ shocks,False,101.0,2365.0,2429.0,2362.3,2441.3,2485.2,2441.3,2441.3
26,1560,2197,5+ shocks,False,102.0,2365.0,2468.0,2258.8,2385.7,2443.2,2385.7,2385.7
26,1580,2197,5+ shocks,False,102.0,2382.5,2468.0,2285.5,2407.6,2475.5,2407.6,2407.6
26,1600,2197,5+ shocks,False,102.0,2400.0,2468.0,2309.5,2427.6,2495.5,2427.6,2427.6
26,1620,2197,5+ shocks,False,102.0,2400.0,2468.0,2332.4,2461.1,2537.8,2461.1,2461.1
26,1640,2197,5+ shocks,False,90.0,2400.0,2425.8,2294.7,2339.6,2394.8,2339.6,2339.6
26,1660,2197,5+ shocks,False,90.0,2400.0,2425.8,2329.9,2358.4,2414.8,2358.4,2358.4
26,1680,2197,5+ shocks,False,90.0,2402.0,2425.8,2355.6,2378.4,2434.8,2378.4,2378.4
26,1700,2197,5+ shocks,False,83.0,2402.0,2357.1,2188.6,2401.4,2438.0,2401.4,2401.4
26,1720,2197,5+ shocks,False,83.0,2402.0,2357.1,2213.9,2421.4,2455.7,2421.4,2421.4
26,1740,2197,5+ shocks,False,83.0,2413.0,2357.1,2236.9,2441.4,2475.7,2441.4,2441.4
26,1760,2197,5+ shocks,False,83.0,2413.0,2357.1,2259.0,2462.4,2491.2,2462.4,2462.4
26,1780,2197,5+ shocks,False,69.0,2413.0,2292.7,2243.1,2256.1,2272.6,2256.1,2256.1
26,1800,2197,5+ shocks,False,69.0,2413.0,2292.7,2270.1,2275.2,2292.6,2275.2,2275.2
26,1820,2197,5+ shocks,False,69.0,2422.0,2292.7,2293.4,2297.0,2312.6,2297.0,2297.0
26,1840,2197,5+ shocks,False,69.0,2422.0,2292.7,2315.7,2323.2,2332.6,2323.2,2323.2
26,1860,2197,5+ shocks,False,57.0,2422.0,2235.6,2215.9,2200.8,2206.5,2200.8,2200.8
26,1880,2197,5+ shocks,False,57.0,2422.0,2235.6,2240.1,2220.3,2226.5,2220.3,2220.3
26,1900,2197,5+ shocks,False,57.0,2422.0,2235.6,2262.4,2241.5,2246.5,2241.5,2241.5
26,1920,2197,5+ shocks,False,42.0,2422.0,2141.0,2145.3,2106.0,2104.9,2106.0,2106.0
26,1940,2197,5+ shocks,False,42.0,2422.0,2141.0,2168.7,2125.7,2124.9,2125.7,2125.7
26,1960,2197,5+ shocks,False,42.0,2422.0,2141.0,2190.3,2145.7,2144.9,2145.7,2145.7
26,1980,2197,5+ shocks,False,42.0,2422.5,2141.0,2211.4,2168.9,2164.9,2168.9,2168.9
26,2000,2197,5+ shocks,False,39.0,2422.5,2193.8,2212.9,2179.3,2174.8,2179.3,2179.3
26,2020,2197,5+ shocks,False,39.0,2422.5,2193.8,2237.0,2198.9,2194.8,2198.9,2198.9
26,2040,2197,5+ shocks,False,39.0,2422.5,2193.8,2258.8,2218.9,2214.8,2218.9,2218.9
26,2060,2197,5+ shocks,False,39.0,2423.0,2193.8,2279.9,2238.9,2234.8,2238.9,2238.9
26,2080,2197,5+ shocks,False,33.0,2423.0,2200.7,2233.0,2225.8,2215.5,2225.8,2225.8
26,2100,2197,5+ shocks,False,33.0,2423.0,2200.7,2254.6,2245.8,2235.5,2245.8,2245.8
26,2120,2197,5+ shocks,False,21.0,2424.5,2158.1,2176.1,2208.0,2206.5,2208.0,2208.0
26,2140,2197,5+ shocks,False,21.0,2424.5,2158.1,2197.3,2227.9,2226.5,2227.9,2227.9
26,2160,2197,5+ shocks,False,21.0,2424.5,2161.0,2217.8,2247.9,2246.5,2247.9,2247.9
26,2180,2197,5+ shocks,False,21.0,2424.5,2181.0,2238.1,2267.7,2266.5,2267.7,2267.7
27,100,2233,0 shocks,True,189.0,2109.0,2109.0,1226.4,1313.1,2258.5,2109.0,2258.5
27,120,2233,0 shocks,True,189.0,2109.0,2109.0,1261.1,1333.1,2278.5,2109.0,2278.5
27,140,2233,0 shocks,True,189.0,2109.0,2109.0,1293.6,1343.1,2298.5,2109.0,2298.5
27,160,2233,0 shocks,True,189.0,2109.0,2109.0,1324.6,1357.1,2318.5,2109.0,2318.5
27,180,2233,0 shocks,True,189.0,2109.0,2109.0,1354.4,1375.1,2338.5,2109.0,2338.5
27,200,2233,0 shocks,True,189.0,2109.0,2109.0,1383.2,1394.8,2358.5,2109.0,2358.5
27,220,2233,0 shocks,True,189.0,2109.0,2109.0,1411.2,1421.6,2378.5,2109.0,2378.5
27,240,2233,0 shocks,True,189.0,2153.0,2153.0,1438.6,1448.0,2398.5,2153.0,2398.5
27,260,2233,0 shocks,True,189.0,2153.0,2153.0,1465.4,1468.0,2418.5,2153.0,2418.5
27,280,2233,0 shocks,True,189.0,2153.0,2153.0,1491.8,1480.1,2438.5,2153.0,2438.5
27,300,2233,0 shocks,True,189.0,2153.0,2153.0,1517.7,1497.4,2457.3,2153.0,2457.3
27,320,2233,0 shocks,True,189.0,2153.0,2153.0,1543.3,1511.6,2460.3,2153.0,2460.3
27,340,2233,0 shocks,True,189.0,2153.0,2153.0,1568.6,1520.7,2449.5,2153.0,2449.5
27,360,2233,0 shocks,True,189.0,2153.0,2153.0,1593.6,1540.1,2442.3,2153.0,2442.3
27,380,2233,0 shocks,True,189.0,2197.0,2197.0,1618.3,1560.1,2431.8,2197.0,2431.8
27,400,2233,0 shocks,True,189.0,2197.0,2197.0,1642.9,1588.0,2414.9,2197.0,2414.9
27,420,2233,0 shocks,True,189.0,2197.0,2197.0,1667.2,1608.0,2420.7,2197.0,2420.7
27,440,2233,0 shocks,True,189.0,2197.0,2197.0,1691.3,1628.0,2404.5,2197.0,2404.5
27,460,2233,0 shocks,True,189.0,2197.0,2197.0,1715.2,1648.0,2402.8,2197.0,2402.8
27,480,2233,0 shocks,True,189.0,2197.0,2197.0,1739.0,1668.0,2376.6,2197.0,2376.6
27,500,2233,0 shocks,True,189.0,2208.0,2208.0,1762.7,1685.8,2377.0,2208.0,2377.0
27,520,2233,0 shocks,True,189.0,2238.0,2238.0,1786.2,1724.6,2382.3,2238.0,2382.3
27,540,2233,0 shocks,True,189.0,2257.0,2257.0,1809.6,1771.5,2393.4,2257.0,2393.4
27,560,2233,0 shocks,True,189.0,2257.0,2257.0,1832.9,1792.8,2401.8,2257.0,2401.8
27,580,2233,0 shocks,True,189.0,2308.0,2308.0,1856.1,1816.4,2421.8,2308.0,2421.8
27,600,2233,0 shocks,True,189.0,2282.5,2282.5,1879.1,1851.8,2437.3,2282.5,2437.3
27,620,2233,0 shocks,True,189.0,2314.0,2314.0,1902.1,1882.1,2453.6,2314.0,2453.6
27,640,2233,0 shocks,True,189.0,2314.0,2314.0,1925.0,1945.8,2473.6,2314.0,2473.6
27,660,2233,0 shocks,True,189.0,2320.0,2320.0,1947.8,1980.6,2493.6,2320.0,2493.6
27,680,2233,0 shocks,True,189.0,2341.0,2341.0,1970.6,2036.6,2513.6,2341.0,2513.6
27,700,2233,0 shocks,True,189.0,2362.0,2362.0,1993.2,2073.0,2533.6,2362.0,2533.6
27,720,2233,0 shocks,True,189.0,2362.0,2362.0,2015.8,2096.1,2553.6,2362.0,2553.6
27,740,2233,0 shocks,True,189.0,2383.0,2383.0,2038.3,2122.3,2573.6,2383.0,2573.6
27,760,2233,0 shocks,True,189.0,2413.0,2413.0,2060.8,2144.5,2589.9,2413.0,2589.9
27,780,2233,0 shocks,True,189.0,2404.0,2404.0,2083.2,2164.5,2609.9,2404.0,2609.9
27,800,2233,0 shocks,True,189.0,2404.0,2404.0,2105.5,2184.5,2618.0,2404.0,2618.0
27,820,2233,0 shocks,True,189.0,2413.5,2413.5,2127.8,2204.5,2616.8,2413.5,2616.8
27,840,2233,0 shocks,True,189.0,2423.0,2423.0,2150.1,2224.5,2622.0,2423.0,2622.0
27,860,2233,0 shocks,True,189.0,2424.5,2424.5,2172.3,2244.5,2628.0,2424.5,2628.0
27,880,2233,0 shocks,True,189.0,2423.0,2423.0,2194.4,2264.5,2634.9,2423.0,2634.9
27,900,2233,0 shocks,True,189.0,2424.5,2424.5,2216.5,2284.5,2654.9,2424.5,2654.9
27,920,2233,0 shocks,True,189.0,2424.5,2424.5,2238.6,2304.5,2651.0,2424.5,2651.0
27,940,2233,0 shocks,True,189.0,2426.0,2426.0,2260.6,2324.5,2671.0,2426.0,2671.0
27,960,2233,0 shocks,True,189.0,2426.0,2426.0,2282.5,2344.5,2676.6,2426.0,2676.6
27,980,2233,0 shocks,True,189.0,2426.0,2426.0,2304.5,2364.5,2692.1,2426.0,2692.1
27,1000,2233,0 shocks,True,189.0,2426.0,2426.0,2326.4,2383.4,2707.6,2426.0,2707.6
27,1020,2233,0 shocks,True,189.0,2426.0,2426.0,2348.2,2403.4,2721.5,2426.0,2721.5
27,1040,2233,0 shocks,True,189.0,2426.0,2426.0,2370.1,2423.4,2732.6,2426.0,2732.6
27,1060,2233,0 shocks,True,189.0,2426.0,2426.0,2391.9,2443.4,2749.7,2426.0,2749.7
27,1080,2233,0 shocks,True,189.0,2426.0,2426.0,2413.6,2463.4,2764.5,2426.0,2764.5
27,1100,2233,0 shocks,True,189.0,2503.5,2503.5,2435.4,2483.4,2784.5,2503.5,2784.5
27,1120,2233,0 shocks,True,189.0,2581.0,2581.0,2457.1,2503.4,2804.5,2581.0,2804.5
27,1140,2233,0 shocks,True,189.0,2581.0,2581.0,2478.8,2523.4,2819.7,2581.0,2819.7
27,1160,2233,0 shocks,True,189.0,2581.0,2581.0,2500.4,2543.4,2839.7,2581.0,2839.7
27,1180,2233,0 shocks,True,189.0,2581.0,2581.0,2522.1,2563.4,2859.7,2581.0,2859.7
27,1200,2233,0 shocks,True,189.0,2581.0,2581.0,2543.7,2583.4,2879.7,2581.0,2879.7
27,1220,2233,0 shocks,True,189.0,2512.0,2512.0,2565.2,2603.4,2893.7,2512.0,2893.7
27,1240,2233,0 shocks,True,189.0,2512.0,2512.0,2586.8,2623.4,2913.7,2512.0,2913.7
27,1260,2233,0 shocks,True,189.0,2598.0,2598.0,2608.3,2643.4,2933.7,2598.0,2933.7
27,1280,2233,0 shocks,True,189.0,2512.0,2512.0,2629.8,2663.4,2953.7,2512.0,2953.7
27,1300,2233,0 shocks,True,189.0,2512.0,2512.0,2651.3,2683.4,2973.7,2512.0,2973.7
27,1320,2233,0 shocks,True,189.0,2598.0,2598.0,2672.8,2703.4,2993.7,2598.0,2993.7
27,1340,2233,1 shock,True,171.0,2341.0,2341.0,2047.9,1872.9,2050.5,1872.9,1872.9
27,1360,2233,1 shock,True,171.0,2341.0,2341.0,2171.6,1925.2,2081.3,1925.2,1925.2
27,1380,2233,1 shock,True,171.0,2341.0,2341.0,2255.9,2003.1,2107.8,2003.1,2003.1
27,1400,2233,1 shock,True,171.0,2341.0,2341.0,2323.3,2068.2,2130.7,2068.2,2068.2
27,1420,2233,1 shock,True,171.0,2341.0,2341.0,2381.0,2108.2,2167.7,2108.2,2108.2
27,1440,2233,1 shock,True,171.0,2341.0,2341.0,2432.4,2128.1,2187.7,2128.1,2128.1
27,1460,2233,2 shocks,True,160.0,2362.0,3473.0,2111.6,2317.9,2295.5,2317.9,2317.9
27,1480,2233,2 shocks,True,160.0,2362.0,3473.0,2307.5,2340.1,2315.5,2340.1,2340.1
27,1500,2233,2 shocks,True,160.0,2362.0,3473.0,2392.6,2382.6,2335.5,2382.6,2382.6
27,1520,2233,2 shocks,True,147.0,2365.0,3286.7,2183.9,2407.8,2364.5,2407.8,2407.8
27,1540,2233,3-4 shocks,True,147.0,2365.0,2912.8,2203.0,2137.5,2190.4,2137.5,2137.5
27,1560,2233,3-4 shocks,True,147.0,2365.0,2912.8,2261.4,2170.6,2208.9,2170.6,2170.6
27,1580,2233,3-4 shocks,True,133.0,2382.5,2628.6,1989.0,2159.9,2215.7,2159.9,2159.9
27,1600,2233,3-4 shocks,True,133.0,2400.0,2628.6,2056.1,2179.9,2235.7,2179.9,2179.9
27,1620,2233,3-4 shocks,True,133.0,2400.0,2628.6,2098.1,2215.6,2255.7,2215.6,2215.6
27,1640,2233,5+ shocks,True,117.0,2400.0,2447.1,2203.1,2161.3,2183.1,2161.3,2161.3
27,1660,2233,5+ shocks,True,117.0,2400.0,2447.1,2230.6,2192.6,2203.1,2192.6,2192.6
27,1680,2233,5+ shocks,True,117.0,2402.0,2447.1,2254.7,2218.7,2228.1,2218.7,2218.7
27,1700,2233,5+ shocks,False,101.0,2402.0,2312.9,2202.2,2180.1,2163.9,2180.1,2180.1
27,1720,2233,5+ shocks,False,101.0,2402.0,2384.2,2256.0,2165.3,2194.2,2165.3,2165.3
27,1740,2233,5+ shocks,False,101.0,2413.0,2384.2,2281.7,2197.6,2215.7,2197.6,2197.6
27,1760,2233,5+ shocks,False,101.0,2413.0,2384.2,2305.1,2229.6,2237.5,2229.6,2229.6
27,1780,2233,5+ shocks,False,93.0,2413.0,2368.3,2246.8,2232.4,2249.4,2232.4,2232.4
27,1800,2233,5+ shocks,False,93.0,2413.0,2368.3,2272.7,2260.5,2269.4,2260.5,2260.5
27,1820,2233,5+ shocks,False,93.0,2422.0,2368.3,2296.0,2285.7,2289.4,2285.7,2285.7
27,1840,2233,5+ shocks,False,78.0,2422.0,2299.0,2219.3,2138.0,2149.4,2138.0,2138.0
27,1860,2233,5+ shocks,False,78.0,2422.0,2299.0,2244.8,2163.2,2170.8,2163.2,2163.2
27,1880,2233,5+ shocks,False,78.0,2422.0,2299.0,2267.7,2187.7,2190.8,2187.7,2187.7
27,1900,2233,5+ shocks,False,66.0,2422.0,2260.1,2211.6,2197.4,2206.8,2197.4,2197.4
27,1920,2233,5+ shocks,False,66.0,2422.0,2260.1,2236.8,2219.4,2226.8,2219.4,2219.4
27,1940,2233,5+ shocks,False,66.0,2422.0,2260.1,2259.4,2245.9,2246.8,2245.9,2245.9
27,1960,2233,5+ shocks,False,51.0,2422.0,2204.7,2188.0,2186.4,2189.5,2186.4,2186.4
27,1980,2233,5+ shocks,False,51.0,2422.5,2204.7,2213.5,2206.4,2209.5,2206.4,2206.4
27,2000,2233,5+ shocks,False,51.0,2422.5,2204.7,2235.7,2231.1,2228.5,2231.1,2231.1
27,2020,2233,5+ shocks,False,39.0,2422.5,2166.3,2171.5,2170.3,2170.6,2170.3,2170.3
27,2040,2233,5+ shocks,False,39.0,2422.5,2166.3,2194.6,2190.3,2190.6,2190.3,2190.3
27,2060,2233,5+ shocks,False,39.0,2423.0,2166.3,2216.0,2211.3,2210.6,2211.3,2211.3
27,2080,2233,5+ shocks,False,39.0,2423.0,2166.3,2236.9,2232.5,2231.2,2232.5,2232.5
27,2100,2233,5+ shocks,False,30.0,2423.0,2170.8,2202.0,2218.8,2213.2,2218.8,2218.8
27,2120,2233,5+ shocks,False,30.0,2424.5,2170.8,2223.4,2239.2,2233.2,2239.2,2239.2
27,2140,2233,5+ shocks,False,30.0,2424.5,2170.8,2244.1,2259.2,2253.2,2259.2,2259.2
27,2160,2233,5+ shocks,False,30.0,2424.5,2170.8,2264.7,2284.5,2273.6,2284.5,2284.5
27,2180,2233,5+ shocks,False,13.0,2424.5,2199.0,2232.0,2262.9,2261.2,2262.9,2262.9
27,2200,2233,5+ shocks,False,13.0,2426.0,2201.0,2252.7,2283.1,2281.2,2283.1,2283.1
27,2220,2233,5+ shocks,False,12.0,2503.5,2221.0,2273.0,2303.1,2301.2,2303.1,2303.1
28,100,1045,0 shocks,True,190.0,2197.0,2197.0,1268.7,790.4,1204.6,2197.0,1204.6
28,120,1045,0 shocks,True,190.0,2197.0,2197.0,1301.9,810.4,1224.6,2197.0,1224.6
28,140,1045,0 shocks,True,190.0,2197.0,2197.0,1333.2,827.4,1244.6,2197.0,1244.6
28,160,1045,0 shocks,True,190.0,2197.0,2197.0,1363.1,843.5,1264.6,2197.0,1264.6
28,180,1045,0 shocks,True,190.0,2197.0,2197.0,1391.9,863.2,1284.6,2197.0,1284.6
28,200,1045,0 shocks,True,190.0,2197.0,2197.0,1419.8,882.6,1302.6,2197.0,1302.6
28,220,1045,0 shocks,True,190.0,2197.0,2197.0,1447.0,923.2,1322.6,2197.0,1322.6
28,240,1045,0 shocks,True,190.0,2208.0,2208.0,1473.7,1057.2,1342.6,2208.0,1342.6
28,260,1045,0 shocks,True,190.0,2208.0,2208.0,1499.8,1090.9,1362.6,2208.0,1362.6
28,280,1045,0 shocks,True,190.0,2208.0,2208.0,1525.5,1110.9,1382.6,2208.0,1382.6
28,300,1045,0 shocks,True,190.0,2208.0,2208.0,1550.8,1130.9,1397.4,2208.0,1397.4
28,320,1045,0 shocks,True,190.0,2208.0,2208.0,1575.8,1150.9,1410.1,2208.0,1410.1
28,340,1045,0 shocks,True,190.0,2208.0,2208.0,1600.5,1170.9,1411.6,2208.0,1411.6
28,360,1045,0 shocks,True,190.0,2208.0,2208.0,1625.0,1196.0,1417.9,2208.0,1417.9
28,380,1045,0 shocks,True,190.0,2219.0,2219.0,1649.2,1219.9,1433.2,2219.0,1433.2
28,400,1045,0 shocks,True,190.0,2219.0,2219.0,1673.2,1245.4,1439.2,2219.0,1439.2
28,420,1045,0 shocks,True,190.0,2219.0,2219.0,1697.1,1273.4,1455.0,2219.0,1455.0
28,440,1045,0 shocks,True,190.0,2219.0,2219.0,1720.8,1293.4,1469.2,2219.0,1469.2
28,460,1045,0 shocks,True,190.0,2219.0,2219.0,1744.3,1313.4,1484.2,2219.0,1484.2
28,480,1045,0 shocks,True,190.0,2219.0,2219.0,1767.7,1337.7,1500.5,2219.0,1500.5
28,500,1045,0 shocks,True,190.0,2226.0,2226.0,1790.9,1367.2,1509.1,2226.0,1509.1
28,520,1045,0 shocks,True,190.0,2245.0,2245.0,1814.1,1431.6,1522.9,2245.0,1522.9
28,540,1045,0 shocks,True,190.0,2257.0,2257.0,1837.1,1477.5,1537.1,2257.0,1537.1
28,560,1045,0 shocks,True,190.0,2257.0,2257.0,1860.0,1517.1,1556.4,2257.0,1556.4
28,580,1045,1 shock,True,179.0,2208.0,2208.0,1053.7,1240.2,1387.4,1240.2,1240.2
28,600,1045,1 shock,True,179.0,2208.0,2208.0,1194.3,1266.7,1407.4,1266.7,1266.7
28,620,1045,1 shock,True,179.0,2208.0,2208.0,1273.2,1467.0,1430.1,1467.0,1467.0
28,640,1045,1 shock,True,179.0,2219.0,2219.0,1333.1,1561.3,1457.5,1561.3,1561.3
28,660,1045,2 shocks,True,169.0,2219.0,1986.3,1286.8,1350.5,1358.8,1350.5,1350.5
28,680,1045,2 shocks,True,169.0,2219.0,1986.3,1428.0,1401.3,1378.8,1401.3,1401.3
28,700,1045,3-4 shocks,True,154.0,2219.0,1576.0,1176.3,1073.7,1149.0,1073.7,1073.7
28,720,1045,3-4 shocks,True,154.0,2219.0,1576.0,1240.8,1099.5,1169.0,1099.5,1099.5
28,740,1045,3-4 shocks,True,139.0,2226.0,1389.7,1080.3,1048.1,1120.8,1048.1,1048.1
28,760,1045,5+ shocks,True,122.0,2226.0,1271.9,1081.9,1006.9,1091.3,1006.9,1006.9
28,780,1045,5+ shocks,True,122.0,2226.0,1271.9,1106.1,1027.5,1111.3,1027.5,1027.5
28,800,1045,5+ shocks,True,109.0,2226.0,1227.0,1093.3,1044.9,1126.2,1044.9,1044.9
28,820,1045,5+ shocks,False,94.0,2226.0,1154.3,1076.5,1011.7,1077.2,1011.7,1011.7
28,840,1045,5+ shocks,False,94.0,2226.0,1167.8,1073.4,1021.5,1096.5,1021.5,1021.5
28,860,1045,5+ shocks,False,78.0,2233.0,1105.5,1034.9,984.9,1031.4,984.9,984.9
28,880,1045,5+ shocks,False,76.0,2233.0,1096.8,1051.7,1008.6,1051.4,1008.6,1008.6
28,900,1045,5+ shocks,False,70.0,2233.0,1107.7,1071.1,1030.3,1073.8,1030.3,1030.3
28,920,1045,5+ shocks,False,55.0,2233.0,1042.5,1050.8,1038.0,1064.2,1038.0,1038.0
28,940,1045,5+ shocks,False,55.0,2233.0,1069.9,1061.2,1050.2,1078.8,1050.2,1050.2
28,960,1045,5+ shocks,False,40.0,2233.0,1033.0,1035.7,1037.3,1050.1,1037.3,1037.3
28,980,1045,5+ shocks,False,25.0,2233.0,981.0,1008.2,1044.9,1050.9,1044.9,1044.9
28,1000,1045,5+ shocks,False,25.0,2233.0,1002.5,1028.5,1063.5,1071.9,1063.5,1063.5
28,1020,1045,5+ shocks,False,13.0,2233.0,1027.2,1042.1,1080.2,1086.5,1080.2,1080.2
29,100,1441,0 shocks,True,188.0,2197.0,2197.0,1242.0,1427.7,1736.4,2197.0,1736.4
29,120,1441,0 shocks,True,188.0,2197.0,2197.0,1276.1,1447.7,1756.4,2197.0,1756.4
29,140,1441,0 shocks,True,188.0,2197.0,2197.0,1308.1,1462.6,1776.4,2197.0,1776.4
29,160,1441,0 shocks,True,188.0,2197.0,2197.0,1338.7,1480.7,1796.4,2197.0,1796.4
29,180,1441,0 shocks,True,188.0,2197.0,2197.0,1368.0,1498.7,1816.4,2197.0,1816.4
29,200,1441,0 shocks,True,188.0,2197.0,2197.0,1396.5,1514.4,1836.4,2197.0,1836.4
29,220,1441,0 shocks,True,188.0,2197.0,2197.0,1424.1,1542.0,1847.0,2197.0,1847.0
29,240,1441,0 shocks,True,188.0,2208.0,2208.0,1451.2,1574.1,1864.0,2208.0,1864.0
29,260,1441,0 shocks,True,188.0,2208.0,2208.0,1477.7,1590.7,1884.0,2208.0,1884.0
29,280,1441,0 shocks,True,188.0,2208.0,2208.0,1503.8,1601.3,1904.0,2208.0,1904.0
29,300,1441,0 shocks,True,188.0,2208.0,2208.0,1529.5,1609.4,1920.1,2208.0,1920.1
29,320,1441,0 shocks,True,188.0,2208.0,2208.0,1554.8,1626.6,1914.0,2208.0,1914.0
29,340,1441,0 shocks,True,188.0,2208.0,2208.0,1579.8,1639.1,1922.4,2208.0,1922.4
29,360,1441,0 shocks,True,188.0,2208.0,2208.0,1604.6,1657.9,1895.5,2208.0,1895.5
29,380,1441,0 shocks,True,188.0,2219.0,2219.0,1629.1,1674.1,1894.5,2219.0,1894.5
29,400,1441,0 shocks,True,188.0,2219.0,2219.0,1653.5,1690.3,1877.7,2219.0,1877.7
29,420,1441,0 shocks,True,188.0,2219.0,2219.0,1677.6,1711.2,1872.0,2219.0,1872.0
29,440,1441,0 shocks,True,188.0,2219.0,2219.0,1701.5,1731.2,1881.7,2219.0,1881.7
29,460,1441,0 shocks,True,188.0,2219.0,2219.0,1725.3,1751.2,1885.6,2219.0,1885.6
29,480,1441,0 shocks,True,188.0,2219.0,2219.0,1748.9,1768.3,1875.3,2219.0,1875.3
29,500,1441,0 shocks,True,188.0,2226.0,2226.0,1772.4,1785.7,1879.9,2226.0,1879.9
29,520,1441,0 shocks,True,188.0,2245.0,2245.0,1795.7,1812.5,1886.6,2245.0,1886.6
29,540,1441,0 shocks,True,188.0,2257.0,2257.0,1819.0,1840.6,1883.6,2257.0,1883.6
29,560,1441,0 shocks,True,179.0,2257.0,2257.0,1842.1,1722.1,1897.7,2257.0,1897.7
29,580,1441,1 shock,True,179.0,2208.0,2208.0,1110.5,1248.8,1789.5,1248.8,1248.8
29,600,1441,1 shock,True,179.0,2208.0,2208.0,1199.8,1296.6,1826.0,1296.6,1296.6
29,620,1441,2 shocks,True,172.0,2208.0,1479.0,1068.8,1078.4,1185.4,1078.4,1078.4
29,640,1441,2 shocks,True,172.0,2219.0,1479.0,1166.6,1116.9,1205.4,1116.9,1116.9
29,660,1441,2 shocks,True,172.0,2219.0,1479.0,1185.9,1166.9,1225.4,1166.9,1166.9
29,680,1441,3-4 shocks,True,161.0,2219.0,1494.3,1246.7,1202.9,1239.4,1202.9,1202.9
29,700,1441,3-4 shocks,True,161.0,2219.0,1494.3,1307.1,1236.1,1259.4,1236.1,1236.1
29,720,1441,3-4 shocks,True,152.0,2219.0,1420.3,1149.0,1122.3,1158.2,1122.3,1122.3
29,740,1441,3-4 shocks,True,141.0,2226.0,1361.2,1123.5,1144.9,1178.2,1144.9,1144.9
29,760,1441,5+ shocks,True,141.0,2226.0,1342.2,1120.0,1163.6,1196.9,1163.6,1163.6
29,780,1441,5+ shocks,True,135.0,2226.0,1312.6,1127.8,1183.8,1212.3,1183.8,1183.8
29,800,1441,5+ shocks,True,135.0,2226.0,1337.4,1151.9,1221.8,1244.9,1221.8,1221.8
29,820,1441,5+ shocks,True,131.0,2226.0,1335.7,1140.6,1237.5,1264.7,1237.5,1237.5
29,840,1441,5+ shocks,True,131.0,2226.0,1335.7,1163.8,1257.5,1284.7,1257.5,1257.5
29,860,1441,5+ shocks,True,122.0,2233.0,1325.1,1162.8,1228.6,1249.6,1228.6,1228.6
29,880,1441,5+ shocks,True,122.0,2233.0,1325.1,1185.5,1248.6,1268.8,1248.6,1248.6
29,900,1441,5+ shocks,True,116.0,2233.0,1328.5,1183.9,1272.4,1292.9,1272.4,1272.4
29,920,1441,5+ shocks,True,116.0,2233.0,1328.5,1206.1,1292.4,1312.9,1292.4,1292.4
29,940,1441,5+ shocks,True,107.0,2233.0,1316.3,1196.3,1292.6,1317.3,1292.6,1292.6
29,960,1441,5+ shocks,False,104.0,2233.0,1302.9,1210.9,1261.4,1294.0,1261.4,1261.4
29,980,1441,5+ shocks,False,104.0,2233.0,1340.7,1235.4,1310.1,1336.4,1310.1,1310.1
29,1000,1441,5+ shocks,False,98.0,2233.0,1337.7,1222.1,1331.5,1343.9,1331.5,1331.5
29,1020,1441,5+ shocks,False,98.0,2233.0,1337.7,1244.4,1351.5,1364.8,1351.5,1351.5
29,1040,1441,5+ shocks,False,92.0,2233.0,1348.7,1259.1,1374.9,1378.9,1374.9,1374.9
29,1060,1441,5+ shocks,False,89.0,2245.0,1335.6,1273.9,1367.1,1375.7,1367.1,1367.1
29,1080,1441,5+ shocks,False,89.0,2245.0,1360.1,1277.9,1383.7,1397.8,1383.7,1383.7
29,1100,1441,5+ shocks,False,79.0,2245.0,1317.4,1276.3,1346.1,1361.6,1346.1,1346.1
29,1120,1441,5+ shocks,False,79.0,2257.0,1352.2,1302.7,1341.1,1373.2,1341.1,1341.1
29,1140,1441,5+ shocks,False,71.0,2282.5,1318.2,1304.1,1357.0,1376.8,1357.0,1357.0
29,1160,1441,5+ shocks,False,71.0,2282.5,1358.9,1328.0,1379.2,1402.2,1379.2,1379.2
29,1180,1441,5+ shocks,False,62.0,2282.5,1348.0,1312.7,1362.3,1388.3,1362.3,1362.3
29,1200,1441,5+ shocks,False,55.0,2282.5,1318.5,1316.2,1357.2,1372.3,1357.2,1357.2
29,1220,1441,5+ shocks,False,55.0,2282.5,1351.6,1338.6,1378.3,1395.2,1378.3,1378.3
29,1240,1441,5+ shocks,False,45.0,2282.5,1344.3,1331.1,1346.8,1356.0,1346.8,1346.8
29,1260,1441,5+ shocks,False,46.0,2282.5,1348.5,1355.1,1388.8,1401.3,1388.8,1388.8
29,1280,1441,5+ shocks,False,38.0,2308.0,1315.2,1352.5,1379.0,1385.3,1379.0,1379.0
29,1300,1441,5+ shocks,False,38.0,2314.0,1356.6,1375.3,1400.3,1407.4,1400.3,1400.3
29,1320,1441,5+ shocks,False,34.0,2341.0,1371.3,1378.2,1407.7,1413.5,1407.7,1407.7
29,1340,1441,5+ shocks,False,34.0,2341.0,1371.3,1398.6,1427.7,1433.5,1427.7,1427.7
29,1360,1441,5+ shocks,False,22.0,2341.0,1362.6,1383.1,1427.4,1427.4,1427.4,1427.4
29,1380,1441,5+ shocks,False,20.0,2341.0,1381.0,1403.2,1445.8,1446.8,1445.8,1445.8
29,1400,1441,5+ shocks,False,20.0,2341.0,1401.0,1423.3,1467.1,1466.8,1467.1,1467.1
29,1420,1441,5+ shocks,False,13.0,2341.0,1427.2,1447.5,1486.2,1487.9,1486.2,1486.2
31,100,1583,0 shocks,True,188.0,2197.0,2197.0,1231.5,1479.1,1644.7,2197.0,1644.7
31,120,1583,0 shocks,True,188.0,2197.0,2197.0,1267.8,1499.1,1664.7,2197.0,1664.7
31,140,1583,0 shocks,True,188.0,2197.0,2197.0,1301.8,1516.6,1684.7,2197.0,1684.7
31,160,1583,0 shocks,True,188.0,2197.0,2197.0,1334.0,1531.8,1704.7,2197.0,1704.7
31,180,1583,0 shocks,True,188.0,2197.0,2197.0,1364.9,1551.8,1721.3,2197.0,1721.3
31,200,1583,0 shocks,True,188.0,2197.0,2197.0,1394.8,1569.4,1737.7,2197.0,1737.7
31,220,1583,0 shocks,True,188.0,2197.0,2197.0,1423.7,1600.5,1754.4,2197.0,1754.4
31,240,1583,0 shocks,True,188.0,2208.0,2208.0,1452.0,1624.8,1774.4,2208.0,1774.4
31,260,1583,0 shocks,True,188.0,2208.0,2208.0,1479.6,1633.2,1794.4,2208.0,1794.4
31,280,1583,0 shocks,True,188.0,2208.0,2208.0,1506.7,1643.0,1814.4,2208.0,1814.4
31,300,1583,0 shocks,True,188.0,2208.0,2208.0,1533.4,1652.6,1832.6,2208.0,1832.6
31,320,1583,0 shocks,True,188.0,2208.0,2208.0,1559.7,1664.2,1840.8,2208.0,1840.8
31,340,1583,0 shocks,True,188.0,2208.0,2208.0,1585.6,1672.1,1832.4,2208.0,1832.4
31,360,1583,0 shocks,True,188.0,2208.0,2208.0,1611.2,1694.2,1820.3,2208.0,1820.3
31,380,1583,0 shocks,True,188.0,2219.0,2219.0,1636.5,1702.2,1799.9,2219.0,1799.9
31,400,1583,0 shocks,True,188.0,2219.0,2219.0,1661.6,1719.8,1797.0,2219.0,1797.0
31,420,1583,0 shocks,True,188.0,2219.0,2219.0,1686.4,1733.1,1798.8,2219.0,1798.8
31,440,1583,0 shocks,True,188.0,2219.0,2219.0,1711.1,1749.8,1807.4,2219.0,1807.4
31,460,1583,0 shocks,True,188.0,2219.0,2219.0,1735.5,1767.4,1805.7,2219.0,1805.7
31,480,1583,0 shocks,True,188.0,2219.0,2219.0,1759.8,1787.4,1807.5,2219.0,1807.5
31,500,1583,0 shocks,True,188.0,2226.0,2226.0,1783.9,1804.7,1807.8,2226.0,1807.8
31,520,1583,0 shocks,True,188.0,2245.0,2245.0,1807.8,1838.9,1818.3,2245.0,1818.3
31,540,1583,0 shocks,True,188.0,2257.0,2257.0,1831.7,1865.3,1838.3,2257.0,1838.3
31,560,1583,0 shocks,True,188.0,2257.0,2257.0,1855.4,1891.9,1858.3,2257.0,1858.3
31,580,1583,0 shocks,True,188.0,2308.0,2308.0,1878.9,1924.1,1878.3,2308.0,1878.3
31,600,1583,0 shocks,True,188.0,2282.5,2282.5,1902.4,1939.1,1898.3,2282.5,1898.3
31,620,1583,0 shocks,True,188.0,2314.0,2314.0,1925.8,1966.3,1918.3,2314.0,1918.3
31,640,1583,0 shocks,True,188.0,2314.0,2314.0,1949.0,2013.5,1938.3,2314.0,1938.3
31,660,1583,0 shocks,True,188.0,2320.0,2320.0,1972.2,2039.4,1958.3,2320.0,1958.3
31,680,1583,0 shocks,True,188.0,2341.0,2341.0,1995.3,2095.1,1978.3,2341.0,1978.3
31,700,1583,0 shocks,True,188.0,2362.0,2362.0,2018.3,2125.3,1998.3,2362.0,1998.3
31,720,1583,0 shocks,True,188.0,2362.0,2362.0,2041.2,2165.2,2018.3,2362.0,2018.3
31,740,1583,0 shocks,True,188.0,2383.0,2383.0,2064.0,2185.2,2038.3,2383.0,2038.3
31,760,1583,0 shocks,True,188.0,2413.0,2413.0,2086.8,2205.2,2058.3,2413.0,2058.3
31,780,1583,0 shocks,True,188.0,2404.0,2404.0,2109.5,2225.2,2078.3,2404.0,2078.3
31,800,1583,0 shocks,True,188.0,2404.0,2404.0,2132.1,2245.2,2098.3,2404.0,2098.3
31,820,1583,0 shocks,True,188.0,2413.5,2413.5,2154.7,2265.2,2118.3,2413.5,2118.3
31,840,1583,0 shocks,True,188.0,2423.0,2423.0,2177.3,2285.2,2134.8,2423.0,2134.8
31,860,1583,0 shocks,True,188.0,2424.5,2424.5,2199.7,2305.2,2154.8,2424.5,2154.8
31,880,1583,0 shocks,True,188.0,2423.0,2423.0,2222.2,2325.2,2174.8,2423.0,2174.8
31,900,1583,0 shocks,True,188.0,2424.5,2424.5,2244.5,2345.2,2194.8,2424.5,2194.8
31,920,1583,0 shocks,True,188.0,2424.5,2424.5,2266.8,2365.2,2214.8,2424.5,2214.8
31,940,1583,0 shocks,True,188.0,2426.0,2426.0,2289.1,2385.2,2234.8,2426.0,2234.8
31,960,1583,0 shocks,True,188.0,2426.0,2426.0,2311.4,2405.2,2254.8,2426.0,2254.8
31,980,1583,0 shocks,True,188.0,2426.0,2426.0,2333.5,2425.2,2271.0,2426.0,2271.0
31,1000,1583,0 shocks,True,188.0,2426.0,2426.0,2355.7,2445.2,2288.0,2426.0,2288.0
31,1020,1583,0 shocks,True,188.0,2426.0,2426.0,2377.8,2465.2,2305.7,2426.0,2305.7
31,1040,1583,0 shocks,True,188.0,2426.0,2426.0,2399.9,2483.2,2322.2,2426.0,2322.2
31,1060,1583,0 shocks,True,188.0,2426.0,2426.0,2421.9,2499.8,2334.6,2426.0,2334.6
31,1080,1583,0 shocks,True,188.0,2426.0,2426.0,2443.9,2519.8,2351.1,2426.0,2351.1
31,1100,1583,1 shock,True,176.0,2245.0,2245.0,1765.3,1837.4,1853.9,1837.4,1837.4
31,1120,1583,1 shock,True,176.0,2257.0,2257.0,1979.4,1865.5,1872.1,1865.5,1865.5
31,1140,1583,1 shock,True,176.0,2282.5,2282.5,2087.4,1954.4,1903.3,1954.4,1954.4
31,1160,1583,1 shock,True,176.0,2282.5,2282.5,2166.4,2045.1,1932.3,2045.1,2045.1
31,1180,1583,2 shocks,True,158.0,2282.5,2427.0,1568.1,1792.8,1814.1,1792.8,1792.8
31,1200,1583,2 shocks,True,158.0,2282.5,2427.0,1743.0,1813.5,1834.1,1813.5,1813.5
31,1220,1583,2 shocks,True,149.0,2282.5,2346.0,1690.5,1839.8,1853.9,1839.8,1839.8
31,1240,1583,3-4 shocks,True,149.0,2282.5,2131.0,1746.4,1678.9,1670.1,1678.9,1678.9
31,1260,1583,3-4 shocks,True,149.0,2282.5,2131.0,1795.3,1698.9,1690.1,1698.9,1698.9
31,1280,1583,3-4 shocks,True,140.0,2308.0,2070.7,1693.9,1682.8,1681.8,1682.8,1682.8
31,1300,1583,5+ shocks,True,116.0,2314.0,1800.6,1560.1,1576.0,1603.4,1576.0,1576.0
31,1320,1583,5+ shocks,True,116.0,2341.0,1732.4,1536.0,1594.9,1624.7,1594.9,1594.9
31,1340,1583,5+ shocks,True,107.0,2341.0,1723.5,1603.6,1613.3,1646.3,1613.3,1613.3
31,1360,1583,5+ shocks,True,107.0,2341.0,1723.5,1629.4,1632.9,1666.3,1632.9,1632.9
31,1380,1583,5+ shocks,False,89.0,2341.0,1673.4,1595.5,1600.2,1613.0,1600.2,1600.2
31,1400,1583,5+ shocks,False,89.0,2341.0,1673.4,1619.0,1622.0,1633.0,1622.0,1622.0
31,1420,1583,5+ shocks,False,77.0,2341.0,1621.3,1610.4,1612.9,1612.5,1612.9,1612.9
31,1440,1583,5+ shocks,False,77.0,2341.0,1683.6,1654.9,1623.7,1632.3,1623.7,1623.7
31,1460,1583,5+ shocks,False,68.0,2362.0,1655.1,1605.9,1635.8,1648.3,1635.8,1635.8
31,1480,1583,5+ shocks,False,59.0,2362.0,1626.6,1593.1,1606.0,1625.7,1606.0,1606.0
31,1500,1583,5+ shocks,False,45.0,2362.0,1587.4,1580.7,1595.0,1606.4,1595.0,1595.0
31,1520,1583,5+ shocks,False,34.0,2365.0,1571.1,1574.2,1609.3,1619.2,1609.3,1609.3
31,1540,1583,5+ shocks,False,34.0,2365.0,1571.1,1595.3,1629.3,1639.2,1629.3,1629.3
31,1560,1583,5+ shocks,False,34.0,2365.0,1571.1,1615.8,1650.3,1659.2,1650.3,1650.3
32,100,1512,0 shocks,True,188.0,2197.0,2197.0,1238.9,1481.0,1768.6,2197.0,1768.6
32,120,1512,0 shocks,True,188.0,2197.0,2197.0,1273.7,1501.0,1788.6,2197.0,1788.6
32,140,1512,0 shocks,True,188.0,2197.0,2197.0,1306.2,1514.2,1808.6,2197.0,1808.6
32,160,1512,0 shocks,True,188.0,2197.0,2197.0,1337.2,1529.0,1828.6,2197.0,1828.6
32,180,1512,0 shocks,True,188.0,2197.0,2197.0,1367.0,1549.0,1845.0,2197.0,1845.0
32,200,1512,0 shocks,True,188.0,2197.0,2197.0,1395.9,1564.8,1861.1,2197.0,1861.1
32,220,1512,0 shocks,True,188.0,2197.0,2197.0,1423.9,1592.5,1873.8,2197.0,1873.8
32,240,1512,0 shocks,True,188.0,2208.0,2208.0,1451.3,1619.9,1893.8,2208.0,1893.8
32,260,1512,0 shocks,True,188.0,2208.0,2208.0,1478.2,1634.5,1913.8,2208.0,1913.8
32,280,1512,0 shocks,True,188.0,2208.0,2208.0,1504.5,1640.4,1933.8,2208.0,1933.8
32,300,1512,0 shocks,True,188.0,2208.0,2208.0,1530.5,1649.6,1953.8,2208.0,1953.8
32,320,1512,0 shocks,True,188.0,2208.0,2208.0,1556.1,1661.4,1961.1,2208.0,1961.1
32,340,1512,0 shocks,True,188.0,2208.0,2208.0,1581.4,1678.7,1949.5,2208.0,1949.5
32,360,1512,0 shocks,True,188.0,2208.0,2208.0,1606.4,1696.9,1929.0,2208.0,1929.0
32,380,1512,0 shocks,True,188.0,2219.0,2219.0,1631.1,1704.1,1921.8,2219.0,1921.8
32,400,1512,0 shocks,True,188.0,2219.0,2219.0,1655.7,1713.0,1911.2,2219.0,1911.2
32,420,1512,0 shocks,True,188.0,2219.0,2219.0,1680.0,1732.8,1908.6,2219.0,1908.6
32,440,1512,0 shocks,True,188.0,2219.0,2219.0,1704.1,1750.2,1907.9,2219.0,1907.9
32,460,1512,0 shocks,True,188.0,2219.0,2219.0,1728.1,1767.8,1906.1,2219.0,1906.1
32,480,1512,0 shocks,True,188.0,2219.0,2219.0,1751.9,1787.8,1922.7,2219.0,1922.7
32,500,1512,0 shocks,True,188.0,2226.0,2226.0,1775.5,1806.7,1931.2,2226.0,1931.2
32,520,1512,0 shocks,True,188.0,2245.0,2245.0,1799.1,1832.2,1951.2,2245.0,1951.2
32,540,1512,0 shocks,True,188.0,2257.0,2257.0,1822.5,1854.4,1965.1,2257.0,1965.1
32,560,1512,0 shocks,True,188.0,2257.0,2257.0,1845.8,1885.4,1985.1,2257.0,1985.1
32,580,1512,0 shocks,True,188.0,2308.0,2308.0,1868.9,1907.4,2005.1,2308.0,2005.1
32,600,1512,0 shocks,True,188.0,2282.5,2282.5,1892.0,1928.2,2025.1,2282.5,2025.1
32,620,1512,0 shocks,True,188.0,2314.0,2314.0,1915.0,1957.6,2045.1,2314.0,2045.1
32,640,1512,0 shocks,True,188.0,2314.0,2314.0,1937.9,1984.6,2060.1,2314.0,2060.1
32,660,1512,0 shocks,True,188.0,2320.0,2320.0,1960.7,2022.1,2080.1,2320.0,2080.1
32,680,1512,0 shocks,True,188.0,2341.0,2341.0,1983.4,2062.8,2100.1,2341.0,2100.1
32,700,1512,0 shocks,True,188.0,2362.0,2362.0,2006.1,2086.3,2120.1,2362.0,2120.1
32,720,1512,0 shocks,True,188.0,2362.0,2362.0,2028.7,2106.9,2140.1,2362.0,2140.1
32,740,1512,0 shocks,True,188.0,2383.0,2383.0,2051.2,2126.9,2160.1,2383.0,2160.1
32,760,1512,0 shocks,True,184.0,2404.0,2404.0,2073.7,2128.1,2180.7,2404.0,2180.7
32,780,1512,1 shock,True,184.0,2226.0,2226.0,1665.5,1889.0,2065.2,1889.0,1889.0
32,800,1512,1 shock,True,184.0,2226.0,2226.0,1796.4,1973.0,2105.0,1973.0,1973.0
32,820,1512,1 shock,True,184.0,2226.0,2226.0,1886.4,2078.3,2148.0,2078.3,2078.3
32,840,1512,2 shocks,True,176.0,2226.0,2143.3,1454.2,1764.7,1754.9,1764.7,1764.7
32,860,1512,2 shocks,True,176.0,2233.0,2143.3,1670.8,1793.8,1774.9,1793.8,1793.8
32,880,1512,2 shocks,True,176.0,2233.0,2143.3,1732.5,1818.5,1792.2,1818.5,1818.5
32,900,1512,2 shocks,True,176.0,2233.0,2143.3,1751.3,1844.8,1828.3,1844.8,1844.8
32,920,1512,2 shocks,True,176.0,2233.0,2143.3,1751.1,1873.7,1854.0,1873.7,1873.7
32,940,1512,3-4 shocks,True,164.0,2233.0,2290.4,1845.2,2100.8,2025.4,2100.8,2100.8
32,960,1512,3-4 shocks,True,164.0,2233.0,2290.4,1937.3,2123.4,2046.1,2123.4,2123.4
32,980,1512,3-4 shocks,True,155.0,2233.0,2015.7,1509.9,1562.6,1593.0,1562.6,1562.6
32,1000,1512,3-4 shocks,True,155.0,2233.0,2015.7,1569.9,1582.6,1613.0,1582.6,1582.6
32,1020,1512,5+ shocks,True,141.0,2233.0,1844.1,1538.5,1590.4,1627.9,1590.4,1590.4
32,1040,1512,5+ shocks,True,141.0,2233.0,1844.1,1564.4,1610.4,1647.6,1610.4,1610.4
32,1060,1512,5+ shocks,True,128.0,2245.0,1738.8,1502.8,1607.3,1655.3,1607.3,1607.3
32,1080,1512,5+ shocks,True,128.0,2245.0,1738.8,1527.6,1627.3,1672.4,1627.3,1627.3
32,1100,1512,5+ shocks,True,116.0,2245.0,1666.0,1481.4,1531.8,1561.9,1531.8,1531.8
32,1120,1512,5+ shocks,True,111.0,2257.0,1636.0,1489.5,1551.1,1581.9,1551.1,1551.1
32,1140,1512,5+ shocks,True,111.0,2282.5,1648.2,1489.2,1581.5,1614.7,1581.5,1581.5
32,1160,1512,5+ shocks,True,111.0,2282.5,1648.2,1512.3,1602.1,1634.7,1602.1,1602.1
32,1180,1512,5+ shocks,False,101.0,2282.5,1622.0,1501.8,1558.6,1583.3,1558.6,1558.6
32,1200,1512,5+ shocks,False,90.0,2282.5,1560.4,1490.1,1548.8,1576.1,1548.8,1548.8
32,1220,1512,5+ shocks,False,91.0,2282.5,1593.0,1496.6,1547.7,1572.8,1547.7,1547.7
32,1240,1512,5+ shocks,False,91.0,2282.5,1593.0,1519.1,1568.0,1592.8,1568.0,1568.0
32,1260,1512,5+ shocks,False,83.0,2282.5,1589.9,1518.4,1592.1,1612.5,1592.1,1592.1
32,1280,1512,5+ shocks,False,83.0,2308.0,1589.9,1541.1,1612.1,1632.5,1612.1,1612.1
32,1300,1512,5+ shocks,False,71.0,2314.0,1560.8,1511.2,1567.1,1577.4,1567.1,1567.1
32,1320,1512,5+ shocks,False,71.0,2341.0,1560.8,1533.4,1587.1,1597.4,1587.1,1587.1
32,1340,1512,5+ shocks,False,59.0,2341.0,1537.0,1512.0,1550.5,1556.8,1550.5,1550.5
32,1360,1512,5+ shocks,False,59.0,2341.0,1537.0,1534.0,1570.5,1576.8,1570.5,1570.5
32,1380,1512,5+ shocks,False,46.0,2341.0,1513.2,1507.3,1550.9,1553.3,1550.9,1550.9
32,1400,1512,5+ shocks,False,45.0,2341.0,1508.0,1525.5,1541.6,1541.9,1541.6,1541.6
32,1420,1512,5+ shocks,False,36.0,2341.0,1497.7,1504.0,1547.4,1551.9,1547.4,1547.4
32,1440,1512,5+ shocks,False,36.0,2341.0,1497.7,1525.1,1567.4,1571.9,1567.4,1567.4
32,1460,1512,5+ shocks,False,25.0,2362.0,1474.4,1495.6,1541.7,1542.1,1541.7,1541.7
32,1480,1512,5+ shocks,False,11.0,2362.0,1481.0,1508.7,1546.8,1547.2,1546.8,1546.8
32,1500,1512,5+ shocks,False,11.0,2362.0,1502.5,1528.5,1566.8,1567.2,1566.8,1566.8
33,100,2422,0 shocks,True,189.0,2109.0,2109.0,1362.1,1377.2,1298.0,2109.0,1298.0
33,120,2422,0 shocks,True,189.0,2109.0,2109.0,1398.6,1394.9,1318.0,2109.0,1318.0
33,140,2422,0 shocks,True,189.0,2109.0,2109.0,1432.7,1407.1,1338.0,2109.0,1338.0
33,160,2422,0 shocks,True,189.0,2109.0,2109.0,1465.0,1418.0,1358.0,2109.0,1358.0
33,180,2422,0 shocks,True,189.0,2109.0,2109.0,1496.0,1434.1,1375.4,2109.0,1375.4
33,200,2422,0 shocks,True,189.0,2109.0,2109.0,1525.9,1454.1,1387.0,2109.0,1387.0
33,220,2422,0 shocks,True,189.0,2109.0,2109.0,1554.9,1477.1,1404.7,2109.0,1404.7
33,240,2422,0 shocks,True,189.0,2153.0,2153.0,1583.2,1498.1,1424.7,2153.0,1424.7
33,260,2422,0 shocks,True,189.0,2153.0,2153.0,1610.9,1511.8,1444.7,2153.0,1444.7
33,280,2422,0 shocks,True,189.0,2153.0,2153.0,1638.1,1521.5,1464.7,2153.0,1464.7
33,300,2422,0 shocks,True,189.0,2153.0,2153.0,1664.7,1534.6,1484.7,2153.0,1484.7
33,320,2422,0 shocks,True,189.0,2153.0,2153.0,1691.0,1546.5,1494.4,2153.0,1494.4
33,340,2422,0 shocks,True,189.0,2153.0,2153.0,1717.0,1562.2,1488.9,2153.0,1488.9
33,360,2422,0 shocks,True,189.0,2153.0,2153.0,1742.6,1582.3,1495.2,2153.0,1495.2
33,380,2422,0 shocks,True,189.0,2197.0,2197.0,1767.9,1604.9,1497.4,2197.0,1497.4
33,400,2422,0 shocks,True,189.0,2197.0,2197.0,1793.0,1629.5,1504.6,2197.0,1504.6
33,420,2422,0 shocks,True,189.0,2197.0,2197.0,1817.8,1648.7,1508.3,2197.0,1508.3
33,440,2422,0 shocks,True,189.0,2197.0,2197.0,1842.5,1668.7,1518.9,2197.0,1518.9
33,460,2422,0 shocks,True,189.0,2197.0,2197.0,1866.9,1686.6,1528.2,2197.0,1528.2
33,480,2422,0 shocks,True,189.0,2197.0,2197.0,1891.2,1703.8,1544.2,2197.0,1544.2
33,500,2422,0 shocks,True,189.0,2208.0,2208.0,1915.3,1724.4,1564.2,2208.0,1564.2
33,520,2422,0 shocks,True,189.0,2226.0,2226.0,1939.2,1759.1,1584.2,2226.0,1584.2
33,540,2422,0 shocks,True,189.0,2233.0,2233.0,1963.1,1784.9,1604.2,2233.0,1604.2
33,560,2422,0 shocks,True,189.0,2233.0,2233.0,1986.7,1802.8,1624.2,2233.0,1624.2
33,580,2422,0 shocks,True,189.0,2257.0,2257.0,2010.3,1828.3,1644.2,2257.0,1644.2
33,600,2422,0 shocks,True,189.0,2245.0,2245.0,2033.8,1859.1,1664.2,2245.0,1664.2
33,620,2422,0 shocks,True,189.0,2282.5,2282.5,2057.1,1882.6,1687.1,2282.5,1687.1
33,640,2422,0 shocks,True,189.0,2282.5,2282.5,2080.4,1917.3,1707.1,2282.5,1707.1
33,660,2422,0 shocks,True,189.0,2308.0,2308.0,2103.5,1941.6,1724.5,2308.0,1724.5
33,680,2422,0 shocks,True,189.0,2314.0,2314.0,2126.6,1990.5,1744.5,2314.0,1744.5
33,700,2422,0 shocks,True,189.0,2320.0,2320.0,2149.6,2015.4,1764.5,2320.0,1764.5
33,720,2422,0 shocks,True,189.0,2320.0,2320.0,2172.5,2035.9,1787.6,2320.0,1787.6
33,740,2422,0 shocks,True,189.0,2341.0,2341.0,2195.3,2055.9,1807.6,2341.0,1807.6
33,760,2422,0 shocks,True,189.0,2383.0,2383.0,2218.1,2075.9,1827.6,2383.0,1827.6
33,780,2422,1 shock,True,176.0,2208.0,2208.0,1320.2,1323.1,1369.4,1323.1,1323.1
33,800,2422,1 shock,True,176.0,2208.0,2208.0,1447.5,1359.4,1398.5,1359.4,1359.4
33,820,2422,1 shock,True,176.0,2208.0,2208.0,1524.8,1463.7,1430.9,1463.7,1463.7
33,840,2422,1 shock,True,176.0,2208.0,2208.0,1584.6,1524.6,1450.9,1524.6,1524.6
33,860,2422,1 shock,True,176.0,2219.0,2219.0,1635.0,1572.6,1478.3,1572.6,1572.6
33,880,2422,1 shock,True,176.0,2219.0,2219.0,1679.7,1598.6,1501.5,1598.6,1598.6
33,900,2422,2 shocks,True,162.0,2219.0,2729.1,1652.8,1643.6,1569.1,1643.6,1643.6
33,920,2422,2 shocks,True,162.0,2219.0,2729.1,1761.0,1671.7,1589.1,1671.7,1671.7
33,940,2422,2 shocks,True,162.0,2219.0,2729.1,1796.3,1711.6,1620.8,1711.6,1711.6
33,960,2422,2 shocks,True,162.0,2219.0,2729.1,1804.5,1744.6,1644.3,1744.6,1744.6
33,980,2422,2 shocks,True,162.0,2219.0,2729.1,1799.7,1775.0,1670.5,1775.0,1775.0
33,1000,2422,2 shocks,True,162.0,2219.0,2729.1,1788.5,1799.7,1689.5,1799.7,1799.7
33,1020,2422,2 shocks,True,162.0,2219.0,2729.1,1774.1,1819.7,1706.6,1819.7,1819.7
33,1040,2422,3-4 shocks,True,156.0,2219.0,2983.1,2199.8,2017.2,1830.7,2017.2,2017.2
33,1060,2422,3-4 shocks,True,156.0,2226.0,2983.1,2305.7,2037.2,1850.7,2037.2,2037.2
33,1080,2422,3-4 shocks,True,156.0,2226.0,2983.1,2373.0,2069.6,1885.3,2069.6,2069.6
33,1100,2422,3-4 shocks,True,153.0,2226.0,2940.2,2363.9,2089.6,1905.3,2089.6,2089.6
33,1120,2422,3-4 shocks,True,153.0,2233.0,2743.7,1971.2,2220.7,2038.6,2220.7,2220.7
33,1140,2422,3-4 shocks,True,153.0,2245.0,2743.7,2040.0,2240.0,2056.0,2240.0,2240.0
33,1160,2422,3-4 shocks,True,153.0,2245.0,2743.7,2089.9,2258.4,2090.5,2258.4,2258.4
33,1180,2422,3-4 shocks,True,139.0,2245.0,2572.1,1928.8,2269.8,2092.6,2269.8,2269.8
33,1200,2422,5+ shocks,True,139.0,2245.0,2538.0,2279.1,2065.3,1941.9,2065.3,2065.3
33,1220,2422,5+ shocks,True,139.0,2245.0,2538.0,2308.4,2087.2,1961.9,2087.2,2087.2
33,1240,2422,5+ shocks,True,139.0,2245.0,2538.0,2334.1,2106.0,1994.9,2106.0,2106.0
33,1260,2422,5+ shocks,True,130.0,2245.0,2437.5,2198.7,2204.6,2071.6,2204.6,2204.6
33,1280,2422,5+ shocks,True,130.0,2257.0,2437.5,2232.9,2227.2,2091.6,2227.2,2227.2
33,1300,2422,5+ shocks,True,130.0,2282.5,2437.5,2259.6,2247.8,2125.8,2247.8,2247.8
33,1320,2422,5+ shocks,True,130.0,2314.0,2437.5,2284.0,2267.8,2145.8,2267.8,2267.8
33,1340,2422,5+ shocks,True,118.0,2314.0,2362.3,2197.0,2136.6,2000.0,2136.6,2136.6
33,1360,2422,5+ shocks,True,118.0,2314.0,2362.3,2230.8,2156.6,2020.0,2156.6,2156.6
33,1380,2422,5+ shocks,True,118.0,2314.0,2362.3,2257.1,2175.5,2040.0,2175.5,2175.5
33,1400,2422,5+ shocks,True,118.0,2314.0,2362.3,2281.2,2195.5,2071.6,2195.5,2195.5
33,1420,2422,5+ shocks,True,109.0,2314.0,2326.7,2194.9,2142.9,2052.0,2142.9,2142.9
33,1440,2422,5+ shocks,True,109.0,2314.0,2326.7,2226.6,2162.9,2071.5,2162.9,2162.9
33,1460,2422,5+ shocks,True,109.0,2320.0,2326.7,2252.1,2185.5,2102.6,2185.5,2185.5
33,1480,2422,5+ shocks,True,109.0,2320.0,2326.7,2275.7,2209.3,2122.6,2209.3,2209.3
33,1500,2422,5+ shocks,False,103.0,2320.0,2334.3,2227.4,2186.0,2114.0,2186.0,2186.0
33,1520,2422,5+ shocks,False,103.0,2362.0,2334.3,2259.1,2206.0,2134.0,2206.0,2206.0
33,1540,2422,5+ shocks,False,103.0,2362.0,2334.3,2284.4,2226.0,2154.0,2226.0,2226.0
33,1560,2422,5+ shocks,False,103.0,2362.0,2334.3,2307.9,2246.0,2174.0,2246.0,2246.0
33,1580,2422,5+ shocks,False,93.0,2363.5,2291.3,2214.1,2247.4,2179.9,2247.4,2247.4
33,1600,2422,5+ shocks,False,93.0,2365.0,2291.3,2241.1,2267.4,2199.9,2267.4,2267.4
33,1620,2422,5+ shocks,False,93.0,2365.0,2291.3,2265.0,2287.4,2223.6,2287.4,2287.4
33,1640,2422,5+ shocks,False,81.0,2365.0,2173.5,2203.0,2094.4,2055.9,2094.4,2094.4
33,1660,2422,5+ shocks,False,81.0,2365.0,2234.3,2203.1,2112.8,2070.6,2112.8,2112.8
33,1680,2422,5+ shocks,False,81.0,2382.5,2234.3,2227.6,2134.4,2090.6,2134.4,2134.4
33,1700,2422,5+ shocks,False,81.0,2382.5,2234.3,2250.4,2154.4,2110.6,2154.4,2154.4
33,1720,2422,5+ shocks,False,73.0,2382.5,2157.2,2215.2,2152.6,2121.0,2152.6,2152.6
33,1740,2422,5+ shocks,False,74.0,2402.0,2250.9,2251.8,2182.2,2145.5,2182.2,2182.2
33,1760,2422,5+ shocks,False,74.0,2402.0,2250.9,2276.8,2202.2,2165.5,2202.2,2202.2
33,1780,2422,5+ shocks,False,74.0,2402.0,2250.9,2299.8,2224.2,2185.5,2224.2,2224.2
33,1800,2422,5+ shocks,False,63.0,2402.0,2145.1,2237.3,2193.0,2161.1,2193.0,2193.0
33,1820,2422,5+ shocks,False,63.0,2404.0,2218.2,2236.0,2222.4,2181.9,2222.4,2222.4
33,1840,2422,5+ shocks,False,63.0,2404.0,2218.2,2259.7,2243.9,2201.9,2243.9,2243.9
33,1860,2422,5+ shocks,False,63.0,2404.0,2218.2,2282.0,2263.9,2221.9,2263.9,2263.9
33,1880,2422,5+ shocks,False,57.0,2404.0,2161.1,2257.1,2203.8,2175.2,2203.8,2203.8
33,1900,2422,5+ shocks,False,57.0,2404.0,2237.9,2270.9,2225.3,2195.2,2225.3,2225.3
33,1920,2422,5+ shocks,False,57.0,2404.0,2237.9,2294.1,2246.5,2215.2,2246.5,2246.5
33,1940,2422,5+ shocks,False,57.0,2404.0,2237.9,2316.1,2266.5,2235.2,2266.5,2266.5
33,1960,2422,5+ shocks,False,48.0,2404.0,2152.6,2264.7,2211.9,2185.1,2211.9,2211.9
33,1980,2422,5+ shocks,False,48.0,2413.5,2233.9,2281.1,2231.6,2205.1,2231.6,2231.6
33,2000,2422,5+ shocks,False,48.0,2413.5,2233.9,2303.8,2251.6,2225.1,2251.6,2251.6
33,2020,2422,5+ shocks,False,48.0,2413.5,2233.9,2325.5,2271.6,2245.1,2271.6,2271.6
33,2040,2422,5+ shocks,False,42.0,2413.5,2248.2,2278.3,2226.9,2206.2,2226.9,2226.9
33,2060,2422,5+ shocks,False,42.0,2423.0,2248.2,2302.5,2246.9,2226.2,2246.9,2246.9
33,2080,2422,5+ shocks,False,42.0,2423.0,2248.2,2324.2,2266.9,2246.2,2266.9,2266.9
33,2100,2422,5+ shocks,False,42.0,2423.0,2248.2,2345.4,2286.9,2266.2,2286.9,2286.9
33,2120,2422,5+ shocks,False,27.0,2424.5,2187.6,2225.3,2218.7,2215.4,2218.7,2218.7
33,2140,2422,5+ shocks,False,29.0,2424.5,2206.3,2267.8,2238.7,2235.4,2238.7,2238.7
33,2160,2422,5+ shocks,False,29.0,2424.5,2206.3,2288.8,2258.7,2255.4,2258.7,2258.7
33,2180,2422,5+ shocks,False,29.0,2424.5,2206.3,2309.4,2278.7,2275.4,2278.7,2278.7
33,2200,2422,5+ shocks,False,24.0,2426.0,2238.5,2272.3,2292.3,2288.9,2292.3,2292.3
33,2220,2422,5+ shocks,False,24.0,2503.5,2238.5,2293.4,2312.3,2308.9,2312.3,2312.3
33,2240,2422,5+ shocks,False,24.0,2581.0,2241.0,2313.9,2332.3,2328.9,2332.3,2332.3
33,2260,2422,5+ shocks,False,24.0,2589.5,2261.0,2334.3,2352.3,2348.9,2352.3,2352.3
33,2280,2422,5+ shocks,False,17.0,2589.5,2312.7,2346.4,2361.9,2361.1,2361.9,2361.9
33,2300,2422,5+ shocks,False,17.0,2589.5,2312.7,2367.4,2381.9,2381.1,2381.9,2381.9
33,2320,2422,5+ shocks,False,17.0,2612.5,2321.0,2387.8,2401.9,2401.1,2401.9,2401.9
33,2340,2422,5+ shocks,False,17.0,2612.5,2341.0,2408.2,2421.9,2421.1,2421.9,2421.9
33,2360,2422,5+ shocks,False,14.0,2612.5,2387.5,2425.6,2442.2,2441.1,2442.2,2442.2
33,2380,2422,5+ shocks,False,14.0,2670.5,2387.5,2446.4,2462.2,2461.1,2462.2,2462.2
33,2400,2422,5+ shocks,False,14.0,2714.0,2401.0,2466.8,2482.2,2481.1,2482.2,2482.2
34,100,2627,0 shocks,True,189.0,2109.0,2109.0,1376.0,1414.6,2219.0,2109.0,2219.0
34,120,2627,0 shocks,True,188.0,2109.0,2109.0,1412.0,1566.2,2239.0,2109.0,2239.0
34,140,2627,0 shocks,True,189.0,2109.0,2109.0,1445.7,1452.3,2259.0,2109.0,2259.0
34,160,2627,0 shocks,True,189.0,2109.0,2109.0,1477.7,1465.4,2279.0,2109.0,2279.0
34,180,2627,0 shocks,True,188.0,2109.0,2109.0,1508.4,1616.1,2299.0,2109.0,2299.0
34,200,2627,0 shocks,True,189.0,2109.0,2109.0,1538.0,1503.8,2319.0,2109.0,2319.0
34,220,2627,0 shocks,True,189.0,2109.0,2109.0,1566.7,1531.4,2339.0,2109.0,2339.0
34,240,2627,0 shocks,True,189.0,2153.0,2153.0,1594.8,1548.5,2359.0,2153.0,2359.0
34,260,2627,0 shocks,True,189.0,2153.0,2153.0,1622.2,1559.4,2379.0,2153.0,2379.0
34,280,2627,0 shocks,True,189.0,2153.0,2153.0,1649.2,1564.3,2399.0,2153.0,2399.0
34,300,2627,0 shocks,True,188.0,2153.0,2153.0,1675.6,1699.1,2419.0,2153.0,2419.0
34,320,2627,0 shocks,True,189.0,2153.0,2153.0,1701.7,1591.3,2423.3,2153.0,2423.3
34,340,2627,0 shocks,True,189.0,2153.0,2153.0,1727.5,1608.4,2415.6,2153.0,2415.6
34,360,2627,0 shocks,True,189.0,2153.0,2153.0,1752.9,1620.9,2395.6,2153.0,2395.6
34,380,2627,0 shocks,True,189.0,2197.0,2197.0,1778.1,1646.7,2392.1,2197.0,2392.1
34,400,2627,0 shocks,True,189.0,2197.0,2197.0,1803.0,1667.4,2369.4,2197.0,2369.4
34,420,2627,0 shocks,True,189.0,2197.0,2197.0,1827.7,1692.3,2358.8,2197.0,2358.8
34,440,2627,0 shocks,True,189.0,2197.0,2197.0,1852.2,1710.4,2378.8,2197.0,2378.8
34,460,2627,0 shocks,True,189.0,2197.0,2197.0,1876.5,1727.5,2368.8,2197.0,2368.8
34,480,2627,0 shocks,True,187.0,2197.0,2197.0,1900.6,1728.4,2342.3,2197.0,2342.3
34,500,2627,0 shocks,True,189.0,2208.0,2208.0,1924.6,1755.9,2341.5,2208.0,2341.5
34,520,2627,0 shocks,True,188.0,2226.0,2226.0,1948.4,1858.1,2332.9,2226.0,2332.9
34,540,2627,0 shocks,True,189.0,2233.0,2233.0,1972.1,1805.5,2346.4,2233.0,2346.4
34,560,2627,0 shocks,True,189.0,2233.0,2233.0,1995.7,1818.5,2360.0,2233.0,2360.0
34,580,2627,0 shocks,True,189.0,2257.0,2257.0,2019.1,1841.7,2380.0,2257.0,2380.0
34,600,2627,0 shocks,True,189.0,2245.0,2245.0,2042.5,1862.9,2400.0,2245.0,2400.0
34,620,2627,0 shocks,True,189.0,2282.5,2282.5,2065.7,1876.4,2416.0,2282.5,2416.0
34,640,2627,0 shocks,True,189.0,2282.5,2282.5,2088.9,1919.9,2436.0,2282.5,2436.0
34,660,2627,0 shocks,True,188.0,2308.0,2308.0,2111.9,1967.7,2456.0,2308.0,2456.0
34,680,2627,0 shocks,True,188.0,2314.0,2314.0,2134.9,1989.6,2476.0,2314.0,2476.0
34,700,2627,0 shocks,True,189.0,2320.0,2320.0,2157.8,1992.8,2496.0,2320.0,2496.0
34,720,2627,0 shocks,True,189.0,2320.0,2320.0,2180.6,2016.6,2516.0,2320.0,2516.0
34,740,2627,0 shocks,True,189.0,2341.0,2341.0,2203.3,2037.7,2536.0,2341.0,2536.0
34,760,2627,0 shocks,True,189.0,2383.0,2383.0,2226.0,2057.7,2556.0,2383.0,2556.0
34,780,2627,0 shocks,True,189.0,2362.0,2362.0,2248.6,2077.7,2561.0,2362.0,2561.0
34,800,2627,0 shocks,True,189.0,2362.0,2362.0,2271.2,2097.7,2573.8,2362.0,2573.8
34,820,2627,0 shocks,True,189.0,2383.0,2383.0,2293.7,2117.7,2562.8,2383.0,2562.8
34,840,2627,0 shocks,True,189.0,2404.0,2404.0,2316.1,2137.7,2575.6,2404.0,2575.6
34,860,2627,0 shocks,True,189.0,2413.5,2413.5,2338.5,2157.7,2565.6,2413.5,2565.6
34,880,2627,0 shocks,True,189.0,2404.0,2404.0,2360.8,2177.7,2566.4,2404.0,2566.4
34,900,2627,0 shocks,True,189.0,2413.5,2413.5,2383.1,2197.7,2581.3,2413.5,2581.3
34,920,2627,0 shocks,True,189.0,2413.5,2413.5,2405.3,2217.7,2596.5,2413.5,2596.5
34,940,2627,0 shocks,True,188.0,2423.0,2423.0,2427.5,2258.8,2616.5,2423.0,2616.5
34,960,2627,0 shocks,True,189.0,2423.0,2423.0,2449.6,2257.7,2617.8,2423.0,2617.8
34,980,2627,0 shocks,True,189.0,2423.0,2423.0,2471.7,2277.7,2615.4,2423.0,2615.4
34,1000,2627,0 shocks,True,189.0,2423.0,2423.0,2493.8,2296.0,2635.6,2423.0,2635.6
34,1020,2627,0 shocks,True,188.0,2423.0,2423.0,2515.8,2337.1,2648.9,2423.0,2648.9
34,1040,2627,0 shocks,True,189.0,2423.0,2423.0,2537.8,2333.9,2663.8,2423.0,2663.8
34,1060,2627,0 shocks,True,189.0,2423.0,2423.0,2559.8,2352.4,2681.1,2423.0,2681.1
34,1080,2627,0 shocks,True,189.0,2423.0,2423.0,2581.7,2372.4,2696.1,2423.0,2696.1
34,1100,2627,0 shocks,True,189.0,2424.5,2424.5,2603.6,2392.4,2716.1,2424.5,2716.1
34,1120,2627,0 shocks,True,188.0,2426.0,2426.0,2625.4,2433.4,2736.1,2426.0,2736.1
34,1140,2627,0 shocks,True,189.0,2426.0,2426.0,2647.3,2432.4,2751.8,2426.0,2751.8
34,1160,2627,0 shocks,True,189.0,2426.0,2426.0,2669.1,2452.4,2771.8,2426.0,2771.8
34,1180,2627,0 shocks,True,189.0,2426.0,2426.0,2690.8,2472.4,2791.8,2426.0,2791.8
34,1200,2627,0 shocks,True,188.0,2426.0,2426.0,2712.6,2513.4,2811.8,2426.0,2811.8
34,1220,2627,0 shocks,True,189.0,2424.5,2424.5,2734.3,2512.4,2826.1,2424.5,2826.1
34,1240,2627,0 shocks,True,189.0,2424.5,2424.5,2756.0,2532.4,2846.1,2424.5,2846.1
34,1260,2627,0 shocks,True,189.0,2426.0,2426.0,2777.6,2552.4,2866.1,2426.0,2866.1
34,1280,2627,0 shocks,True,189.0,2424.5,2424.5,2799.3,2572.4,2886.1,2424.5,2886.1
34,1300,2627,0 shocks,True,189.0,2424.5,2424.5,2820.9,2592.4,2906.1,2424.5,2906.1
34,1320,2627,0 shocks,True,189.0,2426.0,2426.0,2842.5,2612.4,2926.1,2426.0,2926.1
34,1340,2627,0 shocks,True,189.0,2598.0,2598.0,2864.0,2632.4,2946.1,2598.0,2946.1
34,1360,2627,0 shocks,True,189.0,2982.0,2982.0,2885.6,2652.4,2966.1,2982.0,2966.1
34,1380,2627,0 shocks,True,189.0,2982.0,2982.0,2907.1,2672.4,2986.1,2982.0,2986.1
34,1400,2627,1 shock,True,179.0,2314.0,2314.0,2287.0,2446.4,2632.7,2446.4,2446.4
34,1420,2627,1 shock,True,179.0,2314.0,2314.0,2628.3,2465.2,2652.7,2465.2,2465.2
34,1440,2627,1 shock,True,180.0,2314.0,2314.0,2852.7,2526.8,2691.4,2526.8,2526.8
34,1460,2627,1 shock,True,180.0,2320.0,2320.0,2971.8,2664.5,2736.0,2664.5,2664.5
34,1480,2627,1 shock,True,179.0,2320.0,2320.0,2996.0,2730.2,2781.8,2730.2,2730.2
34,1500,2627,2 shocks,True,165.0,2320.0,2997.7,2106.8,2209.6,2216.5,2209.6,2209.6
34,1520,2627,2 shocks,True,165.0,2362.0,2997.7,2254.8,2229.4,2236.5,2229.4,2229.4
34,1540,2627,2 shocks,True,165.0,2362.0,2997.7,2325.0,2260.1,2272.9,2260.1,2260.1
34,1560,2627,2 shocks,True,165.0,2362.0,2997.7,2365.8,2282.0,2294.7,2282.0,2282.0
34,1580,2627,2 shocks,True,165.0,2363.5,2997.7,2390.9,2308.9,2320.9,2308.9,2308.9
34,1600,2627,3-4 shocks,True,156.0,2365.0,3040.7,2516.9,2411.8,2394.0,2411.8,2411.8
34,1620,2627,3-4 shocks,True,156.0,2365.0,3040.7,2608.1,2432.8,2418.8,2432.8,2432.8
34,1640,2627,3-4 shocks,True,156.0,2365.0,3040.7,2667.4,2455.3,2457.1,2455.3,2455.3
34,1660,2627,3-4 shocks,True,156.0,2365.0,3040.7,2715.1,2477.4,2479.0,2477.4,2477.4
34,1680,2627,3-4 shocks,True,156.0,2382.5,3040.7,2756.6,2506.1,2505.9,2506.1,2506.1
34,1700,2627,3-4 shocks,True,150.0,2382.5,3075.5,2544.9,2694.6,2714.8,2694.6,2694.6
34,1720,2627,3-4 shocks,True,150.0,2382.5,3075.5,2619.8,2717.6,2734.8,2717.6,2717.6
34,1740,2627,3-4 shocks,True,150.0,2402.0,3075.5,2672.4,2739.6,2774.7,2739.6,2739.6
34,1760,2627,3-4 shocks,True,150.0,2402.0,3075.5,2716.0,2761.4,2797.1,2761.4,2761.4
34,1780,2627,3-4 shocks,True,138.0,2402.0,2947.9,2572.3,2789.7,2815.9,2789.7,2789.7
34,1800,2627,5+ shocks,True,138.0,2402.0,3045.0,2936.6,2707.4,2713.0,2707.4,2707.4
34,1820,2627,5+ shocks,True,138.0,2404.0,3045.0,2970.7,2731.5,2733.0,2731.5,2731.5
34,1840,2627,5+ shocks,True,138.0,2404.0,3045.0,2999.2,2752.1,2770.9,2752.1,2752.1
34,1860,2627,5+ shocks,True,138.0,2404.0,3045.0,3025.4,2777.2,2800.9,2777.2,2777.2
34,1880,2627,5+ shocks,True,120.0,2404.0,2937.1,2845.9,2533.1,2534.2,2533.1,2533.1
34,1900,2627,5+ shocks,True,120.0,2404.0,2937.1,2886.3,2551.8,2554.2,2551.8,2551.8
34,1920,2627,5+ shocks,True,120.0,2404.0,2937.1,2915.9,2585.5,2589.2,2585.5,2585.5
34,1940,2627,5+ shocks,True,120.0,2404.0,2937.1,2942.2,2606.1,2610.7,2606.1,2606.1
34,1960,2627,5+ shocks,True,120.0,2404.0,2937.1,2967.0,2643.6,2647.2,2643.6,2643.6
34,1980,2627,5+ shocks,True,114.0,2413.0,2968.8,2915.6,2794.9,2795.6,2794.9,2794.9
34,2000,2627,5+ shocks,True,114.0,2413.0,2968.8,2950.8,2816.8,2815.6,2816.8,2816.8
34,2020,2627,5+ shocks,True,114.0,2413.0,2968.8,2979.0,2835.7,2851.6,2835.7,2835.7
34,2040,2627,5+ shocks,True,114.0,2413.0,2968.8,3004.6,2856.5,2873.5,2856.5,2856.5
34,2060,2627,5+ shocks,False,99.0,2422.0,2810.4,2906.3,2802.9,2813.9,2802.9,2802.9
34,2080,2627,5+ shocks,False,99.0,2422.0,2900.9,2896.2,2711.6,2700.3,2711.6,2711.6
34,2100,2627,5+ shocks,False,99.0,2422.0,2900.9,2926.3,2731.6,2720.3,2731.6,2731.6
34,2120,2627,5+ shocks,False,99.0,2422.5,2900.9,2952.4,2751.6,2740.3,2751.6,2751.6
34,2140,2627,5+ shocks,False,99.0,2422.5,2900.9,2976.8,2784.2,2777.1,2784.2,2784.2
34,2160,2627,5+ shocks,False,82.0,2422.5,2819.1,2826.5,2631.4,2596.1,2631.4,2631.4
34,2180,2627,5+ shocks,False,82.0,2422.5,2819.1,2865.3,2650.9,2616.1,2650.9,2650.9
34,2200,2627,5+ shocks,False,82.0,2423.0,2819.1,2892.8,2670.7,2639.5,2670.7,2670.7
34,2220,2627,5+ shocks,False,82.0,2424.5,2819.1,2917.5,2694.3,2659.5,2694.3,2694.3
34,2240,2627,5+ shocks,False,82.0,2426.0,2819.1,2941.0,2723.7,2694.4,2723.7,2723.7
34,2260,2627,5+ shocks,False,72.0,2503.5,2803.8,2842.6,2667.3,2646.4,2667.3,2667.3
34,2280,2627,5+ shocks,False,72.0,2503.5,2803.8,2872.5,2686.5,2666.4,2686.5,2686.5
34,2300,2627,5+ shocks,False,72.0,2503.5,2803.8,2897.7,2711.1,2686.4,2711.1,2711.1
34,2320,2627,5+ shocks,False,72.0,2589.5,2803.8,2921.3,2731.4,2707.3,2731.4,2731.4
34,2340,2627,5+ shocks,False,72.0,2589.5,2803.8,2944.0,2762.0,2733.5,2762.0,2762.0
34,2360,2627,5+ shocks,False,57.0,2589.5,2742.8,2816.3,2672.7,2665.0,2672.7,2672.7
34,2380,2627,5+ shocks,False,57.0,2656.0,2742.8,2842.8,2693.7,2685.0,2693.7,2693.7
34,2400,2627,5+ shocks,False,57.0,2714.0,2742.8,2866.5,2713.8,2705.0,2713.8,2713.8
34,2420,2627,5+ shocks,False,57.0,2804.0,2742.8,2889.1,2742.5,2730.6,2742.5,2742.5
34,2440,2627,5+ shocks,False,42.0,3183.0,2585.0,2757.3,2647.6,2643.5,2647.6,2647.6
34,2460,2627,5+ shocks,False,42.0,3183.0,2680.1,2767.9,2663.8,2659.4,2663.8,2663.8
34,2480,2627,5+ shocks,False,42.0,3183.0,2680.1,2791.6,2683.8,2679.4,2683.8,2683.8
34,2500,2627,5+ shocks,False,42.0,3183.0,2680.1,2813.9,2703.8,2699.4,2703.8,2703.8
34,2520,2627,5+ shocks,False,42.0,3183.0,2680.1,2835.5,2729.5,2723.0,2729.5,2729.5
34,2540,2627,5+ shocks,False,24.0,3183.0,2584.6,2630.6,2664.3,2660.0,2664.3,2664.3
34,2560,2627,5+ shocks,False,24.0,3183.0,2584.6,2652.7,2684.1,2680.0,2684.1,2684.1
34,2580,2627,5+ shocks,False,24.0,3183.0,2584.6,2673.6,2704.1,2700.0,2704.1,2704.1
34,2600,2627,5+ shocks,False,24.0,3366.0,2601.0,2694.2,2724.1,2720.8,2724.1,2724.1
35,100,2219,0 shocks,True,189.0,2109.0,2109.0,1385.5,1417.2,1229.7,2109.0,1229.7
35,120,2219,0 shocks,True,189.0,2109.0,2109.0,1423.0,1435.4,1249.7,2109.0,1249.7
35,140,2219,0 shocks,True,189.0,2109.0,2109.0,1458.1,1453.0,1269.7,2109.0,1269.7
35,160,2219,0 shocks,True,189.0,2109.0,2109.0,1491.2,1470.3,1289.7,2109.0,1289.7
35,180,2219,0 shocks,True,189.0,2109.0,2109.0,1522.9,1488.2,1309.7,2109.0,1309.7
35,200,2219,0 shocks,True,189.0,2109.0,2109.0,1553.5,1508.0,1329.7,2109.0,1329.7
35,220,2219,0 shocks,True,189.0,2109.0,2109.0,1583.1,1533.1,1349.7,2109.0,1349.7
35,240,2219,0 shocks,True,189.0,2153.0,2153.0,1611.9,1559.7,1369.7,2153.0,1369.7
35,260,2219,0 shocks,True,189.0,2153.0,2153.0,1640.1,1574.9,1389.7,2153.0,1389.7
35,280,2219,0 shocks,True,189.0,2153.0,2153.0,1667.8,1587.0,1409.7,2153.0,1409.7
35,300,2219,0 shocks,True,189.0,2153.0,2153.0,1694.9,1596.1,1429.7,2153.0,1429.7
35,320,2219,0 shocks,True,188.0,2153.0,2153.0,1721.6,1733.7,1440.6,2153.0,1440.6
35,340,2219,0 shocks,True,189.0,2153.0,2153.0,1747.9,1627.1,1444.2,2153.0,1444.2
35,360,2219,0 shocks,True,189.0,2153.0,2153.0,1773.9,1646.0,1443.3,2153.0,1443.3
35,380,2219,0 shocks,True,189.0,2197.0,2197.0,1799.6,1676.1,1450.3,2197.0,1450.3
35,400,2219,0 shocks,True,189.0,2197.0,2197.0,1825.0,1694.6,1448.0,2197.0,1448.0
35,420,2219,0 shocks,True,189.0,2197.0,2197.0,1850.2,1711.8,1450.1,2197.0,1450.1
35,440,2219,0 shocks,True,189.0,2197.0,2197.0,1875.2,1729.0,1462.7,2197.0,1462.7
35,460,2219,0 shocks,True,189.0,2197.0,2197.0,1899.9,1749.0,1474.0,2197.0,1474.0
35,480,2219,0 shocks,True,189.0,2197.0,2197.0,1924.5,1764.2,1469.1,2197.0,1469.1
35,500,2219,0 shocks,True,188.0,2215.0,2215.0,1948.9,1841.8,1471.9,2215.0,1471.9
35,520,2219,0 shocks,True,189.0,2245.0,2245.0,1973.1,1798.1,1479.0,2245.0,1479.0
35,540,2219,0 shocks,True,189.0,2257.0,2257.0,1997.2,1822.4,1499.0,2257.0,1499.0
35,560,2219,0 shocks,True,188.0,2257.0,2257.0,2021.1,1893.3,1519.0,2257.0,1519.0
35,580,2219,0 shocks,True,188.0,2308.0,2308.0,2044.9,1913.7,1536.7,2308.0,1536.7
35,600,2219,0 shocks,True,189.0,2282.5,2282.5,2068.6,1885.4,1554.1,2282.5,1554.1
35,620,2219,0 shocks,True,189.0,2314.0,2314.0,2092.2,1907.6,1572.1,2314.0,1572.1
35,640,2219,0 shocks,True,189.0,2314.0,2314.0,2115.7,1947.7,1592.1,2314.0,1592.1
35,660,2219,0 shocks,True,189.0,2320.0,2320.0,2139.1,1975.7,1612.1,2320.0,1612.1
35,680,2219,0 shocks,True,189.0,2341.0,2341.0,2162.4,1997.2,1632.1,2341.0,1632.1
35,700,2219,0 shocks,True,189.0,2362.0,2362.0,2185.6,2030.0,1649.7,2362.0,1649.7
35,720,2219,0 shocks,True,189.0,2362.0,2362.0,2208.7,2044.8,1666.5,2362.0,1666.5
35,740,2219,0 shocks,True,188.0,2383.0,2383.0,2231.7,2080.3,1686.5,2383.0,1686.5
35,760,2219,0 shocks,True,188.0,2413.0,2413.0,2254.7,2100.3,1706.5,2413.0,1706.5
35,780,2219,0 shocks,True,189.0,2404.0,2404.0,2277.6,2105.4,1714.7,2404.0,1714.7
35,800,2219,0 shocks,True,189.0,2404.0,2404.0,2300.4,2125.4,1719.7,2404.0,1719.7
35,820,2219,0 shocks,True,189.0,2413.5,2413.5,2323.1,2145.4,1722.8,2413.5,1722.8
35,840,2219,0 shocks,True,189.0,2423.0,2423.0,2345.8,2165.4,1736.1,2423.0,1736.1
35,860,2219,0 shocks,True,188.0,2424.5,2424.5,2368.5,2200.3,1745.3,2424.5,1745.3
35,880,2219,0 shocks,True,189.0,2423.0,2423.0,2391.0,2205.4,1765.3,2423.0,1765.3
35,900,2219,0 shocks,True,189.0,2424.5,2424.5,2413.6,2225.4,1782.7,2424.5,1782.7
35,920,2219,0 shocks,True,189.0,2424.5,2424.5,2436.0,2245.4,1799.5,2424.5,1799.5
35,940,2219,0 shocks,True,189.0,2426.0,2426.0,2458.5,2265.4,1819.5,2426.0,1819.5
35,960,2219,0 shocks,True,189.0,2426.0,2426.0,2480.8,2285.4,1837.2,2426.0,1837.2
35,980,2219,0 shocks,True,189.0,2426.0,2426.0,2503.2,2305.4,1849.0,2426.0,1849.0
35,1000,2219,0 shocks,True,189.0,2426.0,2426.0,2525.5,2325.4,1867.0,2426.0,1867.0
35,1020,2219,0 shocks,True,189.0,2426.0,2426.0,2547.7,2345.4,1887.0,2426.0,1887.0
35,1040,2219,0 shocks,True,187.0,2426.0,2426.0,2569.9,2380.3,1903.7,2426.0,1903.7
35,1060,2219,0 shocks,True,189.0,2426.0,2426.0,2592.1,2385.4,1923.7,2426.0,1923.7
35,1080,2219,0 shocks,True,189.0,2426.0,2426.0,2614.2,2405.4,1939.2,2426.0,1939.2
35,1100,2219,0 shocks,True,188.0,2503.5,2503.5,2636.3,2440.3,1959.2,2503.5,1959.2
35,1120,2219,0 shocks,True,189.0,2581.0,2581.0,2658.4,2445.4,1979.2,2581.0,1979.2
35,1140,2219,0 shocks,True,189.0,2581.0,2581.0,2680.4,2464.1,1995.6,2581.0,1995.6
35,1160,2219,0 shocks,True,189.0,2581.0,2581.0,2702.4,2484.1,2015.6,2581.0,2015.6
35,1180,2219,0 shocks,True,189.0,2581.0,2581.0,2724.4,2504.1,2035.6,2581.0,2035.6
35,1200,2219,0 shocks,True,189.0,2581.0,2581.0,2746.3,2524.1,2055.6,2581.0,2055.6
35,1220,2219,0 shocks,True,189.0,2512.0,2512.0,2768.2,2544.1,2072.5,2512.0,2072.5
35,1240,2219,0 shocks,True,189.0,2512.0,2512.0,2790.1,2564.1,2092.5,2512.0,2092.5
35,1260,2219,0 shocks,True,189.0,2598.0,2598.0,2811.9,2584.1,2112.5,2598.0,2112.5
35,1280,2219,0 shocks,True,187.0,2512.0,2512.0,2833.7,2619.0,2132.5,2512.0,2132.5
35,1300,2219,0 shocks,True,189.0,2512.0,2512.0,2855.5,2624.1,2152.5,2512.0,2152.5
35,1320,2219,0 shocks,True,189.0,2598.0,2598.0,2877.3,2644.1,2172.5,2598.0,2172.5
35,1340,2219,0 shocks,True,189.0,2627.0,2627.0,2899.0,2664.1,2192.5,2627.0,2192.5
35,1360,2219,1 shock,True,168.0,2341.0,2341.0,1916.3,1939.0,1865.3,1939.0,1939.0
35,1380,2219,1 shock,True,168.0,2341.0,2341.0,2022.0,1999.2,1885.3,1999.2,1999.2
35,1400,2219,1 shock,True,168.0,2341.0,2341.0,2092.3,2085.9,1905.4,2085.9,2085.9
35,1420,2219,1 shock,True,168.0,2341.0,2341.0,2148.6,2125.3,1927.9,2125.3,2125.3
35,1440,2219,1 shock,True,147.0,2341.0,2341.0,1636.7,2162.5,1953.6,2162.5,2162.5
35,1460,2219,2 shocks,True,147.0,2362.0,2792.1,1885.6,2110.7,2014.0,2110.7,2110.7
35,1480,2219,2 shocks,True,147.0,2362.0,2792.1,1957.7,2143.8,2034.0,2143.8,2143.8
35,1500,2219,2 shocks,True,147.0,2362.0,2792.1,1999.4,2175.7,2054.2,2175.7,2175.7
35,1520,2219,2 shocks,True,147.0,2365.0,2792.1,2027.4,2201.6,2076.8,2201.6,2201.6
35,1540,2219,3-4 shocks,True,129.0,2365.0,2682.9,2033.7,2190.1,2087.9,2190.1,2190.1
35,1560,2219,3-4 shocks,True,129.0,2365.0,2682.9,2113.7,2210.5,2109.4,2210.5,2210.5
35,1580,2219,3-4 shocks,True,129.0,2382.5,2682.9,2160.4,2252.4,2131.8,2252.4,2252.4
35,1600,2219,3-4 shocks,True,129.0,2400.0,2682.9,2198.1,2276.6,2151.9,2276.6,2276.6
35,1620,2219,3-4 shocks,True,109.0,2400.0,2474.0,2002.9,2257.9,2173.0,2257.9,2257.9
35,1640,2219,3-4 shocks,True,109.0,2400.0,2524.7,1965.6,2178.0,2149.7,2178.0,2178.0
35,1660,2219,3-4 shocks,True,109.0,2400.0,2524.7,2003.4,2207.4,2169.7,2207.4,2207.4
35,1680,2219,3-4 shocks,True,109.0,2402.0,2524.7,2034.7,2234.1,2189.8,2234.1,2234.1
35,1700,2219,3-4 shocks,True,109.0,2402.0,2524.7,2063.1,2270.0,2220.6,2270.0,2270.0
35,1720,2219,5+ shocks,False,90.0,2402.0,2433.8,2422.6,2149.4,2116.4,2149.4,2149.4
35,1740,2219,5+ shocks,False,90.0,2413.0,2433.8,2455.1,2171.4,2136.4,2171.4,2171.4
35,1760,2219,5+ shocks,False,90.0,2413.0,2433.8,2480.7,2198.8,2156.2,2198.8,2198.8
35,1780,2219,5+ shocks,False,90.0,2413.0,2433.8,2504.4,2223.5,2176.2,2223.5,2223.5
35,1800,2219,5+ shocks,False,90.0,2413.0,2433.8,2527.2,2270.7,2206.3,2270.7,2270.7
35,1820,2219,5+ shocks,False,73.0,2422.0,2358.0,2394.3,2140.8,2120.5,2140.8,2140.8
35,1840,2219,5+ shocks,False,73.0,2422.0,2358.0,2421.6,2165.7,2140.5,2165.7,2165.7
35,1860,2219,5+ shocks,False,73.0,2422.0,2358.0,2445.6,2189.0,2160.5,2189.0,2189.0
35,1880,2219,5+ shocks,False,73.0,2422.0,2358.0,2468.3,2212.5,2181.9,2212.5,2212.5
35,1900,2219,5+ shocks,False,62.0,2422.0,2321.4,2356.5,2190.9,2183.7,2190.9,2190.9
35,1920,2219,5+ shocks,False,61.0,2422.0,2311.3,2374.9,2167.2,2160.1,2167.2,2167.2
35,1940,2219,5+ shocks,False,61.0,2422.0,2311.3,2398.2,2189.6,2180.1,2189.6,2189.6
35,1960,2219,5+ shocks,False,62.0,2422.0,2321.4,2429.0,2261.4,2245.1,2261.4,2261.4
35,1980,2219,5+ shocks,False,42.0,2422.5,2206.0,2258.0,2133.9,2139.4,2133.9,2133.9
35,2000,2219,5+ shocks,False,42.0,2422.5,2206.0,2284.8,2154.2,2159.4,2154.2,2154.2
35,2020,2219,5+ shocks,False,42.0,2422.5,2206.0,2307.3,2176.0,2179.4,2176.0,2176.0
35,2040,2219,5+ shocks,False,42.0,2422.5,2206.0,2328.9,2197.0,2199.4,2197.0,2197.0
35,2060,2219,5+ shocks,False,27.0,2423.0,2061.0,2186.8,2166.9,2166.4,2166.9,2166.9
35,2080,2219,5+ shocks,False,27.0,2423.0,2137.1,2201.2,2180.8,2183.6,2180.8,2180.8
35,2100,2219,5+ shocks,False,27.0,2423.0,2137.1,2222.4,2201.2,2203.6,2201.2,2201.2
35,2120,2219,5+ shocks,False,27.0,2424.5,2137.1,2243.1,2221.2,2223.6,2221.2,2221.2
35,2140,2219,5+ shocks,False,15.0,2424.5,2141.0,2218.7,2230.6,2227.1,2230.6,2230.6
35,2160,2219,5+ shocks,False,15.0,2424.5,2185.2,2236.8,2245.6,2244.9,2245.6,2245.6
35,2180,2219,5+ shocks,False,15.0,2424.5,2185.2,2257.6,2265.9,2264.9,2265.9,2265.9
35,2200,2219,5+ shocks,False,15.0,2426.0,2201.0,2278.1,2285.9,2284.9,2285.9,2285.9
36,100,2257,0 shocks,True,188.0,2109.0,2109.0,1376.8,1527.8,1516.2,2109.0,1516.2
36,120,2257,0 shocks,True,188.0,2109.0,2109.0,1413.2,1546.8,1536.2,2109.0,1536.2
36,140,2257,0 shocks,True,188.0,2109.0,2109.0,1447.2,1564.8,1556.2,2109.0,1556.2
36,160,2257,0 shocks,True,188.0,2109.0,2109.0,1479.5,1579.4,1576.2,2109.0,1576.2
36,180,2257,0 shocks,True,188.0,2109.0,2109.0,1510.4,1597.9,1592.9,2109.0,1592.9
36,200,2257,0 shocks,True,188.0,2109.0,2109.0,1540.2,1614.9,1597.8,2109.0,1597.8
36,220,2257,0 shocks,True,188.0,2109.0,2109.0,1569.2,1644.7,1617.8,2109.0,1617.8
36,240,2257,0 shocks,True,188.0,2153.0,2153.0,1597.4,1677.8,1635.2,2153.0,1635.2
36,260,2257,0 shocks,True,188.0,2153.0,2153.0,1625.1,1690.2,1655.2,2153.0,1655.2
36,280,2257,0 shocks,True,188.0,2153.0,2153.0,1652.2,1691.4,1675.2,2153.0,1675.2
36,300,2257,0 shocks,True,188.0,2153.0,2153.0,1678.8,1693.6,1694.0,2153.0,1694.0
36,320,2257,0 shocks,True,188.0,2153.0,2153.0,1705.1,1708.1,1689.6,2153.0,1689.6
36,340,2257,0 shocks,True,188.0,2153.0,2153.0,1730.9,1719.3,1686.0,2153.0,1686.0
36,360,2257,0 shocks,True,188.0,2153.0,2153.0,1756.5,1737.0,1686.6,2153.0,1686.6
36,380,2257,0 shocks,True,188.0,2197.0,2197.0,1781.8,1744.8,1678.3,2197.0,1678.3
36,400,2257,0 shocks,True,188.0,2197.0,2197.0,1806.9,1761.1,1678.3,2197.0,1678.3
36,420,2257,0 shocks,True,188.0,2197.0,2197.0,1831.7,1781.1,1685.5,2197.0,1685.5
36,440,2257,0 shocks,True,188.0,2197.0,2197.0,1856.3,1792.6,1692.9,2197.0,1692.9
36,460,2257,0 shocks,True,188.0,2197.0,2197.0,1880.7,1802.6,1708.2,2197.0,1708.2
36,480,2257,0 shocks,True,188.0,2197.0,2197.0,1904.9,1819.8,1716.7,2197.0,1716.7
36,500,2257,0 shocks,True,188.0,2208.0,2208.0,1929.0,1834.2,1722.4,2208.0,1722.4
36,520,2257,0 shocks,True,188.0,2226.0,2226.0,1952.9,1854.5,1739.5,2226.0,1739.5
36,540,2257,0 shocks,True,188.0,2233.0,2233.0,1976.7,1873.3,1753.1,2233.0,1753.1
36,560,2257,0 shocks,True,188.0,2233.0,2233.0,2000.4,1890.2,1773.1,2233.0,1773.1
36,580,2257,0 shocks,True,188.0,2308.0,2308.0,2023.9,1917.2,1793.1,2308.0,1793.1
36,600,2257,0 shocks,True,188.0,2270.5,2270.5,2047.3,1926.2,1813.1,2270.5,1813.1
36,620,2257,0 shocks,True,188.0,2314.0,2314.0,2070.7,1940.4,1833.1,2314.0,1833.1
36,640,2257,0 shocks,True,188.0,2314.0,2314.0,2093.9,1959.7,1853.1,2314.0,1853.1
36,660,2257,0 shocks,True,188.0,2320.0,2320.0,2117.0,1978.0,1873.1,2320.0,1873.1
36,680,2257,0 shocks,True,188.0,2341.0,2341.0,2140.1,2000.1,1888.8,2341.0,1888.8
36,700,2257,0 shocks,True,188.0,2362.0,2362.0,2163.0,2020.7,1908.8,2362.0,1908.8
36,720,2257,0 shocks,True,188.0,2362.0,2362.0,2185.9,2043.3,1928.8,2362.0,1928.8
36,740,2257,0 shocks,True,188.0,2383.0,2383.0,2208.7,2063.3,1948.8,2383.0,1948.8
36,760,2257,0 shocks,True,188.0,2413.0,2413.0,2231.5,2083.3,1968.8,2413.0,1968.8
36,780,2257,0 shocks,True,188.0,2404.0,2404.0,2254.2,2103.3,1988.8,2404.0,1988.8
36,800,2257,0 shocks,True,188.0,2404.0,2404.0,2276.8,2123.3,2008.8,2404.0,2008.8
36,820,2257,0 shocks,True,188.0,2413.5,2413.5,2299.3,2143.3,2028.8,2413.5,2028.8
36,840,2257,0 shocks,True,188.0,2423.0,2423.0,2321.8,2163.3,2048.8,2423.0,2048.8
36,860,2257,0 shocks,True,188.0,2424.5,2424.5,2344.3,2183.3,2068.8,2424.5,2068.8
36,880,2257,0 shocks,True,188.0,2423.0,2423.0,2366.7,2203.3,2088.8,2423.0,2088.8
36,900,2257,0 shocks,True,188.0,2424.5,2424.5,2389.0,2223.3,2108.8,2424.5,2108.8
36,920,2257,0 shocks,True,179.0,2424.5,2424.5,2411.3,2206.6,2128.6,2424.5,2128.6
36,940,2257,1 shock,True,179.0,2219.0,2219.0,1767.8,1985.7,2026.1,1985.7,1985.7
36,960,2257,1 shock,True,179.0,2219.0,2219.0,1895.5,2047.6,2063.2,2047.6,2047.6
36,980,2257,1 shock,True,179.0,2219.0,2219.0,1983.9,2160.4,2104.7,2160.4,2160.4
36,1000,2257,1 shock,True,179.0,2219.0,2219.0,2054.8,2219.0,2130.1,2219.0,2219.0
36,1020,2257,1 shock,True,179.0,2219.0,2219.0,2115.5,2290.3,2150.5,2290.3,2290.3
36,1040,2257,2 shocks,True,172.0,2219.0,2955.0,1853.6,2133.9,2078.6,2133.9,2133.9
36,1060,2257,2 shocks,True,172.0,2226.0,2955.0,2122.7,2157.2,2098.2,2157.2,2157.2
36,1080,2257,2 shocks,True,172.0,2226.0,2955.0,2212.8,2180.2,2118.3,2180.2,2180.2
36,1100,2257,3-4 shocks,True,163.0,2226.0,2487.0,1858.5,2154.7,2063.8,2154.7,2154.7
36,1120,2257,3-4 shocks,True,163.0,2233.0,2487.0,1980.4,2177.7,2083.6,2177.7,2177.7
36,1140,2257,3-4 shocks,True,163.0,2270.5,2487.0,2043.7,2215.9,2109.7,2215.9,2215.9
36,1160,2257,3-4 shocks,True,163.0,2270.5,2487.0,2092.2,2241.4,2145.2,2241.4,2241.4
36,1180,2257,3-4 shocks,True,156.0,2270.5,2445.6,1934.4,2291.8,2136.2,2291.8,2291.8
36,1200,2257,3-4 shocks,True,156.0,2270.5,2445.6,2034.2,2309.9,2156.2,2309.9,2309.9
36,1220,2257,3-4 shocks,True,156.0,2270.5,2445.6,2092.7,2329.9,2195.2,2329.9,2329.9
36,1240,2257,3-4 shocks,True,152.0,2270.5,2408.4,2083.6,2353.5,2207.4,2353.5,2353.5
36,1260,2257,5+ shocks,True,152.0,2270.5,2409.1,2170.4,2410.0,2228.0,2410.0,2410.0
36,1280,2257,5+ shocks,True,152.0,2308.0,2409.1,2197.7,2430.0,2248.0,2430.0,2430.0
36,1300,2257,5+ shocks,True,146.0,2314.0,2356.3,2189.4,2450.9,2284.6,2450.9,2450.9
36,1320,2257,5+ shocks,True,146.0,2341.0,2358.2,2134.3,2453.0,2288.0,2453.0,2453.0
36,1340,2257,5+ shocks,True,146.0,2341.0,2358.2,2160.6,2475.8,2310.4,2475.8,2475.8
36,1360,2257,5+ shocks,True,131.0,2341.0,2255.1,2056.7,2438.7,2324.1,2438.7,2438.7
36,1380,2257,5+ shocks,True,131.0,2341.0,2255.1,2089.9,2460.5,2344.1,2460.5,2460.5
36,1400,2257,5+ shocks,True,131.0,2341.0,2255.1,2115.0,2480.5,2364.1,2480.5,2480.5
36,1420,2257,5+ shocks,True,126.0,2341.0,2215.0,2113.1,2382.8,2289.2,2382.8,2382.8
36,1440,2257,5+ shocks,True,126.0,2341.0,2270.2,2136.9,2426.8,2300.8,2426.8,2426.8
36,1460,2257,5+ shocks,True,126.0,2362.0,2270.2,2163.0,2449.4,2320.8,2449.4,2449.4
36,1480,2257,5+ shocks,True,114.0,2362.0,2175.0,2123.8,2462.6,2356.2,2462.6,2462.6
36,1500,2257,5+ shocks,True,114.0,2362.0,2215.2,2102.3,2413.8,2307.4,2413.8,2413.8
36,1520,2257,5+ shocks,True,114.0,2365.0,2215.2,2127.2,2433.8,2327.4,2433.8,2433.8
36,1540,2257,5+ shocks,True,114.0,2365.0,2215.2,2150.3,2453.8,2361.2,2453.8,2453.8
36,1560,2257,5+ shocks,True,110.0,2365.0,2256.7,2168.1,2499.6,2385.7,2499.6,2499.6
36,1580,2257,5+ shocks,True,110.0,2382.5,2256.7,2196.2,2518.1,2405.7,2518.1,2518.1
36,1600,2257,5+ shocks,True,110.0,2400.0,2256.7,2220.1,2538.1,2439.9,2538.1,2538.1
36,1620,2257,5+ shocks,False,99.0,2400.0,2228.1,2146.7,2383.1,2318.9,2383.1,2383.1
36,1640,2257,5+ shocks,False,99.0,2400.0,2228.1,2175.1,2401.8,2337.7,2401.8,2401.8
36,1660,2257,5+ shocks,False,100.0,2400.0,2235.8,2204.1,2421.8,2357.7,2421.8,2421.8
36,1680,2257,5+ shocks,False,99.0,2402.0,2228.1,2221.2,2441.8,2377.7,2441.8,2441.8
36,1700,2257,5+ shocks,False,90.0,2402.0,2234.6,2203.9,2383.0,2317.7,2383.0,2383.0
36,1720,2257,5+ shocks,False,90.0,2402.0,2234.6,2229.4,2401.9,2337.7,2401.9,2401.9
36,1740,2257,5+ shocks,False,91.0,2413.0,2242.4,2258.0,2423.0,2357.7,2423.0,2423.0
36,1760,2257,5+ shocks,False,80.0,2413.0,2157.4,2216.7,2275.6,2222.4,2275.6,2275.6
36,1780,2257,5+ shocks,False,80.0,2413.0,2232.3,2231.3,2291.2,2247.7,2291.2,2291.2
36,1800,2257,5+ shocks,False,80.0,2413.0,2232.3,2255.1,2313.0,2267.7,2313.0,2313.0
36,1820,2257,5+ shocks,False,80.0,2422.0,2232.3,2277.3,2333.0,2287.7,2333.0,2333.0
36,1840,2257,5+ shocks,False,74.0,2422.0,2252.9,2245.8,2354.0,2297.5,2354.0,2354.0
36,1860,2257,5+ shocks,False,74.0,2422.0,2252.9,2270.4,2373.1,2317.5,2373.1,2373.1
36,1880,2257,5+ shocks,False,74.0,2422.0,2252.9,2292.8,2395.0,2337.5,2395.0,2395.0
36,1900,2257,5+ shocks,False,68.0,2422.0,2206.4,2278.6,2415.0,2357.5,2415.0,2415.0
36,1920,2257,5+ shocks,False,68.0,2422.0,2277.9,2297.6,2432.4,2377.1,2432.4,2432.4
36,1940,2257,5+ shocks,False,68.0,2422.0,2277.9,2320.6,2454.3,2397.1,2454.3,2454.3
36,1960,2257,5+ shocks,False,68.0,2422.0,2277.9,2342.4,2474.9,2417.1,2474.9,2474.9
36,1980,2257,5+ shocks,False,59.0,2422.5,2273.0,2294.0,2350.8,2312.6,2350.8,2350.8
36,2000,2257,5+ shocks,False,59.0,2422.5,2273.0,2317.1,2370.8,2332.6,2370.8,2370.8
36,2020,2257,5+ shocks,False,59.0,2422.5,2273.0,2338.9,2392.2,2352.6,2392.2,2392.2
36,2040,2257,5+ shocks,False,46.0,2422.5,2243.9,2272.3,2300.6,2291.6,2300.6,2300.6
36,2060,2257,5+ shocks,False,46.0,2423.0,2243.9,2296.6,2320.7,2311.6,2320.7,2320.7
36,2080,2257,5+ shocks,False,46.0,2423.0,2243.9,2318.4,2340.7,2331.6,2340.7,2340.7
36,2100,2257,5+ shocks,False,40.0,2423.0,2197.5,2296.7,2286.8,2284.6,2286.8,2286.8
36,2120,2257,5+ shocks,False,40.0,2424.5,2259.5,2307.4,2307.9,2304.0,2307.9,2307.9
36,2140,2257,5+ shocks,False,40.0,2424.5,2259.5,2328.9,2327.9,2324.0,2327.9,2327.9
36,2160,2257,5+ shocks,False,35.0,2424.5,2275.8,2303.5,2345.4,2337.4,2345.4,2345.4
36,2180,2257,5+ shocks,False,35.0,2424.5,2275.8,2325.9,2367.1,2357.4,2367.1,2367.1
36,2200,2257,5+ shocks,False,35.0,2426.0,2275.8,2347.0,2387.1,2377.4,2387.1,2387.1
36,2220,2257,5+ shocks,False,20.0,2503.5,2243.9,2273.0,2305.4,2304.8,2305.4,2305.4
36,2240,2257,5+ shocks,False,20.0,2581.0,2243.9,2293.7,2325.3,2324.8,2325.3,2325.3
37,100,2581,0 shocks,True,188.0,2109.0,2109.0,1373.3,1512.4,1618.3,2109.0,1618.3
37,120,2581,0 shocks,True,188.0,2109.0,2109.0,1409.3,1532.4,1638.3,2109.0,1638.3
37,140,2581,0 shocks,True,188.0,2109.0,2109.0,1442.9,1550.4,1658.3,2109.0,1658.3
37,160,2581,0 shocks,True,188.0,2109.0,2109.0,1474.8,1563.6,1678.3,2109.0,1678.3
37,180,2581,0 shocks,True,188.0,2109.0,2109.0,1505.4,1581.3,1691.0,2109.0,1691.0
37,200,2581,0 shocks,True,188.0,2109.0,2109.0,1535.0,1596.4,1707.7,2109.0,1707.7
37,220,2581,0 shocks,True,188.0,2109.0,2109.0,1563.7,1622.3,1723.4,2109.0,1723.4
37,240,2581,0 shocks,True,188.0,2153.0,2153.0,1591.6,1638.5,1739.5,2153.0,1739.5
37,260,2581,0 shocks,True,188.0,2153.0,2153.0,1619.0,1656.0,1759.5,2153.0,1759.5
37,280,2581,0 shocks,True,188.0,2153.0,2153.0,1645.9,1670.0,1779.5,2153.0,1779.5
37,300,2581,0 shocks,True,188.0,2153.0,2153.0,1672.4,1673.0,1793.1,2153.0,1793.1
37,320,2581,0 shocks,True,188.0,2153.0,2153.0,1698.4,1689.2,1803.1,2153.0,1803.1
37,340,2581,0 shocks,True,188.0,2153.0,2153.0,1724.1,1700.0,1803.0,2153.0,1803.0
37,360,2581,0 shocks,True,188.0,2153.0,2153.0,1749.5,1713.1,1798.9,2153.0,1798.9
37,380,2581,0 shocks,True,188.0,2197.0,2197.0,1774.6,1726.8,1787.5,2197.0,1787.5
37,400,2581,0 shocks,True,188.0,2197.0,2197.0,1799.5,1741.4,1783.3,2197.0,1783.3
37,420,2581,0 shocks,True,188.0,2197.0,2197.0,1824.2,1756.3,1778.2,2197.0,1778.2
37,440,2581,0 shocks,True,188.0,2197.0,2197.0,1848.7,1771.6,1795.3,2197.0,1795.3
37,460,2581,0 shocks,True,188.0,2197.0,2197.0,1872.9,1791.6,1794.3,2197.0,1794.3
37,480,2581,0 shocks,True,188.0,2197.0,2197.0,1897.0,1811.6,1799.9,2197.0,1799.9
37,500,2581,0 shocks,True,188.0,2208.0,2208.0,1921.0,1821.8,1802.9,2208.0,1802.9
37,520,2581,0 shocks,True,188.0,2226.0,2226.0,1944.8,1842.0,1813.2,2226.0,1813.2
37,540,2581,0 shocks,True,188.0,2233.0,2233.0,1968.5,1862.9,1827.8,2233.0,1827.8
37,560,2581,0 shocks,True,188.0,2233.0,2233.0,1992.0,1884.0,1847.8,2233.0,1847.8
37,580,2581,0 shocks,True,188.0,2257.0,2257.0,2015.4,1901.9,1867.8,2257.0,1867.8
37,600,2581,0 shocks,True,188.0,2245.0,2245.0,2038.8,1921.3,1884.5,2245.0,1884.5
37,620,2581,0 shocks,True,188.0,2282.5,2282.5,2062.0,1932.0,1904.5,2282.5,1904.5
37,640,2581,0 shocks,True,188.0,2282.5,2282.5,2085.1,1947.6,1924.5,2282.5,1924.5
37,660,2581,0 shocks,True,188.0,2308.0,2308.0,2108.1,1964.2,1944.5,2308.0,1944.5
37,680,2581,0 shocks,True,188.0,2314.0,2314.0,2131.1,1987.9,1964.5,2314.0,1964.5
37,700,2581,0 shocks,True,188.0,2320.0,2320.0,2153.9,2010.9,1984.5,2320.0,1984.5
37,720,2581,0 shocks,True,188.0,2320.0,2320.0,2176.7,2030.9,2004.5,2320.0,2004.5
37,740,2581,0 shocks,True,188.0,2341.0,2341.0,2199.5,2051.9,2027.3,2341.0,2027.3
37,760,2581,0 shocks,True,188.0,2383.0,2383.0,2222.1,2071.9,2047.3,2383.0,2047.3
37,780,2581,0 shocks,True,188.0,2362.0,2362.0,2244.7,2091.9,2067.3,2362.0,2067.3
37,800,2581,0 shocks,True,188.0,2362.0,2362.0,2267.2,2111.9,2087.3,2362.0,2087.3
37,820,2581,0 shocks,True,188.0,2383.0,2383.0,2289.7,2131.9,2107.3,2383.0,2107.3
37,840,2581,0 shocks,True,188.0,2404.0,2404.0,2312.1,2151.9,2127.3,2404.0,2127.3
37,860,2581,0 shocks,True,188.0,2413.5,2413.5,2334.5,2171.9,2147.3,2413.5,2147.3
37,880,2581,0 shocks,True,188.0,2404.0,2404.0,2356.8,2191.9,2162.7,2404.0,2162.7
37,900,2581,0 shocks,True,188.0,2413.5,2413.5,2379.1,2211.9,2183.3,2413.5,2183.3
37,920,2581,0 shocks,True,188.0,2413.5,2413.5,2401.3,2231.9,2202.1,2413.5,2202.1
37,940,2581,0 shocks,True,188.0,2423.0,2423.0,2423.5,2251.9,2222.1,2423.0,2222.1
37,960,2581,0 shocks,True,188.0,2423.0,2423.0,2445.6,2271.9,2242.1,2423.0,2242.1
37,980,2581,0 shocks,True,188.0,2423.0,2423.0,2467.7,2291.9,2262.1,2423.0,2262.1
37,1000,2581,0 shocks,True,188.0,2423.0,2423.0,2489.7,2311.9,2282.0,2423.0,2282.0
37,1020,2581,0 shocks,True,188.0,2423.0,2423.0,2511.7,2328.6,2298.6,2423.0,2298.6
37,1040,2581,0 shocks,True,188.0,2423.0,2423.0,2533.7,2347.2,2314.7,2423.0,2314.7
37,1060,2581,0 shocks,True,188.0,2423.0,2423.0,2555.7,2365.0,2328.2,2423.0,2328.2
37,1080,2581,0 shocks,True,188.0,2423.0,2423.0,2577.6,2385.0,2343.8,2423.0,2343.8
37,1100,2581,0 shocks,True,188.0,2424.5,2424.5,2599.4,2405.0,2363.8,2424.5,2363.8
37,1120,2581,0 shocks,True,188.0,2426.0,2426.0,2621.3,2425.0,2383.3,2426.0,2383.3
37,1140,2581,0 shocks,True,188.0,2426.0,2426.0,2643.1,2445.0,2400.3,2426.0,2400.3
37,1160,2581,0 shocks,True,188.0,2426.0,2426.0,2664.9,2465.0,2420.3,2426.0,2420.3
37,1180,2581,0 shocks,True,188.0,2426.0,2426.0,2686.6,2485.0,2440.3,2426.0,2440.3
37,1200,2581,0 shocks,True,188.0,2426.0,2426.0,2708.4,2505.0,2460.3,2426.0,2460.3
37,1220,2581,1 shock,True,179.0,2245.0,2245.0,2083.7,2260.9,2314.4,2260.9,2260.9
37,1240,2581,1 shock,True,179.0,2245.0,2245.0,2333.2,2291.9,2334.4,2291.9,2291.9
37,1260,2581,1 shock,True,179.0,2245.0,2245.0,2467.6,2442.1,2373.9,2442.1,2442.1
37,1280,2581,1 shock,True,179.0,2257.0,2257.0,2566.4,2487.8,2417.9,2487.8,2487.8
37,1300,2581,1 shock,True,179.0,2282.5,2282.5,2646.9,2560.5,2455.8,2560.5,2560.5
37,1320,2581,1 shock,True,179.0,2314.0,2314.0,2716.2,2583.9,2475.8,2583.9,2583.9
37,1340,2581,2 shocks,True,170.0,2314.0,3346.3,2149.3,2563.6,2458.7,2563.6,2563.6
37,1360,2581,2 shocks,True,170.0,2314.0,3346.3,2410.0,2586.6,2478.7,2586.6,2586.6
37,1380,2581,2 shocks,True,170.0,2314.0,3346.3,2514.3,2613.6,2498.7,2613.6,2613.6
37,1400,2581,3-4 shocks,True,161.0,2314.0,2786.3,2153.6,2402.1,2342.0,2402.1,2402.1
37,1420,2581,3-4 shocks,True,161.0,2314.0,2786.3,2244.3,2435.3,2362.0,2435.3,2435.3
37,1440,2581,3-4 shocks,True,161.0,2314.0,2786.3,2300.6,2449.8,2399.1,2449.8,2449.8
37,1460,2581,3-4 shocks,True,155.0,2320.0,2631.7,2128.1,2467.4,2395.0,2467.4,2467.4
37,1480,2581,3-4 shocks,True,155.0,2320.0,2631.7,2204.2,2493.6,2415.0,2493.6,2493.6
37,1500,2581,5+ shocks,True,149.0,2320.0,2513.3,2202.7,2264.2,2162.1,2264.2,2264.2
37,1520,2581,5+ shocks,True,149.0,2362.0,2513.3,2236.9,2284.2,2182.1,2284.2,2284.2
37,1540,2581,5+ shocks,True,149.0,2362.0,2513.3,2262.5,2306.7,2202.1,2306.7,2306.7
37,1560,2581,5+ shocks,True,141.0,2362.0,2448.8,2215.1,2314.6,2207.5,2314.6,2314.6
37,1580,2581,5+ shocks,True,141.0,2363.5,2448.8,2242.7,2337.1,2227.5,2337.1,2337.1
37,1600,2581,5+ shocks,True,137.0,2365.0,2419.2,2249.6,2344.1,2260.8,2344.1,2344.1
37,1620,2581,5+ shocks,True,137.0,2365.0,2445.7,2251.1,2358.9,2266.2,2358.9,2358.9
37,1640,2581,5+ shocks,True,137.0,2365.0,2445.7,2276.9,2381.3,2286.2,2381.3,2381.3
37,1660,2581,5+ shocks,True,131.0,2365.0,2415.8,2217.8,2515.3,2410.3,2515.3,2515.3
37,1680,2581,5+ shocks,True,131.0,2382.5,2415.8,2244.3,2538.2,2430.3,2538.2,2538.2
37,1700,2581,5+ shocks,True,119.0,2382.5,2357.3,2191.7,2283.9,2242.6,2283.9,2283.9
37,1720,2581,5+ shocks,True,122.0,2382.5,2377.2,2231.4,2303.9,2262.6,2303.9,2303.9
37,1740,2581,5+ shocks,True,122.0,2402.0,2377.2,2255.0,2325.8,2282.6,2325.8,2325.8
37,1760,2581,5+ shocks,True,113.0,2402.0,2362.4,2242.8,2343.3,2298.0,2343.3,2343.3
37,1780,2581,5+ shocks,True,113.0,2402.0,2362.4,2268.2,2366.0,2318.0,2366.0,2366.0
37,1800,2581,5+ shocks,True,105.0,2402.0,2309.8,2257.9,2286.3,2265.0,2286.3,2286.3
37,1820,2581,5+ shocks,True,105.0,2404.0,2364.8,2277.8,2310.7,2282.8,2310.7,2310.7
37,1840,2581,5+ shocks,True,105.0,2404.0,2364.8,2302.3,2330.7,2302.8,2330.7,2330.7
37,1860,2581,5+ shocks,False,95.0,2404.0,2344.3,2254.9,2339.3,2322.8,2339.3,2339.3
37,1880,2581,5+ shocks,False,95.0,2404.0,2344.3,2281.8,2359.3,2342.8,2359.3,2359.3
37,1900,2581,5+ shocks,False,92.0,2404.0,2324.9,2292.1,2371.2,2354.2,2371.2,2371.2
37,1920,2581,5+ shocks,False,92.0,2404.0,2367.7,2298.7,2394.8,2372.1,2394.8,2394.8
37,1940,2581,5+ shocks,False,92.0,2404.0,2367.7,2322.5,2414.8,2391.3,2414.8,2414.8
37,1960,2581,5+ shocks,False,84.0,2404.0,2361.0,2299.1,2383.6,2368.8,2383.6,2383.6
37,1980,2581,5+ shocks,False,85.0,2413.0,2367.3,2328.4,2403.6,2388.8,2403.6,2403.6
37,2000,2581,5+ shocks,False,85.0,2413.0,2367.3,2350.8,2423.6,2408.8,2423.6,2423.6
37,2020,2581,5+ shocks,False,80.0,2413.0,2389.9,2352.9,2423.8,2404.3,2423.8,2423.8
37,2040,2581,5+ shocks,False,80.0,2413.0,2389.9,2376.8,2443.8,2424.3,2443.8,2443.8
37,2060,2581,5+ shocks,False,71.0,2422.0,2377.9,2338.4,2382.0,2371.6,2382.0,2382.0
37,2080,2581,5+ shocks,False,71.0,2422.0,2377.9,2363.6,2402.0,2391.6,2402.0,2402.0
37,2100,2581,5+ shocks,False,71.0,2422.0,2377.9,2385.8,2423.1,2411.6,2423.1,2423.1
37,2120,2581,5+ shocks,False,64.0,2422.5,2389.0,2378.5,2415.4,2405.2,2415.4,2415.4
37,2140,2581,5+ shocks,False,64.0,2422.5,2389.0,2401.9,2435.4,2425.2,2435.4,2435.4
37,2160,2581,5+ shocks,False,55.0,2422.5,2333.0,2381.2,2400.9,2391.6,2400.9,2400.9
37,2180,2581,5+ shocks,False,55.0,2422.5,2384.1,2394.5,2418.7,2410.0,2418.7,2418.7
37,2200,2581,5+ shocks,False,55.0,2423.0,2384.1,2416.6,2438.7,2430.0,2438.7,2438.7
37,2220,2581,5+ shocks,False,50.0,2424.5,2398.4,2403.5,2490.0,2478.0,2490.0,2490.0
37,2240,2581,5+ shocks,False,50.0,2426.0,2398.4,2425.8,2510.0,2498.0,2510.0,2510.0
37,2260,2581,5+ shocks,False,50.0,2512.0,2398.4,2447.0,2530.9,2518.0,2530.9,2530.9
37,2280,2581,5+ shocks,False,41.0,2512.0,2402.6,2428.7,2414.9,2421.4,2414.9,2414.9
37,2300,2581,5+ shocks,False,41.0,2512.0,2402.6,2450.5,2434.9,2441.4,2434.9,2434.9
37,2320,2581,5+ shocks,False,38.0,2612.5,2431.3,2443.7,2486.4,2481.1,2486.4,2486.4
37,2340,2581,5+ shocks,False,38.0,2612.5,2431.3,2466.2,2506.4,2501.1,2506.4,2506.4
37,2360,2581,5+ shocks,False,38.0,2612.5,2431.3,2487.2,2526.4,2521.1,2526.4,2526.4
37,2380,2581,5+ shocks,False,30.0,2670.5,2440.5,2464.8,2500.7,2497.6,2500.7,2500.7
37,2400,2581,5+ shocks,False,30.0,2714.0,2440.5,2486.2,2520.7,2517.6,2520.7,2520.7
37,2420,2581,5+ shocks,False,26.0,2804.0,2421.0,2480.9,2527.5,2524.5,2527.5,2527.5
37,2440,2581,5+ shocks,False,26.0,3183.0,2459.6,2495.9,2548.4,2545.2,2548.4,2548.4
37,2460,2581,5+ shocks,False,26.0,3183.0,2461.0,2516.3,2568.4,2565.2,2568.4,2568.4
37,2480,2581,5+ shocks,False,17.0,3183.0,2501.4,2521.4,2567.5,2563.2,2567.5,2567.5
37,2500,2581,5+ shocks,False,17.0,3183.0,2501.4,2542.2,2587.5,2583.2,2587.5,2587.5
37,2520,2581,5+ shocks,False,17.0,3183.0,2521.0,2562.5,2607.5,2603.2,2607.5,2607.5
37,2540,2581,5+ shocks,False,11.0,3183.0,2558.5,2581.7,2627.5,2623.2,2627.5,2627.5
37,2560,2581,5+ shocks,False,11.0,3183.0,2561.0,2602.3,2647.5,2643.2,2647.5,2647.5
38,100,1276,0 shocks,True,188.0,2197.0,2197.0,1445.2,1609.9,1880.8,2197.0,1880.8
38,120,1276,0 shocks,True,188.0,2197.0,2197.0,1481.1,1629.9,1900.8,2197.0,1900.8
38,140,1276,0 shocks,True,188.0,2197.0,2197.0,1514.6,1649.9,1920.8,2197.0,1920.8
38,160,1276,0 shocks,True,188.0,2197.0,2197.0,1546.5,1668.9,1940.8,2197.0,1940.8
38,180,1276,0 shocks,True,188.0,2197.0,2197.0,1577.0,1686.4,1956.6,2197.0,1956.6
38,200,1276,0 shocks,True,188.0,2197.0,2197.0,1606.5,1701.5,1976.6,2197.0,1976.6
38,220,1276,0 shocks,True,188.0,2197.0,2197.0,1635.2,1724.3,1995.6,2197.0,1995.6
38,240,1276,0 shocks,True,188.0,2208.0,2208.0,1663.1,1746.3,2015.6,2208.0,2015.6
38,260,1276,0 shocks,True,188.0,2208.0,2208.0,1690.5,1763.6,2035.6,2208.0,2035.6
38,280,1276,0 shocks,True,188.0,2208.0,2208.0,1717.3,1779.7,2049.4,2208.0,2049.4
38,300,1276,0 shocks,True,188.0,2208.0,2208.0,1743.7,1791.2,2069.4,2208.0,2069.4
38,320,1276,0 shocks,True,188.0,2208.0,2208.0,1769.7,1808.1,2083.5,2208.0,2083.5
38,340,1276,0 shocks,True,188.0,2208.0,2208.0,1795.4,1828.1,2066.0,2208.0,2066.0
38,360,1276,0 shocks,True,188.0,2208.0,2208.0,1820.8,1839.3,2059.9,2208.0,2059.9
38,380,1276,0 shocks,True,188.0,2219.0,2219.0,1845.8,1853.0,2047.9,2219.0,2047.9
38,400,1276,0 shocks,True,188.0,2219.0,2219.0,1870.7,1866.8,2044.8,2219.0,2044.8
38,420,1276,0 shocks,True,188.0,2219.0,2219.0,1895.3,1884.3,2046.2,2219.0,2046.2
38,440,1276,0 shocks,True,188.0,2219.0,2219.0,1919.7,1900.1,2060.3,2219.0,2060.3
38,460,1276,0 shocks,True,188.0,2219.0,2219.0,1944.0,1917.6,2048.3,2219.0,2048.3
38,480,1276,0 shocks,True,188.0,2219.0,2219.0,1968.0,1937.6,2048.0,2219.0,2048.0
38,500,1276,0 shocks,True,188.0,2226.0,2226.0,1992.0,1954.4,2032.8,2226.0,2032.8
38,520,1276,0 shocks,True,188.0,2245.0,2245.0,2015.7,1977.5,2041.4,2245.0,2041.4
38,540,1276,0 shocks,True,188.0,2257.0,2257.0,2039.4,1999.0,2055.7,2257.0,2055.7
38,560,1276,0 shocks,True,188.0,2257.0,2257.0,2062.9,2015.3,2075.7,2257.0,2075.7
38,580,1276,0 shocks,True,188.0,2308.0,2308.0,2086.3,2029.7,2095.7,2308.0,2095.7
38,600,1276,0 shocks,True,188.0,2282.5,2282.5,2109.6,2038.7,2110.5,2282.5,2110.5
38,620,1276,0 shocks,True,188.0,2314.0,2314.0,2132.8,2047.6,2130.5,2314.0,2130.5
38,640,1276,0 shocks,True,188.0,2314.0,2314.0,2155.8,2037.6,2150.5,2314.0,2150.5
38,660,1276,0 shocks,True,188.0,2320.0,2320.0,2178.9,2040.3,2170.5,2320.0,2170.5
38,680,1276,1 shock,True,182.0,2219.0,2219.0,1431.3,1814.6,2061.5,1814.6,1814.6
38,700,1276,1 shock,True,182.0,2219.0,2219.0,1564.4,1893.6,2102.6,1893.6,1893.6
38,720,1276,1 shock,True,182.0,2219.0,2219.0,1652.6,2037.2,2160.3,2037.2,2037.2
38,740,1276,1 shock,True,182.0,2226.0,2226.0,1721.9,2103.9,2180.3,2103.9,2103.9
38,760,1276,2 shocks,True,167.0,2226.0,2059.6,1483.4,1488.8,1611.5,1488.8,1488.8
38,780,1276,2 shocks,True,167.0,2226.0,2059.6,1569.1,1516.2,1631.5,1516.2,1516.2
38,800,1276,2 shocks,True,167.0,2226.0,2059.6,1590.3,1558.9,1674.4,1558.9,1558.9
38,820,1276,2 shocks,True,147.0,2226.0,1881.8,1292.2,1573.0,1694.4,1573.0,1573.0
38,840,1276,3-4 shocks,True,147.0,2226.0,1905.0,1538.4,1360.5,1519.3,1360.5,1360.5
38,860,1276,3-4 shocks,True,147.0,2233.0,1905.0,1593.6,1382.1,1539.3,1382.1,1382.1
38,880,1276,3-4 shocks,True,137.0,2233.0,1781.0,1351.5,1377.9,1486.1,1377.9,1377.9
38,900,1276,3-4 shocks,True,137.0,2233.0,1781.0,1418.5,1397.9,1503.7,1397.9,1397.9
38,920,1276,3-4 shocks,True,121.0,2233.0,1657.8,1317.6,1403.2,1466.9,1403.2,1403.2
38,940,1276,5+ shocks,True,121.0,2233.0,1633.8,1499.1,1285.7,1364.5,1285.7,1285.7
38,960,1276,5+ shocks,False,101.0,2233.0,1493.3,1435.1,1273.7,1328.6,1273.7,1273.7
38,980,1276,5+ shocks,False,101.0,2233.0,1490.9,1406.7,1251.7,1332.5,1251.7,1251.7
38,1000,1276,5+ shocks,False,86.0,2233.0,1393.2,1367.2,1250.2,1318.6,1250.2,1250.2
38,1020,1276,5+ shocks,False,86.0,2233.0,1416.9,1375.0,1265.6,1337.0,1265.6,1265.6
38,1040,1276,5+ shocks,False,86.0,2233.0,1416.9,1398.4,1290.5,1356.0,1290.5,1290.5
38,1060,1276,5+ shocks,False,76.0,2245.0,1389.7,1366.9,1254.9,1301.6,1254.9,1254.9
38,1080,1276,5+ shocks,False,76.0,2245.0,1389.7,1390.5,1277.2,1321.2,1277.2,1277.2
38,1100,1276,5+ shocks,False,59.0,2245.0,1334.4,1333.1,1259.4,1303.9,1259.4,1259.4
38,1120,1276,5+ shocks,False,59.0,2257.0,1334.4,1358.0,1279.4,1323.9,1279.4,1279.4
38,1140,1276,5+ shocks,False,49.0,2282.5,1274.6,1331.4,1283.3,1316.1,1283.3,1283.3
38,1160,1276,5+ shocks,False,49.0,2282.5,1314.9,1340.1,1304.8,1337.0,1304.8,1304.8
38,1180,1276,5+ shocks,False,32.0,2282.5,1215.2,1274.3,1279.8,1290.4,1279.8,1279.8
38,1200,1276,5+ shocks,False,32.0,2282.5,1256.8,1291.1,1298.9,1311.9,1298.9,1298.9
38,1220,1276,5+ shocks,False,32.0,2282.5,1256.8,1312.1,1319.2,1331.9,1319.2,1319.2
38,1240,1276,5+ shocks,False,17.0,2282.5,1259.9,1281.0,1307.3,1310.2,1307.3,1307.3
38,1260,1276,5+ shocks,False,17.0,2282.5,1261.0,1301.7,1327.3,1330.2,1327.3,1327.3
39,100,1817,0 shocks,True,188.0,2197.0,2197.0,1398.2,1537.1,1710.7,2197.0,1710.7
39,120,1817,0 shocks,True,188.0,2197.0,2197.0,1435.0,1555.0,1730.7,2197.0,1730.7
39,140,1817,0 shocks,True,188.0,2197.0,2197.0,1469.3,1572.3,1750.7,2197.0,1750.7
39,160,1817,0 shocks,True,188.0,2197.0,2197.0,1501.9,1586.8,1770.7,2197.0,1770.7
39,180,1817,0 shocks,True,188.0,2197.0,2197.0,1533.1,1604.5,1787.6,2197.0,1787.6
39,200,1817,0 shocks,True,188.0,2197.0,2197.0,1563.1,1622.5,1804.3,2197.0,1804.3
39,220,1817,0 shocks,True,188.0,2197.0,2197.0,1592.3,1650.2,1824.3,2197.0,1824.3
39,240,1817,0 shocks,True,188.0,2208.0,2208.0,1620.7,1677.0,1844.3,2208.0,1844.3
39,260,1817,0 shocks,True,188.0,2208.0,2208.0,1648.5,1690.1,1864.3,2208.0,1864.3
39,280,1817,0 shocks,True,188.0,2208.0,2208.0,1675.8,1706.2,1879.8,2208.0,1879.8
39,300,1817,0 shocks,True,188.0,2208.0,2208.0,1702.6,1708.8,1899.8,2208.0,1899.8
39,320,1817,0 shocks,True,188.0,2208.0,2208.0,1729.0,1719.7,1903.2,2208.0,1903.2
39,340,1817,0 shocks,True,188.0,2208.0,2208.0,1755.0,1733.3,1897.0,2208.0,1897.0
39,360,1817,0 shocks,True,188.0,2208.0,2208.0,1780.7,1747.6,1882.3,2208.0,1882.3
39,380,1817,0 shocks,True,188.0,2219.0,2219.0,1806.1,1761.3,1873.0,2219.0,1873.0
39,400,1817,0 shocks,True,188.0,2219.0,2219.0,1831.3,1779.6,1865.1,2219.0,1865.1
39,420,1817,0 shocks,True,188.0,2219.0,2219.0,1856.2,1794.5,1856.4,2219.0,1856.4
39,440,1817,0 shocks,True,188.0,2219.0,2219.0,1880.9,1812.5,1862.6,2219.0,1862.6
39,460,1817,0 shocks,True,188.0,2219.0,2219.0,1905.4,1823.5,1880.7,2219.0,1880.7
39,480,1817,0 shocks,True,188.0,2219.0,2219.0,1929.8,1843.5,1883.7,2219.0,1883.7
39,500,1817,0 shocks,True,188.0,2226.0,2226.0,1953.9,1852.0,1893.3,2226.0,1893.3
39,520,1817,0 shocks,True,188.0,2245.0,2245.0,1977.9,1874.0,1910.0,2245.0,1910.0
39,540,1817,0 shocks,True,188.0,2257.0,2257.0,2001.8,1892.6,1930.0,2257.0,1930.0
39,560,1817,0 shocks,True,188.0,2257.0,2257.0,2025.6,1912.6,1950.0,2257.0,1950.0
39,580,1817,0 shocks,True,188.0,2308.0,2308.0,2049.2,1924.7,1970.0,2308.0,1970.0
39,600,1817,0 shocks,True,188.0,2282.5,2282.5,2072.7,1932.9,1990.0,2282.5,1990.0
39,620,1817,0 shocks,True,188.0,2314.0,2314.0,2096.1,1950.0,2010.0,2314.0,2010.0
39,640,1817,0 shocks,True,188.0,2314.0,2314.0,2119.4,1963.5,2030.0,2314.0,2030.0
39,660,1817,0 shocks,True,188.0,2320.0,2320.0,2142.6,1986.3,2050.0,2320.0,2050.0
39,680,1817,0 shocks,True,188.0,2341.0,2341.0,2165.7,2013.8,2066.3,2341.0,2066.3
39,700,1817,0 shocks,True,188.0,2362.0,2362.0,2188.8,2037.8,2086.3,2362.0,2086.3
39,720,1817,0 shocks,True,188.0,2362.0,2362.0,2211.7,2056.1,2106.3,2362.0,2106.3
39,740,1817,0 shocks,True,188.0,2383.0,2383.0,2234.6,2076.1,2126.3,2383.0,2126.3
39,760,1817,0 shocks,True,188.0,2413.0,2413.0,2257.4,2096.1,2146.3,2413.0,2146.3
39,780,1817,0 shocks,True,188.0,2404.0,2404.0,2280.1,2116.1,2166.3,2404.0,2166.3
39,800,1817,0 shocks,True,188.0,2404.0,2404.0,2302.8,2136.1,2186.3,2404.0,2186.3
39,820,1817,0 shocks,True,188.0,2413.5,2413.5,2325.4,2156.1,2206.3,2413.5,2206.3
39,840,1817,0 shocks,True,187.0,2423.0,2423.0,2348.0,2168.5,2222.2,2423.0,2222.2
39,860,1817,1 shock,True,179.0,2233.0,2233.0,1628.2,1929.1,2073.0,1929.1,1929.1
39,880,1817,1 shock,True,179.0,2233.0,2233.0,1757.6,1976.9,2093.0,1976.9,1976.9
39,900,1817,1 shock,True,177.0,2233.0,2233.0,1761.6,2116.9,2142.1,2116.9,2116.9
39,920,1817,1 shock,True,177.0,2233.0,2233.0,1826.7,2184.9,2184.5,2184.9,2184.9
39,940,1817,1 shock,True,177.0,2233.0,2233.0,1882.4,2253.5,2213.8,2253.5,2253.5
39,960,1817,2 shocks,True,172.0,2233.0,2805.0,1833.5,2109.0,2056.1,2109.0,2109.0
39,980,1817,2 shocks,True,172.0,2233.0,2805.0,2055.6,2127.3,2076.1,2127.3,2127.3
39,1000,1817,2 shocks,True,172.0,2233.0,2805.0,2126.1,2161.0,2096.1,2161.0,2161.0
39,1020,1817,3-4 shocks,True,156.0,2233.0,2272.4,1721.5,1923.9,1914.8,1923.9,1923.9
39,1040,1817,3-4 shocks,True,156.0,2233.0,2272.4,1801.1,1945.0,1928.8,1945.0,1945.0
39,1060,1817,3-4 shocks,True,156.0,2245.0,2272.4,1852.4,1981.6,1951.8,1981.6,1981.6
39,1080,1817,3-4 shocks,True,143.0,2245.0,2101.3,1633.1,1617.8,1669.9,1617.8,1617.8
39,1100,1817,3-4 shocks,True,143.0,2245.0,2101.3,1697.6,1638.6,1689.9,1638.6,1638.6
39,1120,1817,3-4 shocks,True,141.0,2257.0,2084.7,1720.1,1670.2,1713.6,1670.2,1670.2
39,1140,1817,3-4 shocks,True,141.0,2282.5,2084.7,1756.2,1716.0,1741.0,1716.0,1716.0
39,1160,1817,3-4 shocks,True,141.0,2282.5,2084.7,1788.8,1738.3,1762.5,1738.3,1738.3
39,1180,1817,5+ shocks,True,125.0,2282.5,2117.1,2029.3,1682.1,1710.2,1682.1,1682.1
39,1200,1817,5+ shocks,True,126.0,2282.5,2126.0,2067.1,1702.1,1730.2,1702.1,1702.1
39,1220,1817,5+ shocks,True,110.0,2282.5,1982.5,1988.3,1659.5,1707.6,1659.5,1659.5
39,1240,1817,5+ shocks,True,110.0,2282.5,1982.4,1851.4,1629.1,1698.5,1629.1,1629.1
39,1260,1817,5+ shocks,True,110.0,2282.5,1982.4,1877.9,1652.0,1721.1,1652.0,1652.0
39,1280,1817,5+ shocks,False,99.0,2308.0,1890.2,1841.5,1634.9,1682.5,1634.9,1634.9
39,1300,1817,5+ shocks,False,99.0,2314.0,1929.9,1852.6,1646.9,1702.9,1646.9,1646.9
39,1320,1817,5+ shocks,False,99.0,2341.0,1929.9,1878.6,1666.9,1722.9,1666.9,1666.9
39,1340,1817,5+ shocks,False,86.0,2341.0,1824.4,1828.6,1666.1,1695.5,1666.1,1666.1
39,1360,1817,5+ shocks,False,86.0,2341.0,1862.4,1817.1,1660.9,1693.1,1660.9,1660.9
39,1380,1817,5+ shocks,False,86.0,2341.0,1862.4,1841.4,1682.1,1713.1,1682.1,1682.1
39,1400,1817,5+ shocks,False,74.0,2341.0,1813.1,1775.3,1644.2,1674.1,1644.2,1644.2
39,1420,1817,5+ shocks,False,74.0,2341.0,1813.1,1802.8,1663.8,1694.1,1663.8,1663.8
39,1440,1817,5+ shocks,False,74.0,2341.0,1813.1,1826.0,1687.1,1714.1,1687.1,1687.1
39,1460,1817,5+ shocks,False,62.0,2362.0,1779.9,1772.5,1693.9,1718.3,1693.9,1693.9
39,1480,1817,5+ shocks,False,62.0,2362.0,1779.9,1799.7,1714.4,1738.3,1714.4,1714.4
39,1500,1817,5+ shocks,False,62.0,2362.0,1779.9,1822.6,1736.8,1758.3,1736.8,1736.8
39,1520,1817,5+ shocks,False,52.0,2365.0,1745.0,1755.2,1707.6,1728.5,1707.6,1707.6
39,1540,1817,5+ shocks,False,52.0,2365.0,1745.0,1778.0,1727.6,1748.5,1727.6,1727.6
39,1560,1817,5+ shocks,False,38.0,2365.0,1642.3,1714.8,1694.5,1698.2,1694.5,1694.5
39,1580,1817,5+ shocks,False,38.0,2382.5,1697.6,1737.4,1716.5,1718.2,1716.5,1716.5
39,1600,1817,5+ shocks,False,35.0,2400.0,1675.9,1738.8,1722.7,1722.4,1722.7,1722.7
39,1620,1817,5+ shocks,False,35.0,2400.0,1711.0,1741.1,1731.4,1733.9,1731.4,1731.4
39,1640,1817,5+ shocks,False,35.0,2400.0,1711.0,1762.3,1751.8,1753.9,1751.8,1751.8
39,1660,1817,5+ shocks,False,30.0,2400.0,1727.0,1754.5,1751.3,1755.0,1751.3,1751.3
39,1680,1817,5+ shocks,False,30.0,2402.0,1727.0,1776.1,1771.2,1775.0,1771.2,1771.2
39,1700,1817,5+ shocks,False,30.0,2402.0,1727.0,1796.9,1791.9,1795.0,1791.9,1791.9
39,1720,1817,5+ shocks,False,18.0,2402.0,1745.1,1768.7,1788.3,1788.7,1788.3,1788.3
39,1740,1817,5+ shocks,False,19.0,2413.0,1745.1,1789.7,1808.2,1808.7,1808.2,1808.2
39,1760,1817,5+ shocks,False,17.0,2413.0,1761.0,1810.2,1828.8,1828.7,1828.8,1828.8
39,1780,1817,5+ shocks,False,17.0,2413.0,1781.0,1830.4,1850.2,1849.2,1850.2,1850.2
39,1800,1817,5+ shocks,False,17.0,2413.0,1801.0,1850.7,1875.9,1871.3,1875.9,1875.9
40,100,1663,0 shocks,True,188.0,2197.0,2197.0,1407.4,1557.0,1741.2,2197.0,1741.2
40,120,1663,0 shocks,True,188.0,2197.0,2197.0,1443.9,1577.0,1761.2,2197.0,1761.2
40,140,1663,0 shocks,True,188.0,2197.0,2197.0,1478.1,1594.4,1781.2,2197.0,1781.2
40,160,1663,0 shocks,True,188.0,2197.0,2197.0,1510.4,1612.2,1801.2,2197.0,1801.2
40,180,1663,0 shocks,True,188.0,2197.0,2197.0,1541.4,1629.9,1817.9,2197.0,1817.9
40,200,1663,0 shocks,True,188.0,2197.0,2197.0,1571.3,1646.8,1834.3,2197.0,1834.3
40,220,1663,0 shocks,True,188.0,2197.0,2197.0,1600.3,1673.2,1851.3,2197.0,1851.3
40,240,1663,0 shocks,True,188.0,2208.0,2208.0,1628.6,1697.0,1871.3,2208.0,1871.3
40,260,1663,0 shocks,True,188.0,2208.0,2208.0,1656.3,1712.4,1891.3,2208.0,1891.3
40,280,1663,0 shocks,True,188.0,2208.0,2208.0,1683.4,1726.4,1911.3,2208.0,1911.3
40,300,1663,0 shocks,True,188.0,2208.0,2208.0,1710.1,1729.7,1931.3,2208.0,1931.3
40,320,1663,0 shocks,True,188.0,2208.0,2208.0,1736.4,1747.2,1933.9,2208.0,1933.9
40,340,1663,0 shocks,True,188.0,2208.0,2208.0,1762.3,1763.8,1933.1,2208.0,1933.1
40,360,1663,0 shocks,True,188.0,2208.0,2208.0,1787.9,1780.5,1913.3,2208.0,1913.3
40,380,1663,0 shocks,True,188.0,2219.0,2219.0,1813.3,1798.1,1907.8,2219.0,1907.8
40,400,1663,0 shocks,True,188.0,2219.0,2219.0,1838.3,1815.1,1899.8,2219.0,1899.8
40,420,1663,0 shocks,True,188.0,2219.0,2219.0,1863.2,1831.5,1900.5,2219.0,1900.5
40,440,1663,0 shocks,True,188.0,2219.0,2219.0,1887.8,1842.1,1904.5,2219.0,1904.5
40,460,1663,0 shocks,True,188.0,2219.0,2219.0,1912.2,1856.5,1917.5,2219.0,1917.5
40,480,1663,0 shocks,True,188.0,2219.0,2219.0,1936.5,1859.0,1923.2,2219.0,1923.2
40,500,1663,0 shocks,True,188.0,2226.0,2226.0,1960.6,1873.5,1936.1,2226.0,1936.1
40,520,1663,0 shocks,True,188.0,2245.0,2245.0,1984.5,1899.3,1947.7,2245.0,1947.7
40,540,1663,0 shocks,True,188.0,2257.0,2257.0,2008.3,1915.5,1965.6,2257.0,1965.6
40,560,1663,0 shocks,True,188.0,2257.0,2257.0,2032.0,1938.2,1985.6,2257.0,1985.6
40,580,1663,0 shocks,True,188.0,2308.0,2308.0,2055.6,1954.7,2005.6,2308.0,2005.6
40,600,1663,0 shocks,True,188.0,2282.5,2282.5,2079.0,1959.7,2025.6,2282.5,2025.6
40,620,1663,0 shocks,True,188.0,2314.0,2314.0,2102.4,1969.2,2045.6,2314.0,2045.6
40,640,1663,0 shocks,True,188.0,2314.0,2314.0,2125.6,1987.1,2065.6,2314.0,2065.6
40,660,1663,0 shocks,True,188.0,2320.0,2320.0,2148.8,2013.7,2085.6,2320.0,2085.6
40,680,1663,0 shocks,True,188.0,2341.0,2341.0,2171.8,2030.7,2105.6,2341.0,2105.6
40,700,1663,0 shocks,True,188.0,2362.0,2362.0,2194.8,2048.2,2125.6,2362.0,2125.6
40,720,1663,0 shocks,True,188.0,2362.0,2362.0,2217.7,2065.6,2145.6,2362.0,2145.6
40,740,1663,0 shocks,True,188.0,2383.0,2383.0,2240.5,2085.6,2165.6,2383.0,2165.6
40,760,1663,1 shock,True,184.0,2226.0,2226.0,1619.8,1795.5,2041.1,1795.5,1795.5
40,780,1663,1 shock,True,184.0,2226.0,2226.0,1781.4,1846.9,2080.8,1846.9,1846.9
40,800,1663,1 shock,True,184.0,2226.0,2226.0,1884.2,1962.6,2111.6,1962.6,1962.6
40,820,1663,1 shock,True,184.0,2226.0,2226.0,1963.6,1998.7,2145.6,1998.7,1998.7
40,840,1663,1 shock,True,179.0,2226.0,2226.0,1787.8,2070.2,2189.2,2070.2,2070.2
40,860,1663,2 shocks,True,179.0,2233.0,2548.7,1956.2,1912.7,1971.2,1912.7,1912.7
40,880,1663,2 shocks,True,179.0,2233.0,2548.7,2076.7,1936.6,1991.2,1936.6,1936.6
40,900,1663,2 shocks,True,179.0,2233.0,2548.7,2110.3,1969.4,2020.5,1969.4,1969.4
40,920,1663,2 shocks,True,179.0,2233.0,2548.7,2108.6,1993.4,2047.9,1993.4,1993.4
40,940,1663,3-4 shocks,True,170.0,2233.0,2473.6,2017.8,2056.6,2042.5,2056.6,2056.6
40,960,1663,3-4 shocks,True,170.0,2233.0,2473.6,2127.9,2097.3,2067.9,2097.3,2097.3
40,980,1663,3-4 shocks,True,167.0,2233.0,2165.4,1674.3,1892.9,1804.6,1892.9,1892.9
40,1000,1663,3-4 shocks,True,161.0,2233.0,2116.8,1675.5,1795.1,1765.2,1795.1,1795.1
40,1020,1663,5+ shocks,True,161.0,2233.0,1992.0,1669.6,1721.0,1683.1,1721.0,1721.0
40,1040,1663,5+ shocks,True,152.0,2233.0,1929.0,1661.2,1721.2,1696.1,1721.2,1721.2
40,1060,1663,5+ shocks,True,152.0,2245.0,1905.0,1669.7,1739.6,1717.7,1739.6,1739.6
40,1080,1663,5+ shocks,True,146.0,2245.0,1848.8,1607.5,1712.2,1705.5,1712.2,1712.2
40,1100,1663,5+ shocks,True,146.0,2245.0,1848.8,1636.3,1733.3,1725.5,1733.3,1733.3
40,1120,1663,5+ shocks,True,136.0,2257.0,1791.7,1598.9,1735.3,1721.6,1735.3,1735.3
40,1140,1663,5+ shocks,True,136.0,2282.5,1791.7,1625.2,1755.2,1742.2,1755.2,1755.2
40,1160,1663,5+ shocks,True,128.0,2282.5,1761.6,1602.6,1775.2,1763.5,1775.2,1775.2
40,1180,1663,5+ shocks,True,120.0,2282.5,1716.7,1601.7,1714.4,1711.1,1714.4,1714.4
40,1200,1663,5+ shocks,True,120.0,2282.5,1723.4,1582.8,1699.9,1706.9,1699.9,1699.9
40,1220,1663,5+ shocks,True,110.0,2282.5,1669.7,1575.3,1720.4,1726.2,1720.4,1720.4
40,1240,1663,5+ shocks,True,110.0,2282.5,1703.3,1613.0,1695.5,1720.7,1695.5,1695.5
40,1260,1663,5+ shocks,False,98.0,2282.5,1661.2,1563.8,1610.4,1646.7,1610.4,1610.4
40,1280,1663,5+ shocks,False,98.0,2308.0,1661.2,1588.8,1631.3,1666.7,1631.3,1631.3
40,1300,1663,5+ shocks,False,89.0,2314.0,1614.9,1582.5,1624.0,1647.4,1624.0,1624.0
40,1320,1663,5+ shocks,False,89.0,2341.0,1655.8,1618.1,1631.8,1662.2,1631.8,1631.8
40,1340,1663,5+ shocks,False,89.0,2341.0,1655.8,1640.2,1653.1,1682.2,1653.1,1653.1
40,1360,1663,5+ shocks,False,83.0,2341.0,1669.6,1639.8,1687.5,1707.4,1687.5,1687.5
40,1380,1663,5+ shocks,False,83.0,2341.0,1669.6,1662.1,1707.5,1727.4,1707.5,1707.5
40,1400,1663,5+ shocks,False,77.0,2341.0,1680.6,1654.3,1663.1,1680.1,1663.1,1663.1
40,1420,1663,5+ shocks,False,77.0,2341.0,1680.6,1676.7,1683.1,1700.1,1683.1,1683.1
40,1440,1663,5+ shocks,False,68.0,2341.0,1681.0,1665.3,1701.4,1717.3,1701.4,1701.4
40,1460,1663,5+ shocks,False,68.0,2362.0,1681.0,1688.2,1721.4,1737.3,1721.4,1721.4
40,1480,1663,5+ shocks,False,56.0,2362.0,1661.1,1655.1,1682.6,1694.5,1682.6,1682.6
40,1500,1663,5+ shocks,False,58.0,2362.0,1671.2,1685.3,1702.6,1714.5,1702.6,1702.6
40,1520,1663,5+ shocks,False,43.0,2365.0,1627.5,1637.1,1654.2,1659.5,1654.2,1654.2
40,1540,1663,5+ shocks,False,43.0,2365.0,1627.5,1658.4,1674.2,1679.5,1674.2,1674.2
40,1560,1663,5+ shocks,False,35.0,2365.0,1623.9,1646.3,1675.8,1684.2,1675.8,1675.8
40,1580,1663,5+ shocks,False,21.0,2382.5,1581.0,1612.0,1646.2,1646.3,1646.2,1646.2
40,1600,1663,5+ shocks,False,20.0,2400.0,1604.0,1631.5,1665.6,1666.2,1665.6,1665.6
40,1620,1663,5+ shocks,False,20.0,2400.0,1621.0,1651.8,1685.6,1686.2,1685.6,1685.6
40,1640,1663,5+ shocks,False,11.0,2400.0,1648.0,1672.9,1705.6,1706.2,1705.6,1705.6
41,100,2426,0 shocks,True,188.0,2109.0,2109.0,1381.2,1521.8,1696.0,2109.0,1696.0
41,120,2426,0 shocks,True,188.0,2109.0,2109.0,1418.7,1541.8,1716.0,2109.0,1716.0
41,140,2426,0 shocks,True,188.0,2109.0,2109.0,1453.6,1559.8,1736.0,2109.0,1736.0
41,160,2426,0 shocks,True,188.0,2109.0,2109.0,1486.7,1576.9,1752.5,2109.0,1752.5
41,180,2426,0 shocks,True,188.0,2109.0,2109.0,1518.3,1594.5,1769.9,2109.0,1769.9
41,200,2426,0 shocks,True,188.0,2109.0,2109.0,1548.8,1616.9,1782.7,2109.0,1782.7
41,220,2426,0 shocks,True,188.0,2109.0,2109.0,1578.4,1644.9,1802.4,2109.0,1802.4
41,240,2426,0 shocks,True,188.0,2153.0,2153.0,1607.1,1660.9,1822.4,2153.0,1822.4
41,260,2426,0 shocks,True,188.0,2153.0,2153.0,1635.3,1678.1,1842.4,2153.0,1842.4
41,280,2426,0 shocks,True,188.0,2153.0,2153.0,1662.9,1688.7,1862.4,2153.0,1862.4
41,300,2426,0 shocks,True,188.0,2153.0,2153.0,1689.9,1702.6,1882.4,2153.0,1882.4
41,320,2426,0 shocks,True,188.0,2153.0,2153.0,1716.6,1713.9,1889.6,2153.0,1889.6
41,340,2426,0 shocks,True,188.0,2153.0,2153.0,1742.9,1722.8,1888.1,2153.0,1888.1
41,360,2426,0 shocks,True,188.0,2153.0,2153.0,1768.9,1737.2,1863.5,2153.0,1863.5
41,380,2426,0 shocks,True,188.0,2197.0,2197.0,1794.5,1754.3,1850.7,2197.0,1850.7
41,400,2426,0 shocks,True,188.0,2197.0,2197.0,1819.9,1771.8,1852.3,2197.0,1852.3
41,420,2426,0 shocks,True,188.0,2197.0,2197.0,1845.0,1789.2,1849.5,2197.0,1849.5
41,440,2426,0 shocks,True,188.0,2197.0,2197.0,1870.0,1803.2,1851.6,2197.0,1851.6
41,460,2426,0 shocks,True,188.0,2197.0,2197.0,1894.7,1820.1,1860.6,2197.0,1860.6
41,480,2426,0 shocks,True,188.0,2197.0,2197.0,1919.2,1834.5,1850.9,2197.0,1850.9
41,500,2426,0 shocks,True,188.0,2208.0,2208.0,1943.6,1843.0,1860.5,2208.0,1860.5
41,520,2426,0 shocks,True,188.0,2226.0,2226.0,1967.8,1863.7,1867.7,2226.0,1867.7
41,540,2426,0 shocks,True,188.0,2233.0,2233.0,1991.8,1875.4,1884.0,2233.0,1884.0
41,560,2426,0 shocks,True,188.0,2233.0,2233.0,2015.8,1895.3,1904.0,2233.0,1904.0
41,580,2426,0 shocks,True,188.0,2257.0,2257.0,2039.5,1917.8,1924.0,2257.0,1924.0
41,600,2426,0 shocks,True,188.0,2245.0,2245.0,2063.2,1926.6,1944.0,2245.0,1944.0
41,620,2426,0 shocks,True,188.0,2282.5,2282.5,2086.8,1939.8,1959.4,2282.5,1959.4
41,640,2426,0 shocks,True,188.0,2282.5,2282.5,2110.2,1958.0,1979.4,2282.5,1979.4
41,660,2426,0 shocks,True,188.0,2308.0,2308.0,2133.6,1977.9,1999.4,2308.0,1999.4
41,680,2426,0 shocks,True,188.0,2314.0,2314.0,2156.9,2007.2,2019.4,2314.0,2019.4
41,700,2426,0 shocks,True,188.0,2320.0,2320.0,2180.0,2027.4,2039.4,2320.0,2039.4
41,720,2426,0 shocks,True,188.0,2320.0,2320.0,2203.1,2055.0,2059.4,2320.0,2059.4
41,740,2426,0 shocks,True,188.0,2341.0,2341.0,2226.1,2075.6,2079.4,2341.0,2079.4
41,760,2426,0 shocks,True,188.0,2383.0,2383.0,2249.1,2095.6,2099.4,2383.0,2099.4
41,780,2426,0 shocks,True,188.0,2362.0,2362.0,2271.9,2117.5,2119.4,2362.0,2119.4
41,800,2426,0 shocks,True,188.0,2362.0,2362.0,2294.7,2137.5,2139.4,2362.0,2139.4
41,820,2426,0 shocks,True,188.0,2383.0,2383.0,2317.5,2157.5,2159.4,2383.0,2159.4
41,840,2426,0 shocks,True,188.0,2404.0,2404.0,2340.2,2177.5,2179.4,2404.0,2179.4
41,860,2426,0 shocks,True,188.0,2413.5,2413.5,2362.8,2197.5,2199.4,2413.5,2199.4
41,880,2426,0 shocks,True,188.0,2404.0,2404.0,2385.3,2217.5,2219.4,2404.0,2219.4
41,900,2426,0 shocks,True,188.0,2413.5,2413.5,2407.9,2237.5,2236.1,2413.5,2236.1
41,920,2426,0 shocks,True,188.0,2413.5,2413.5,2430.3,2257.5,2256.1,2413.5,2256.1
41,940,2426,0 shocks,True,188.0,2423.0,2423.0,2452.7,2277.5,2276.1,2423.0,2276.1
41,960,2426,0 shocks,True,188.0,2423.0,2423.0,2475.1,2297.5,2296.1,2423.0,2296.1
41,980,2426,0 shocks,True,188.0,2423.0,2423.0,2497.4,2316.2,2316.1,2423.0,2316.1
41,1000,2426,0 shocks,True,188.0,2423.0,2423.0,2519.7,2336.2,2337.2,2423.0,2337.2
41,1020,2426,0 shocks,True,188.0,2423.0,2423.0,2541.9,2354.6,2356.3,2423.0,2356.3
41,1040,2426,0 shocks,True,188.0,2423.0,2423.0,2564.1,2374.6,2376.3,2423.0,2376.3
41,1060,2426,0 shocks,True,188.0,2423.0,2423.0,2586.3,2393.1,2392.5,2423.0,2392.5
41,1080,2426,0 shocks,True,188.0,2423.0,2423.0,2608.4,2411.7,2410.3,2423.0,2410.3
41,1100,2426,0 shocks,True,188.0,2502.0,2502.0,2630.4,2431.7,2430.3,2502.0,2430.3
41,1120,2426,0 shocks,True,188.0,2581.0,2581.0,2652.5,2451.7,2450.3,2581.0,2450.3
41,1140,2426,0 shocks,True,188.0,2581.0,2581.0,2674.5,2471.7,2470.3,2581.0,2470.3
41,1160,2426,0 shocks,True,188.0,2581.0,2581.0,2696.5,2491.7,2490.3,2581.0,2490.3
41,1180,2426,0 shocks,True,188.0,2581.0,2581.0,2718.4,2511.7,2510.3,2581.0,2510.3
41,1200,2426,0 shocks,True,188.0,2581.0,2581.0,2740.4,2531.7,2530.3,2581.0,2530.3
41,1220,2426,0 shocks,True,188.0,2510.5,2510.5,2762.2,2551.7,2550.3,2510.5,2550.3
41,1240,2426,0 shocks,True,188.0,2510.5,2510.5,2784.1,2571.7,2570.3,2510.5,2570.3
41,1260,2426,0 shocks,True,188.0,2598.0,2598.0,2805.9,2591.7,2590.3,2598.0,2590.3
41,1280,2426,0 shocks,True,188.0,2510.5,2510.5,2827.7,2611.7,2610.3,2510.5,2610.3
41,1300,2426,0 shocks,True,188.0,2510.5,2510.5,2849.5,2631.7,2630.3,2510.5,2630.3
41,1320,2426,0 shocks,True,188.0,2598.0,2598.0,2871.3,2651.7,2650.3,2598.0,2650.3
41,1340,2426,0 shocks,True,188.0,2627.0,2627.0,2893.0,2671.7,2670.3,2627.0,2670.3
41,1360,2426,0 shocks,True,188.0,2996.5,2996.5,2914.7,2691.7,2690.3,2996.5,2690.3
41,1380,2426,0 shocks,True,188.0,2996.5,2996.5,2936.4,2711.7,2710.3,2996.5,2710.3
41,1400,2426,0 shocks,True,188.0,3366.0,3366.0,2958.1,2731.7,2730.3,3366.0,2730.3
41,1420,2426,0 shocks,True,188.0,2394.0,2394.0,2979.7,2751.7,2750.3,2394.0,2750.3
41,1440,2426,0 shocks,True,188.0,2414.0,2414.0,3001.3,2771.7,2770.3,2414.0,2770.3
41,1460,2426,0 shocks,True,188.0,2434.0,2434.0,3022.9,2791.7,2790.3,2434.0,2790.3
41,1480,2426,0 shocks,True,188.0,2454.0,2454.0,3044.5,2814.3,2810.3,2454.0,2810.3
41,1500,2426,0 shocks,True,188.0,2474.0,2474.0,3066.0,2834.3,2830.3,2474.0,2830.3
41,1520,2426,0 shocks,True,188.0,2494.0,2494.0,3087.6,2854.3,2850.3,2494.0,2850.3
41,1540,2426,0 shocks,True,188.0,2514.0,2514.0,3109.1,2874.3,2870.3,2514.0,2870.3
41,1560,2426,1 shock,True,185.0,2362.0,2362.0,3399.8,2635.7,2761.0,2635.7,2635.7
41,1580,2426,1 shock,True,185.0,2363.5,2363.5,3686.1,2683.5,2799.6,2683.5,2683.5
41,1600,2426,1 shock,True,185.0,2365.0,2365.0,3869.1,2808.4,2830.2,2808.4,2808.4
41,1620,2426,1 shock,True,185.0,2365.0,2365.0,4007.5,2849.5,2850.2,2849.5,2849.5
41,1640,2426,1 shock,True,185.0,2365.0,2365.0,4120.4,2896.1,2900.9,2896.1,2896.1
41,1660,2426,2 shocks,True,182.0,2365.0,3683.4,2645.4,2865.4,2889.7,2865.4,2865.4
41,1680,2426,2 shocks,True,182.0,2382.5,3683.4,3047.6,2893.7,2909.7,2893.7,2893.7
41,1700,2426,2 shocks,True,182.0,2382.5,3683.4,3210.4,2920.7,2929.7,2920.7,2920.7
41,1720,2426,2 shocks,True,182.0,2382.5,3683.4,3301.9,2953.2,2960.4,2953.2,2953.2
41,1740,2426,2 shocks,True,182.0,2402.0,3683.4,3357.3,2980.2,2987.9,2980.2,2980.2
41,1760,2426,2 shocks,True,182.0,2402.0,3683.4,3391.0,3000.3,3011.0,3000.3,3000.3
41,1780,2426,3-4 shocks,True,167.0,2402.0,3618.0,3055.7,3090.5,3024.3,3090.5,3090.5
41,1800,2426,3-4 shocks,True,167.0,2402.0,3618.0,3191.3,3110.5,3044.3,3110.5,3110.5
41,1820,2426,3-4 shocks,True,167.0,2404.0,3618.0,3274.1,3137.4,3075.1,3137.4,3137.4
41,1840,2426,3-4 shocks,True,167.0,2404.0,3618.0,3338.1,3157.4,3095.1,3157.4,3157.4
41,1860,2426,3-4 shocks,True,167.0,2404.0,3618.0,3392.3,3177.4,3120.6,3177.4,3177.4
41,1880,2426,3-4 shocks,True,167.0,2404.0,3618.0,3440.3,3197.4,3140.6,3197.4,3197.4
41,1900,2426,3-4 shocks,True,147.0,2404.0,3506.3,2868.5,3004.0,2996.3,3004.0,3004.0
41,1920,2426,3-4 shocks,True,146.0,2404.0,3493.7,2946.9,3024.0,3016.3,3024.0,3024.0
41,1940,2426,3-4 shocks,True,146.0,2404.0,3493.7,3010.1,3049.9,3045.8,3049.9,3049.9
41,1960,2426,3-4 shocks,True,137.0,2404.0,3379.7,2899.5,3066.2,3065.8,3066.2,3066.2
41,1980,2426,5+ shocks,True,137.0,2413.0,3322.6,3115.1,2943.6,2978.1,2943.6,2943.6
41,2000,2426,5+ shocks,True,137.0,2413.0,3322.6,3142.1,2963.6,2998.1,2963.6,2963.6
41,2020,2426,5+ shocks,True,120.0,2413.0,3035.4,2814.1,2579.9,2530.8,2579.9,2579.9
41,2040,2426,5+ shocks,True,120.0,2413.0,3035.4,2839.8,2599.9,2550.8,2599.9,2599.9
41,2060,2426,5+ shocks,True,111.0,2422.0,2903.0,2731.0,2667.8,2668.9,2667.8,2667.8
41,2080,2426,5+ shocks,False,98.0,2422.0,2781.9,2679.9,2611.6,2602.5,2611.6,2611.6
41,2100,2426,5+ shocks,False,98.0,2422.0,2753.4,2620.7,2607.8,2573.7,2607.8,2607.8
41,2120,2426,5+ shocks,False,86.0,2422.5,2645.3,2542.7,2534.6,2497.9,2534.6,2534.6
41,2140,2426,5+ shocks,False,86.0,2422.5,2645.3,2568.1,2554.6,2517.9,2554.6,2554.6
41,2160,2426,5+ shocks,False,74.0,2422.5,2562.2,2508.8,2444.4,2424.4,2444.4,2444.4
41,2180,2426,5+ shocks,False,74.0,2422.5,2562.2,2532.3,2464.4,2444.4,2464.4,2464.4
41,2200,2426,5+ shocks,False,74.0,2423.0,2562.2,2553.9,2487.1,2464.4,2487.1,2487.1
41,2220,2426,5+ shocks,False,56.0,2502.0,2475.7,2495.4,2439.0,2420.2,2439.0,2439.0
41,2240,2426,5+ shocks,False,56.0,2581.0,2475.7,2517.4,2459.0,2440.2,2459.0,2459.0
41,2260,2426,5+ shocks,False,44.0,2589.5,2387.6,2464.5,2402.1,2393.0,2402.1,2402.1
41,2280,2426,5+ shocks,False,43.0,2589.5,2435.1,2476.1,2428.8,2416.0,2428.8,2428.8
41,2300,2426,5+ shocks,False,41.0,2589.5,2447.0,2454.1,2440.6,2430.9,2440.6,2440.6
41,2320,2426,5+ shocks,False,41.0,2612.5,2447.0,2476.1,2460.6,2450.9,2460.6,2460.6
41,2340,2426,5+ shocks,False,41.0,2612.5,2447.0,2496.9,2480.6,2470.9,2480.6,2480.6
41,2360,2426,5+ shocks,False,29.0,2612.5,2423.3,2454.4,2455.8,2449.3,2455.8,2455.8
41,2380,2426,5+ shocks,False,16.0,2670.5,2385.2,2431.0,2452.0,2447.3,2452.0,2452.0
41,2400,2426,5+ shocks,False,15.0,2714.0,2412.0,2441.2,2474.3,2468.8,2474.3,2474.3
42,100,2365,0 shocks,True,188.0,2109.0,2109.0,1357.5,1528.4,1462.9,2109.0,1462.9
42,120,2365,0 shocks,True,188.0,2109.0,2109.0,1394.4,1546.7,1482.9,2109.0,1482.9
42,140,2365,0 shocks,True,188.0,2109.0,2109.0,1428.8,1560.5,1502.9,2109.0,1502.9
42,160,2365,0 shocks,True,188.0,2109.0,2109.0,1461.4,1575.3,1522.9,2109.0,1522.9
42,180,2365,0 shocks,True,188.0,2109.0,2109.0,1492.7,1590.9,1539.5,2109.0,1539.5
42,200,2365,0 shocks,True,188.0,2109.0,2109.0,1522.8,1605.8,1556.4,2109.0,1556.4
42,220,2365,0 shocks,True,188.0,2109.0,2109.0,1552.1,1633.3,1576.4,2109.0,1576.4
42,240,2365,0 shocks,True,188.0,2153.0,2153.0,1580.6,1652.8,1596.4,2153.0,1596.4
42,260,2365,0 shocks,True,188.0,2153.0,2153.0,1608.4,1662.9,1616.4,2153.0,1616.4
42,280,2365,0 shocks,True,188.0,2153.0,2153.0,1635.7,1677.5,1632.0,2153.0,1632.0
42,300,2365,0 shocks,True,188.0,2153.0,2153.0,1662.6,1684.3,1652.0,2153.0,1652.0
42,320,2365,0 shocks,True,188.0,2153.0,2153.0,1689.0,1699.5,1664.5,2153.0,1664.5
42,340,2365,0 shocks,True,188.0,2153.0,2153.0,1715.1,1716.3,1653.8,2153.0,1653.8
42,360,2365,0 shocks,True,188.0,2153.0,2153.0,1740.9,1734.2,1635.0,2153.0,1635.0
42,380,2365,0 shocks,True,188.0,2197.0,2197.0,1766.3,1743.3,1632.5,2197.0,1632.5
42,400,2365,0 shocks,True,188.0,2197.0,2197.0,1791.5,1756.1,1626.1,2197.0,1626.1
42,420,2365,0 shocks,True,188.0,2197.0,2197.0,1816.5,1773.7,1618.4,2197.0,1618.4
42,440,2365,0 shocks,True,188.0,2197.0,2197.0,1841.3,1788.5,1618.0,2197.0,1618.0
42,460,2365,0 shocks,True,188.0,2197.0,2197.0,1865.8,1803.1,1613.1,2197.0,1613.1
42,480,2365,0 shocks,True,188.0,2197.0,2197.0,1890.2,1820.2,1608.1,2197.0,1608.1
42,500,2365,0 shocks,True,188.0,2208.0,2208.0,1914.4,1831.4,1620.1,2208.0,1620.1
42,520,2365,0 shocks,True,188.0,2226.0,2226.0,1938.5,1855.3,1628.5,2226.0,1628.5
42,540,2365,0 shocks,True,188.0,2233.0,2233.0,1962.4,1870.7,1641.0,2233.0,1641.0
42,560,2365,0 shocks,True,188.0,2233.0,2233.0,1986.2,1888.6,1661.0,2233.0,1661.0
42,580,2365,0 shocks,True,188.0,2257.0,2257.0,2009.8,1909.4,1681.0,2257.0,1681.0
42,600,2365,0 shocks,True,188.0,2245.0,2245.0,2033.4,1919.1,1701.0,2245.0,1701.0
42,620,2365,0 shocks,True,188.0,2282.5,2282.5,2056.8,1933.6,1721.0,2282.5,1721.0
42,640,2365,0 shocks,True,182.0,2308.0,2308.0,2080.1,1862.6,1733.2,2308.0,1733.2
42,660,2365,1 shock,True,181.0,2197.0,2197.0,1336.6,1634.5,1603.0,1634.5,1634.5
42,680,2365,1 shock,True,181.0,2197.0,2197.0,1430.0,1747.7,1635.0,1747.7,1747.7
42,700,2365,1 shock,True,182.0,2197.0,2197.0,1533.6,1896.4,1674.6,1896.4,1896.4
42,720,2365,1 shock,True,182.0,2197.0,2197.0,1590.0,1988.3,1711.9,1988.3,1988.3
42,740,2365,1 shock,True,182.0,2208.0,2208.0,1638.8,2022.3,1759.1,2022.3,2022.3
42,760,2365,1 shock,True,182.0,2208.0,2208.0,1682.5,2050.4,1779.1,2050.4,2050.4
42,780,2365,2 shocks,True,170.0,2208.0,2913.6,1720.9,1992.4,1728.3,1992.4,1992.4
42,800,2365,2 shocks,True,170.0,2208.0,2913.6,1836.9,2017.4,1748.3,2017.4,2017.4
42,820,2365,2 shocks,True,170.0,2208.0,2913.6,1860.7,2053.0,1784.2,2053.0,2053.0
42,840,2365,2 shocks,True,170.0,2208.0,2913.6,1851.6,2078.3,1806.7,2078.3,2078.3
42,860,2365,2 shocks,True,170.0,2219.0,2913.6,1828.2,2160.7,1859.4,2160.7,2160.7
42,880,2365,2 shocks,True,170.0,2219.0,2913.6,1798.7,2182.0,1879.4,2182.0,2182.0
42,900,2365,2 shocks,True,170.0,2219.0,2913.6,1767.1,2202.0,1894.3,2202.0,2202.0
42,920,2365,3-4 shocks,True,161.0,2219.0,3029.1,2202.3,2208.3,1879.8,2208.3,2208.3
42,940,2365,3-4 shocks,True,161.0,2219.0,3029.1,2324.6,2228.3,1899.8,2228.3,2228.3
42,960,2365,3-4 shocks,True,161.0,2219.0,3029.1,2401.2,2263.3,1935.9,2263.3,2263.3
42,980,2365,3-4 shocks,True,161.0,2219.0,3029.1,2461.0,2285.8,1953.8,2285.8,2285.8
42,1000,2365,3-4 shocks,True,161.0,2219.0,3029.1,2512.0,2307.3,1992.2,2307.3,2307.3
42,1020,2365,3-4 shocks,True,161.0,2219.0,3029.1,2557.4,2327.3,2009.7,2327.3,2327.3
42,1040,2365,3-4 shocks,True,147.0,2219.0,2905.6,1969.8,2051.7,1851.1,2051.7,2051.7
42,1060,2365,3-4 shocks,True,147.0,2226.0,2905.6,2096.2,2071.7,1873.5,2071.7,2071.7
42,1080,2365,3-4 shocks,True,147.0,2226.0,2905.6,2165.7,2102.4,1891.3,2102.4,2102.4
42,1100,2365,3-4 shocks,True,147.0,2226.0,2905.6,2218.9,2122.4,1924.9,2122.4,2122.4
42,1120,2365,3-4 shocks,True,147.0,2233.0,2905.6,2264.1,2149.6,1957.8,2149.6,2149.6
42,1140,2365,5+ shocks,True,136.0,2245.0,2724.8,2468.7,2128.9,1942.3,2128.9,2128.9
42,1160,2365,5+ shocks,True,136.0,2245.0,2724.8,2509.0,2152.9,1962.3,2152.9,2152.9
42,1180,2365,5+ shocks,True,136.0,2245.0,2724.8,2539.2,2182.0,1993.7,2182.0,2182.0
42,1200,2365,5+ shocks,True,136.0,2245.0,2724.8,2566.1,2202.0,2013.7,2202.0,2202.0
42,1220,2365,5+ shocks,True,128.0,2245.0,2598.9,2351.3,2184.4,2001.1,2184.4,2184.4
42,1240,2365,5+ shocks,True,128.0,2245.0,2598.9,2390.7,2204.4,2021.1,2204.4,2204.4
42,1260,2365,5+ shocks,True,128.0,2245.0,2598.9,2419.9,2233.2,2054.1,2233.2,2233.2
42,1280,2365,5+ shocks,True,128.0,2257.0,2598.9,2445.9,2259.2,2078.0,2259.2,2259.2
42,1300,2365,5+ shocks,True,120.0,2282.5,2497.1,2401.9,2218.6,2025.4,2218.6,2218.6
42,1320,2365,5+ shocks,True,120.0,2314.0,2543.9,2389.6,2333.1,2044.1,2333.1,2333.1
42,1340,2365,5+ shocks,True,120.0,2314.0,2543.9,2421.6,2353.1,2064.1,2353.1,2353.1
42,1360,2365,5+ shocks,True,120.0,2314.0,2543.9,2448.6,2373.1,2095.0,2373.1,2373.1
42,1380,2365,5+ shocks,True,120.0,2314.0,2543.9,2473.5,2394.2,2115.0,2394.2,2394.2
42,1400,2365,5+ shocks,True,114.0,2314.0,2511.4,2360.8,2389.2,2085.8,2389.2,2389.2
42,1420,2365,5+ shocks,True,114.0,2314.0,2511.4,2393.0,2409.2,2105.8,2409.2,2409.2
42,1440,2365,5+ shocks,True,114.0,2314.0,2511.4,2419.7,2429.2,2137.3,2429.2,2429.2
42,1460,2365,5+ shocks,False,104.0,2320.0,2392.9,2361.3,2308.7,2066.0,2308.7,2308.7
42,1480,2365,5+ shocks,False,104.0,2320.0,2426.1,2306.0,2250.9,2033.7,2250.9,2250.9
42,1500,2365,5+ shocks,False,104.0,2320.0,2426.1,2334.0,2270.9,2058.2,2270.9,2270.9
42,1520,2365,5+ shocks,False,104.0,2362.0,2426.1,2359.0,2290.9,2080.5,2290.9,2290.9
42,1540,2365,5+ shocks,False,104.0,2362.0,2426.1,2382.6,2324.1,2109.5,2324.1,2324.1
42,1560,2365,5+ shocks,False,95.0,2362.0,2415.4,2350.7,2319.8,2121.7,2319.8,2319.8
42,1580,2365,5+ shocks,False,95.0,2381.0,2415.4,2388.8,2339.8,2141.7,2339.8,2339.8
42,1600,2365,5+ shocks,False,95.0,2400.0,2415.4,2416.0,2359.8,2161.7,2359.8,2359.8
42,1620,2365,5+ shocks,False,95.0,2400.0,2415.4,2440.6,2379.8,2181.7,2379.8,2379.8
42,1640,2365,5+ shocks,False,95.0,2400.0,2415.4,2464.0,2412.8,2210.7,2412.8,2412.8
42,1660,2365,5+ shocks,False,86.0,2400.0,2410.4,2379.1,2331.2,2159.2,2331.2,2331.2
42,1680,2365,5+ shocks,False,86.0,2402.0,2410.4,2414.3,2351.2,2179.2,2351.2,2351.2
42,1700,2365,5+ shocks,False,86.0,2402.0,2410.4,2440.6,2371.2,2199.2,2371.2,2371.2
42,1720,2365,5+ shocks,False,74.0,2402.0,2274.9,2356.9,2206.6,2079.4,2206.6,2206.6
42,1740,2365,5+ shocks,False,74.0,2413.0,2324.2,2292.9,2234.5,2101.0,2234.5,2234.5
42,1760,2365,5+ shocks,False,74.0,2413.0,2324.2,2319.1,2254.5,2121.0,2254.5,2254.5
42,1780,2365,5+ shocks,False,74.0,2413.0,2324.2,2342.7,2276.3,2141.0,2276.3,2276.3
42,1800,2365,5+ shocks,False,74.0,2413.0,2324.2,2365.2,2304.2,2166.8,2304.2,2304.2
42,1820,2365,5+ shocks,False,62.0,2422.0,2283.6,2301.3,2257.0,2130.8,2257.0,2257.0
42,1840,2365,5+ shocks,False,62.0,2422.0,2283.6,2332.4,2277.0,2150.8,2277.0,2277.0
42,1860,2365,5+ shocks,False,62.0,2422.0,2283.6,2356.8,2298.5,2170.8,2298.5,2298.5
42,1880,2365,5+ shocks,False,62.0,2422.0,2283.6,2379.5,2318.5,2190.8,2318.5,2318.5
42,1900,2365,5+ shocks,False,50.0,2422.0,2228.1,2253.0,2218.6,2136.2,2218.6,2218.6
42,1920,2365,5+ shocks,False,50.0,2422.0,2228.1,2281.1,2238.6,2156.2,2238.6,2238.6
42,1940,2365,5+ shocks,False,50.0,2422.0,2228.1,2304.4,2259.7,2176.2,2259.7,2259.7
42,1960,2365,5+ shocks,False,50.0,2422.0,2228.1,2326.4,2279.7,2196.2,2279.7,2279.7
42,1980,2365,5+ shocks,False,37.0,2422.5,2164.9,2206.6,2140.3,2114.5,2140.3,2140.3
42,2000,2365,5+ shocks,False,37.0,2422.5,2164.9,2231.4,2160.3,2134.5,2160.3,2160.3
42,2020,2365,5+ shocks,False,37.0,2422.5,2164.9,2253.4,2180.3,2154.5,2180.3,2180.3
42,2040,2365,5+ shocks,False,37.0,2422.5,2164.9,2274.7,2200.3,2174.5,2200.3,2200.3
42,2060,2365,5+ shocks,False,37.0,2423.0,2164.9,2295.6,2223.9,2196.7,2223.9,2223.9
42,2080,2365,5+ shocks,False,32.0,2423.0,2205.7,2264.5,2208.4,2191.5,2208.4,2208.4
42,2100,2365,5+ shocks,False,32.0,2423.0,2205.7,2287.2,2228.4,2211.5,2228.4,2228.4
42,2120,2365,5+ shocks,False,32.0,2424.5,2205.7,2308.5,2248.4,2231.5,2248.4,2248.4
42,2140,2365,5+ shocks,False,24.0,2424.5,2188.0,2217.3,2233.9,2229.1,2233.9,2233.9
42,2160,2365,5+ shocks,False,24.0,2424.5,2188.0,2239.3,2253.9,2249.1,2253.9,2253.9
42,2180,2365,5+ shocks,False,24.0,2424.5,2188.0,2260.0,2273.9,2269.1,2273.9,2273.9
42,2200,2365,5+ shocks,False,24.0,2426.0,2201.0,2280.5,2293.9,2289.1,2293.9,2293.9
42,2220,2365,5+ shocks,False,17.0,2503.5,2250.1,2291.4,2304.0,2301.9,2304.0,2304.0
42,2240,2365,5+ shocks,False,17.0,2581.0,2250.1,2312.3,2324.0,2321.9,2324.0,2324.0
42,2260,2365,5+ shocks,False,17.0,2589.5,2261.0,2332.8,2344.0,2341.9,2344.0,2344.0
42,2280,2365,5+ shocks,False,11.0,2589.5,2281.0,2353.1,2365.3,2363.2,2365.3,2365.3
42,2300,2365,5+ shocks,False,11.0,2589.5,2322.5,2372.3,2384.0,2381.9,2384.0,2384.0
42,2320,2365,5+ shocks,False,11.0,2612.5,2322.5,2393.0,2404.0,2401.9,2404.0,2404.0
42,2340,2365,5+ shocks,False,11.0,2612.5,2341.0,2413.5,2424.0,2421.9,2424.0,2424.0
43,100,2308,0 shocks,True,188.0,2109.0,2109.0,1379.7,1523.1,1632.1,2109.0,1632.1
43,120,2308,0 shocks,True,188.0,2109.0,2109.0,1416.1,1543.1,1652.1,2109.0,1652.1
43,140,2308,0 shocks,True,188.0,2109.0,2109.0,1450.2,1562.0,1672.1,2109.0,1672.1
43,160,2308,0 shocks,True,188.0,2109.0,2109.0,1482.6,1579.1,1692.1,2109.0,1692.1
43,180,2308,0 shocks,True,188.0,2109.0,2109.0,1513.6,1595.0,1708.8,2109.0,1708.8
43,200,2308,0 shocks,True,188.0,2109.0,2109.0,1543.5,1611.5,1722.1,2109.0,1722.1
43,220,2308,0 shocks,True,188.0,2109.0,2109.0,1572.5,1638.7,1736.8,2109.0,1736.8
43,240,2308,0 shocks,True,188.0,2153.0,2153.0,1600.8,1661.8,1756.8,2153.0,1756.8
43,260,2308,0 shocks,True,188.0,2153.0,2153.0,1628.4,1676.6,1776.8,2153.0,1776.8
43,280,2308,0 shocks,True,188.0,2153.0,2153.0,1655.6,1690.0,1796.8,2153.0,1796.8
43,300,2308,0 shocks,True,188.0,2153.0,2153.0,1682.2,1701.1,1816.8,2153.0,1816.8
43,320,2308,0 shocks,True,188.0,2153.0,2153.0,1708.5,1715.3,1820.6,2153.0,1820.6
43,340,2308,0 shocks,True,188.0,2153.0,2153.0,1734.4,1728.9,1821.0,2153.0,1821.0
43,360,2308,0 shocks,True,188.0,2153.0,2153.0,1760.0,1743.8,1802.8,2153.0,1802.8
43,380,2308,0 shocks,True,188.0,2197.0,2197.0,1785.4,1759.3,1795.2,2197.0,1795.2
43,400,2308,0 shocks,True,188.0,2197.0,2197.0,1810.4,1770.9,1789.9,2197.0,1789.9
43,420,2308,0 shocks,True,188.0,2197.0,2197.0,1835.3,1789.4,1778.2,2197.0,1778.2
43,440,2308,0 shocks,True,188.0,2197.0,2197.0,1859.9,1805.5,1791.9,2197.0,1791.9
43,460,2308,0 shocks,True,188.0,2197.0,2197.0,1884.3,1818.7,1794.5,2197.0,1794.5
43,480,2308,0 shocks,True,188.0,2197.0,2197.0,1908.6,1836.3,1775.5,2197.0,1775.5
43,500,2308,0 shocks,True,188.0,2208.0,2208.0,1932.7,1844.9,1781.0,2208.0,1781.0
43,520,2308,0 shocks,True,188.0,2226.0,2226.0,1956.7,1862.7,1791.6,2226.0,1791.6
43,540,2308,0 shocks,True,188.0,2233.0,2233.0,1980.5,1880.2,1806.6,2233.0,1806.6
43,560,2308,0 shocks,True,188.0,2233.0,2233.0,2004.1,1896.9,1826.6,2233.0,1826.6
43,580,2308,0 shocks,True,188.0,2257.0,2257.0,2027.7,1913.7,1846.6,2257.0,1846.6
43,600,2308,0 shocks,True,188.0,2245.0,2245.0,2051.2,1925.0,1866.6,2245.0,1866.6
43,620,2308,0 shocks,True,188.0,2288.5,2288.5,2074.5,1937.8,1882.2,2288.5,1882.2
43,640,2308,0 shocks,True,188.0,2288.5,2288.5,2097.7,1961.4,1902.2,2288.5,1902.2
43,660,2308,0 shocks,True,188.0,2320.0,2320.0,2120.9,1982.9,1922.2,2320.0,1922.2
43,680,2308,0 shocks,True,188.0,2341.0,2341.0,2144.0,1999.3,1942.2,2341.0,1942.2
43,700,2308,0 shocks,True,188.0,2362.0,2362.0,2166.9,2027.2,1962.2,2362.0,1962.2
43,720,2308,0 shocks,True,188.0,2362.0,2362.0,2189.8,2044.1,1982.2,2362.0,1982.2
43,740,2308,0 shocks,True,188.0,2383.0,2383.0,2212.7,2064.1,2002.2,2383.0,2002.2
43,760,2308,0 shocks,True,188.0,2413.0,2413.0,2235.4,2084.1,2022.2,2413.0,2022.2
43,780,2308,0 shocks,True,188.0,2404.0,2404.0,2258.1,2104.1,2042.2,2404.0,2042.2
43,800,2308,0 shocks,True,188.0,2404.0,2404.0,2280.8,2124.1,2062.2,2404.0,2062.2
43,820,2308,0 shocks,True,188.0,2413.5,2413.5,2303.3,2144.1,2082.2,2413.5,2082.2
43,840,2308,0 shocks,True,188.0,2423.0,2423.0,2325.8,2164.1,2102.2,2423.0,2102.2
43,860,2308,0 shocks,True,188.0,2424.5,2424.5,2348.3,2184.1,2122.2,2424.5,2122.2
43,880,2308,0 shocks,True,188.0,2423.0,2423.0,2370.7,2204.1,2142.2,2423.0,2142.2
43,900,2308,0 shocks,True,188.0,2424.5,2424.5,2393.1,2224.1,2162.2,2424.5,2162.2
43,920,2308,0 shocks,True,188.0,2424.5,2424.5,2415.4,2244.1,2182.2,2424.5,2182.2
43,940,2308,0 shocks,True,188.0,2426.0,2426.0,2437.6,2264.1,2202.2,2426.0,2202.2
43,960,2308,0 shocks,True,188.0,2426.0,2426.0,2459.8,2284.1,2222.2,2426.0,2222.2
43,980,2308,0 shocks,True,188.0,2426.0,2426.0,2482.0,2301.9,2242.2,2426.0,2242.2
43,1000,2308,0 shocks,True,188.0,2426.0,2426.0,2504.1,2319.5,2262.2,2426.0,2262.2
43,1020,2308,0 shocks,True,188.0,2426.0,2426.0,2526.2,2335.7,2282.2,2426.0,2282.2
43,1040,2308,0 shocks,True,188.0,2426.0,2426.0,2548.3,2353.7,2300.6,2426.0,2300.6
43,1060,2308,0 shocks,True,188.0,2426.0,2426.0,2570.3,2373.7,2316.8,2426.0,2316.8
43,1080,2308,0 shocks,True,188.0,2426.0,2426.0,2592.3,2393.7,2334.2,2426.0,2334.2
43,1100,2308,0 shocks,True,188.0,2503.5,2503.5,2614.2,2413.7,2354.2,2503.5,2354.2
43,1120,2308,1 shock,True,182.0,2233.0,2233.0,2206.2,2253.5,2219.0,2253.5,2253.5
43,1140,2308,1 shock,True,182.0,2245.0,2245.0,2392.5,2311.1,2233.6,2311.1,2311.1
43,1160,2308,1 shock,True,182.0,2245.0,2245.0,2513.7,2434.2,2291.2,2434.2,2434.2
43,1180,2308,1 shock,True,182.0,2245.0,2245.0,2607.6,2482.1,2311.2,2482.1,2482.1
43,1200,2308,1 shock,True,182.0,2245.0,2245.0,2685.9,2557.4,2353.9,2557.4,2557.4
43,1220,2308,1 shock,True,182.0,2245.0,2245.0,2754.2,2585.1,2378.6,2585.1,2585.1
43,1240,2308,2 shocks,True,176.0,2245.0,3409.6,2335.8,2546.0,2379.2,2546.0,2546.0
43,1260,2308,2 shocks,True,176.0,2245.0,3409.6,2574.0,2582.7,2399.2,2582.7,2582.7
43,1280,2308,2 shocks,True,176.0,2257.0,3409.6,2669.9,2613.8,2438.4,2613.8,2613.8
43,1300,2308,2 shocks,True,176.0,2288.5,3409.6,2712.9,2636.5,2458.4,2636.5,2636.5
43,1320,2308,3-4 shocks,True,165.0,2341.0,3035.6,2291.6,2424.0,2314.1,2424.0,2424.0
43,1340,2308,3-4 shocks,True,165.0,2341.0,3035.6,2455.5,2442.8,2336.8,2442.8,2442.8
43,1360,2308,3-4 shocks,True,165.0,2341.0,3035.6,2533.2,2472.3,2356.8,2472.3,2472.3
43,1380,2308,3-4 shocks,True,165.0,2341.0,3035.6,2590.8,2497.1,2391.2,2497.1,2497.1
43,1400,2308,3-4 shocks,True,165.0,2341.0,3035.6,2639.0,2519.3,2416.1,2519.3,2519.3
43,1420,2308,3-4 shocks,True,155.0,2341.0,2963.4,2315.9,2459.2,2347.1,2459.2,2459.2
43,1440,2308,3-4 shocks,True,155.0,2341.0,2963.4,2430.5,2482.5,2367.1,2482.5,2482.5
43,1460,2308,3-4 shocks,True,155.0,2362.0,2963.4,2496.1,2512.6,2394.5,2512.6,2512.6
43,1480,2308,5+ shocks,True,147.0,2362.0,2794.1,2481.3,2524.8,2442.9,2524.8,2524.8
43,1500,2308,5+ shocks,True,147.0,2362.0,2794.1,2520.6,2546.1,2462.9,2546.1,2546.1
43,1520,2308,5+ shocks,True,147.0,2365.0,2794.1,2548.2,2575.0,2482.4,2575.0,2575.0
43,1540,2308,5+ shocks,True,141.0,2365.0,2732.3,2534.7,2599.6,2518.6,2599.6,2599.6
43,1560,2308,5+ shocks,True,141.0,2365.0,2722.0,2493.3,2654.6,2554.9,2654.6,2654.6
43,1580,2308,5+ shocks,True,141.0,2382.5,2722.0,2521.5,2683.9,2574.9,2683.9,2683.9
43,1600,2308,5+ shocks,True,134.0,2400.0,2628.1,2377.8,2573.7,2459.0,2573.7,2573.7
43,1620,2308,5+ shocks,True,134.0,2400.0,2628.1,2409.0,2596.8,2479.0,2596.8,2596.8
43,1640,2308,5+ shocks,True,122.0,2400.0,2505.8,2284.9,2365.6,2258.6,2365.6,2365.6
43,1660,2308,5+ shocks,True,122.0,2400.0,2505.8,2318.6,2385.6,2278.6,2385.6,2385.6
43,1680,2308,5+ shocks,True,122.0,2402.0,2505.8,2343.7,2407.9,2298.6,2407.9,2407.9
43,1700,2308,5+ shocks,True,110.0,2402.0,2435.2,2303.7,2439.8,2321.1,2439.8,2439.8
43,1720,2308,5+ shocks,True,110.0,2402.0,2435.2,2333.0,2462.2,2341.1,2462.2,2462.2
43,1740,2308,5+ shocks,True,110.0,2413.0,2435.2,2357.2,2485.5,2366.0,2485.5,2485.5
43,1760,2308,5+ shocks,False,101.0,2413.0,2361.7,2331.2,2370.0,2278.9,2370.0,2370.0
43,1780,2308,5+ shocks,False,101.0,2413.0,2418.1,2357.8,2397.6,2309.8,2397.6,2397.6
43,1800,2308,5+ shocks,False,101.0,2413.0,2418.1,2382.4,2417.6,2329.8,2417.6,2417.6
43,1820,2308,5+ shocks,False,91.0,2422.0,2337.4,2348.3,2359.3,2290.0,2359.3,2359.3
43,1840,2308,5+ shocks,False,91.0,2422.0,2389.2,2345.6,2350.7,2282.5,2350.7,2350.7
43,1860,2308,5+ shocks,False,91.0,2422.0,2389.2,2369.8,2370.7,2302.5,2370.7,2370.7
43,1880,2308,5+ shocks,False,90.0,2422.0,2381.3,2386.7,2390.7,2322.5,2390.7,2390.7
43,1900,2308,5+ shocks,False,86.0,2422.0,2415.2,2386.2,2435.3,2370.2,2435.3,2435.3
43,1920,2308,5+ shocks,False,86.0,2422.0,2415.2,2411.6,2456.0,2390.2,2456.0,2456.0
43,1940,2308,5+ shocks,False,86.0,2422.0,2415.2,2434.5,2476.0,2410.2,2476.0,2476.0
43,1960,2308,5+ shocks,False,74.0,2422.0,2374.8,2358.7,2328.7,2279.9,2328.7,2328.7
43,1980,2308,5+ shocks,False,74.0,2422.5,2374.8,2383.1,2348.7,2299.9,2348.7,2348.7
43,2000,2308,5+ shocks,False,60.0,2422.5,2304.5,2288.4,2264.3,2240.2,2264.3,2264.3
43,2020,2308,5+ shocks,False,59.0,2422.5,2296.9,2307.5,2275.7,2252.5,2275.7,2275.7
43,2040,2308,5+ shocks,False,59.0,2422.5,2296.9,2329.5,2296.6,2272.5,2296.6,2296.6
43,2060,2308,5+ shocks,False,53.0,2423.0,2297.7,2312.2,2308.7,2286.4,2308.7,2308.7
43,2080,2308,5+ shocks,False,53.0,2423.0,2297.7,2334.8,2328.7,2306.4,2328.7,2328.7
43,2100,2308,5+ shocks,False,47.0,2423.0,2293.3,2304.7,2294.8,2278.6,2294.8,2294.8
43,2120,2308,5+ shocks,False,47.0,2424.5,2293.3,2327.3,2314.8,2298.6,2314.8,2314.8
43,2140,2308,5+ shocks,False,47.0,2424.5,2293.3,2348.6,2334.8,2318.6,2334.8,2334.8
43,2160,2308,5+ shocks,False,38.0,2424.5,2288.0,2321.9,2307.6,2299.9,2307.6,2307.6
43,2180,2308,5+ shocks,False,38.0,2424.5,2288.0,2344.1,2327.6,2319.9,2327.6,2327.6
43,2200,2308,5+ shocks,False,29.0,2426.0,2222.6,2299.7,2295.4,2291.4,2295.4,2295.4
43,2220,2308,5+ shocks,False,29.0,2503.5,2272.7,2313.0,2315.1,2310.8,2315.1,2315.1
43,2240,2308,5+ shocks,False,29.0,2581.0,2272.7,2333.9,2335.1,2330.8,2335.1,2335.1
43,2260,2308,5+ shocks,False,29.0,2589.5,2272.7,2354.4,2355.1,2350.8,2355.1,2355.1
43,2280,2308,5+ shocks,False,15.0,2589.5,2296.2,2332.1,2351.1,2349.6,2351.1,2351.1
44,100,2404,0 shocks,True,188.0,2109.0,2109.0,1379.2,1522.4,1652.5,2109.0,1652.5
44,120,2404,0 shocks,True,188.0,2109.0,2109.0,1415.7,1542.4,1672.5,2109.0,1672.5
44,140,2404,0 shocks,True,188.0,2109.0,2109.0,1449.8,1560.4,1692.5,2109.0,1692.5
44,160,2404,0 shocks,True,188.0,2109.0,2109.0,1482.2,1575.1,1709.0,2109.0,1709.0
44,180,2404,0 shocks,True,188.0,2109.0,2109.0,1513.2,1592.9,1729.0,2109.0,1729.0
44,200,2404,0 shocks,True,188.0,2109.0,2109.0,1543.1,1609.5,1738.4,2109.0,1738.4
44,220,2404,0 shocks,True,188.0,2109.0,2109.0,1572.1,1634.4,1758.4,2109.0,1758.4
44,240,2404,0 shocks,True,188.0,2153.0,2153.0,1600.4,1652.7,1775.4,2153.0,1775.4
44,260,2404,0 shocks,True,188.0,2153.0,2153.0,1628.0,1668.2,1795.4,2153.0,1795.4
44,280,2404,0 shocks,True,188.0,2153.0,2153.0,1655.2,1679.1,1815.4,2153.0,1815.4
44,300,2404,0 shocks,True,188.0,2153.0,2153.0,1681.9,1682.9,1835.4,2153.0,1835.4
44,320,2404,0 shocks,True,188.0,2153.0,2153.0,1708.1,1700.1,1833.8,2153.0,1833.8
44,340,2404,0 shocks,True,188.0,2153.0,2153.0,1734.1,1710.5,1824.1,2153.0,1824.1
44,360,2404,0 shocks,True,188.0,2153.0,2153.0,1759.7,1726.1,1814.6,2153.0,1814.6
44,380,2404,0 shocks,True,188.0,2197.0,2197.0,1785.0,1736.5,1813.1,2197.0,1813.1
44,400,2404,0 shocks,True,188.0,2197.0,2197.0,1810.1,1749.0,1804.7,2197.0,1804.7
44,420,2404,0 shocks,True,188.0,2197.0,2197.0,1834.9,1766.4,1784.4,2197.0,1784.4
44,440,2404,0 shocks,True,188.0,2197.0,2197.0,1859.5,1781.8,1790.1,2197.0,1790.1
44,460,2404,0 shocks,True,188.0,2197.0,2197.0,1884.0,1797.8,1789.6,2197.0,1789.6
44,480,2404,0 shocks,True,188.0,2197.0,2197.0,1908.2,1815.5,1789.3,2197.0,1789.3
44,500,2404,0 shocks,True,188.0,2208.0,2208.0,1932.3,1827.1,1794.5,2208.0,1794.5
44,520,2404,0 shocks,True,188.0,2226.0,2226.0,1956.3,1851.1,1806.8,2226.0,1806.8
44,540,2404,0 shocks,True,188.0,2233.0,2233.0,1980.1,1870.8,1820.4,2233.0,1820.4
44,560,2404,0 shocks,True,188.0,2233.0,2233.0,2003.8,1887.9,1840.4,2233.0,1840.4
44,580,2404,0 shocks,True,188.0,2257.0,2257.0,2027.3,1900.6,1860.4,2257.0,1860.4
44,600,2404,0 shocks,True,188.0,2245.0,2245.0,2050.8,1904.6,1880.4,2245.0,1880.4
44,620,2404,0 shocks,True,188.0,2282.5,2282.5,2074.1,1920.3,1900.4,2282.5,1900.4
44,640,2404,0 shocks,True,188.0,2282.5,2282.5,2097.4,1948.2,1916.0,2282.5,1916.0
44,660,2404,0 shocks,True,188.0,2308.0,2308.0,2120.5,1972.1,1936.0,2308.0,1936.0
44,680,2404,0 shocks,True,188.0,2314.0,2314.0,2143.6,1991.9,1956.0,2314.0,1956.0
44,700,2404,0 shocks,True,188.0,2320.0,2320.0,2166.6,2011.5,1976.0,2320.0,1976.0
44,720,2404,0 shocks,True,188.0,2320.0,2320.0,2189.5,2032.2,1996.0,2320.0,1996.0
44,740,2404,0 shocks,True,188.0,2341.0,2341.0,2212.3,2052.2,2016.0,2341.0,2016.0
44,760,2404,0 shocks,True,188.0,2392.0,2392.0,2235.1,2072.2,2036.0,2392.0,2036.0
44,780,2404,0 shocks,True,188.0,2362.0,2362.0,2257.8,2092.2,2056.0,2362.0,2056.0
44,800,2404,0 shocks,True,188.0,2362.0,2362.0,2280.4,2112.2,2076.0,2362.0,2076.0
44,820,2404,0 shocks,True,188.0,2392.5,2392.5,2303.0,2132.2,2096.0,2392.5,2096.0
44,840,2404,0 shocks,True,188.0,2423.0,2423.0,2325.5,2152.2,2116.0,2423.0,2116.0
44,860,2404,0 shocks,True,188.0,2424.5,2424.5,2347.9,2172.2,2136.0,2424.5,2136.0
44,880,2404,0 shocks,True,188.0,2423.0,2423.0,2370.3,2192.2,2156.0,2423.0,2156.0
44,900,2404,0 shocks,True,188.0,2424.5,2424.5,2392.7,2212.2,2176.0,2424.5,2176.0
44,920,2404,0 shocks,True,188.0,2424.5,2424.5,2415.0,2232.2,2196.0,2424.5,2196.0
44,940,2404,0 shocks,True,188.0,2426.0,2426.0,2437.3,2252.2,2216.0,2426.0,2216.0
44,960,2404,0 shocks,True,188.0,2426.0,2426.0,2459.5,2272.2,2236.0,2426.0,2236.0
44,980,2404,0 shocks,True,188.0,2426.0,2426.0,2481.7,2290.5,2256.0,2426.0,2256.0
44,1000,2404,0 shocks,True,188.0,2426.0,2426.0,2503.8,2310.5,2273.2,2426.0,2273.2
44,1020,2404,0 shocks,True,188.0,2426.0,2426.0,2525.9,2328.4,2290.5,2426.0,2290.5
44,1040,2404,0 shocks,True,188.0,2426.0,2426.0,2547.9,2348.4,2303.2,2426.0,2303.2
44,1060,2404,0 shocks,True,188.0,2426.0,2426.0,2570.0,2368.4,2316.7,2426.0,2316.7
44,1080,2404,0 shocks,True,188.0,2426.0,2426.0,2591.9,2388.4,2333.7,2426.0,2333.7
44,1100,2404,0 shocks,True,188.0,2503.5,2503.5,2613.9,2408.4,2353.7,2503.5,2353.7
44,1120,2404,0 shocks,True,188.0,2581.0,2581.0,2635.8,2428.4,2373.7,2581.0,2373.7
44,1140,2404,0 shocks,True,188.0,2581.0,2581.0,2657.7,2446.8,2391.4,2581.0,2391.4
44,1160,2404,0 shocks,True,188.0,2581.0,2581.0,2679.5,2466.8,2411.4,2581.0,2411.4
44,1180,2404,0 shocks,True,188.0,2581.0,2581.0,2701.4,2486.8,2431.4,2581.0,2431.4
44,1200,2404,0 shocks,True,188.0,2581.0,2581.0,2723.2,2506.8,2451.4,2581.0,2451.4
44,1220,2404,0 shocks,True,188.0,2512.0,2512.0,2744.9,2526.8,2471.4,2512.0,2471.4
44,1240,2404,0 shocks,True,188.0,2512.0,2512.0,2766.7,2546.8,2491.4,2512.0,2491.4
44,1260,2404,1 shock,True,176.0,2245.0,2245.0,2025.3,1943.3,1943.9,1943.3,1943.3
44,1280,2404,1 shock,True,176.0,2257.0,2257.0,2251.0,1970.4,1963.9,1970.4,1970.4
44,1300,2404,1 shock,True,176.0,2282.5,2282.5,2373.5,2074.7,1994.3,2074.7,2074.7
44,1320,2404,1 shock,True,175.0,2314.0,2314.0,2411.4,2140.1,2020.0,2140.1,2140.1
44,1340,2404,2 shocks,True,171.0,2314.0,2702.0,1894.6,2341.4,2225.9,2341.4,2341.4
44,1360,2404,2 shocks,True,171.0,2314.0,2702.0,2099.0,2363.8,2245.9,2363.8,2363.8
44,1380,2404,2 shocks,True,171.0,2314.0,2702.0,2180.4,2384.3,2266.4,2384.3,2384.3
44,1400,2404,2 shocks,True,171.0,2314.0,2702.0,2223.5,2410.3,2293.7,2410.3,2410.3
44,1420,2404,3-4 shocks,True,167.0,2314.0,2673.2,2310.8,2491.3,2344.0,2491.3,2491.3
44,1440,2404,3-4 shocks,True,167.0,2314.0,2673.2,2401.6,2511.4,2364.0,2511.4,2511.4
44,1460,2404,3-4 shocks,True,167.0,2320.0,2673.2,2460.7,2545.2,2390.7,2545.2,2545.2
44,1480,2404,3-4 shocks,True,167.0,2320.0,2673.2,2508.3,2565.9,2420.5,2565.9,2565.9
44,1500,2404,3-4 shocks,True,155.0,2320.0,2707.9,2256.6,2531.3,2416.4,2531.3,2531.3
44,1520,2404,3-4 shocks,True,155.0,2362.0,2707.9,2370.0,2551.3,2436.4,2551.3,2551.3
44,1540,2404,5+ shocks,True,152.0,2362.0,2581.5,2249.5,2355.0,2235.2,2355.0,2355.0
44,1560,2404,5+ shocks,True,152.0,2362.0,2581.5,2281.5,2375.0,2255.2,2375.0,2375.0
44,1580,2404,5+ shocks,True,152.0,2363.5,2581.5,2305.9,2396.0,2275.2,2396.0,2396.0
44,1600,2404,5+ shocks,True,140.0,2365.0,2485.1,2264.8,2341.2,2252.2,2341.2,2341.2
44,1620,2404,5+ shocks,True,131.0,2365.0,2418.3,2251.2,2357.3,2272.2,2357.3,2357.3
44,1640,2404,5+ shocks,True,131.0,2365.0,2381.2,2157.1,2338.3,2268.4,2338.3,2338.3
44,1660,2404,5+ shocks,True,131.0,2365.0,2381.2,2180.8,2358.3,2290.5,2358.3,2358.3
44,1680,2404,5+ shocks,True,131.0,2382.5,2381.2,2202.9,2383.3,2315.6,2383.3,2383.3
44,1700,2404,5+ shocks,True,131.0,2382.5,2381.2,2224.5,2411.6,2350.4,2411.6,2411.6
44,1720,2404,5+ shocks,True,131.0,2382.5,2381.2,2245.7,2433.1,2370.0,2433.1,2433.1
44,1740,2404,5+ shocks,True,120.0,2411.0,2494.7,2456.6,2408.8,2320.0,2408.8,2408.8
44,1760,2404,5+ shocks,True,120.0,2411.0,2494.7,2484.3,2431.0,2340.0,2431.0,2431.0
44,1780,2404,5+ shocks,True,114.0,2411.0,2463.8,2295.6,2379.6,2330.6,2379.6,2379.6
44,1800,2404,5+ shocks,True,114.0,2411.0,2463.8,2323.5,2400.3,2350.6,2400.3,2400.3
44,1820,2404,5+ shocks,True,114.0,2422.0,2463.8,2346.7,2422.4,2370.6,2422.4,2422.4
44,1840,2404,5+ shocks,False,101.0,2422.0,2412.1,2316.6,2353.9,2297.8,2353.9,2353.9
44,1860,2404,5+ shocks,False,101.0,2422.0,2412.1,2341.5,2373.9,2317.8,2373.9,2373.9
44,1880,2404,5+ shocks,False,98.0,2422.0,2421.0,2309.2,2392.9,2336.3,2392.9,2392.9
44,1900,2404,5+ shocks,False,98.0,2422.0,2421.0,2335.8,2412.9,2356.3,2412.9,2412.9
44,1920,2404,5+ shocks,False,90.0,2422.0,2365.7,2323.0,2372.9,2333.8,2372.9,2372.9
44,1940,2404,5+ shocks,False,90.0,2422.0,2394.9,2323.0,2390.2,2353.8,2390.2,2390.2
44,1960,2404,5+ shocks,False,77.0,2422.0,2319.7,2241.3,2273.2,2268.0,2273.2,2273.2
44,1980,2404,5+ shocks,False,75.0,2422.5,2306.9,2256.1,2293.2,2288.0,2293.2,2293.2
44,2000,2404,5+ shocks,False,75.0,2422.5,2306.9,2277.4,2315.4,2308.0,2315.4,2315.4
44,2020,2404,5+ shocks,False,68.0,2422.5,2327.0,2323.0,2343.2,2323.8,2343.2,2343.2
44,2040,2404,5+ shocks,False,68.0,2422.5,2327.0,2346.3,2363.2,2343.8,2363.2,2363.2
44,2060,2404,5+ shocks,False,68.0,2423.0,2327.0,2367.9,2385.6,2363.8,2385.6,2385.6
44,2080,2404,5+ shocks,False,59.0,2423.0,2321.5,2327.8,2314.6,2304.1,2314.6,2314.6
44,2100,2404,5+ shocks,False,56.0,2423.0,2325.8,2293.6,2332.7,2324.1,2332.7,2332.7
44,2120,2404,5+ shocks,False,56.0,2424.5,2325.8,2316.6,2352.7,2345.0,2352.7,2352.7
44,2140,2404,5+ shocks,False,53.0,2424.5,2307.1,2325.0,2365.2,2362.2,2365.2,2365.2
44,2160,2404,5+ shocks,False,53.0,2424.5,2350.7,2361.3,2396.0,2383.6,2396.0,2396.0
44,2180,2404,5+ shocks,False,50.0,2424.5,2361.8,2347.2,2403.4,2397.0,2403.4,2403.4
44,2200,2404,5+ shocks,False,50.0,2426.0,2361.8,2369.7,2424.0,2417.0,2424.0,2424.0
44,2220,2404,5+ shocks,False,38.0,2503.5,2317.8,2329.5,2353.7,2355.5,2353.7,2353.7
44,2240,2404,5+ shocks,False,38.0,2581.0,2317.8,2350.4,2373.7,2375.5,2373.7,2373.7
44,2260,2404,5+ shocks,False,26.0,2589.5,2285.6,2312.2,2343.8,2347.1,2343.8,2343.8
44,2280,2404,5+ shocks,False,26.0,2589.5,2285.6,2332.6,2363.8,2367.1,2363.8,2363.8
44,2300,2404,5+ shocks,False,20.0,2589.5,2301.0,2337.3,2368.0,2368.9,2368.0,2368.0
44,2320,2404,5+ shocks,False,20.0,2612.5,2325.2,2360.3,2388.9,2390.0,2388.9,2388.9
44,2340,2404,5+ shocks,False,20.0,2612.5,2341.0,2380.6,2408.9,2410.0,2408.9,2408.9
44,2360,2404,5+ shocks,False,11.0,2612.5,2381.2,2400.3,2429.3,2428.9,2429.3,2429.3
44,2380,2404,5+ shocks,False,11.0,2670.5,2381.2,2420.9,2449.3,2448.9,2449.3,2449.3
45,100,1580,0 shocks,True,188.0,2197.0,2197.0,1411.6,1552.8,1669.8,2197.0,1669.8
45,120,1580,0 shocks,True,188.0,2197.0,2197.0,1447.6,1572.8,1689.8,2197.0,1689.8
45,140,1580,0 shocks,True,188.0,2197.0,2197.0,1481.3,1592.8,1709.8,2197.0,1709.8
45,160,1580,0 shocks,True,188.0,2197.0,2197.0,1513.2,1607.8,1726.4,2197.0,1726.4
45,180,1580,0 shocks,True,188.0,2197.0,2197.0,1543.9,1623.4,1746.4,2197.0,1746.4
45,200,1580,0 shocks,True,188.0,2197.0,2197.0,1573.5,1644.1,1759.6,2197.0,1759.6
45,220,1580,0 shocks,True,188.0,2197.0,2197.0,1602.2,1676.0,1778.5,2197.0,1778.5
45,240,1580,0 shocks,True,188.0,2208.0,2208.0,1630.2,1703.9,1794.4,2208.0,1794.4
45,260,1580,0 shocks,True,188.0,2208.0,2208.0,1657.6,1721.1,1814.4,2208.0,1814.4
45,280,1580,0 shocks,True,188.0,2208.0,2208.0,1684.5,1734.5,1834.4,2208.0,1834.4
45,300,1580,0 shocks,True,188.0,2208.0,2208.0,1711.0,1739.9,1854.4,2208.0,1854.4
45,320,1580,0 shocks,True,188.0,2208.0,2208.0,1737.0,1759.9,1859.2,2208.0,1859.2
45,340,1580,0 shocks,True,188.0,2208.0,2208.0,1762.7,1773.6,1847.0,2208.0,1847.0
45,360,1580,0 shocks,True,188.0,2208.0,2208.0,1788.1,1790.6,1836.4,2208.0,1836.4
45,380,1580,0 shocks,True,188.0,2219.0,2219.0,1813.3,1806.7,1834.1,2219.0,1834.1
45,400,1580,0 shocks,True,188.0,2219.0,2219.0,1838.2,1822.8,1827.6,2219.0,1827.6
45,420,1580,0 shocks,True,188.0,2219.0,2219.0,1862.8,1837.2,1829.5,2219.0,1829.5
45,440,1580,0 shocks,True,188.0,2219.0,2219.0,1887.3,1850.4,1840.2,2219.0,1840.2
45,460,1580,0 shocks,True,188.0,2219.0,2219.0,1911.6,1865.1,1850.2,2219.0,1850.2
45,480,1580,0 shocks,True,188.0,2219.0,2219.0,1935.7,1882.3,1840.8,2219.0,1840.8
45,500,1580,0 shocks,True,188.0,2226.0,2226.0,1959.7,1893.4,1843.4,2226.0,1843.4
45,520,1580,0 shocks,True,188.0,2245.0,2245.0,1983.5,1913.2,1846.7,2245.0,1846.7
45,540,1580,0 shocks,True,188.0,2257.0,2257.0,2007.1,1921.5,1852.7,2257.0,1852.7
45,560,1580,0 shocks,True,188.0,2257.0,2257.0,2030.7,1939.4,1872.7,2257.0,1872.7
45,580,1580,0 shocks,True,188.0,2308.0,2308.0,2054.1,1959.1,1892.7,2308.0,1892.7
45,600,1580,0 shocks,True,188.0,2282.5,2282.5,2077.4,1960.1,1912.7,2282.5,1912.7
45,620,1580,1 shock,True,184.0,2208.0,2208.0,1291.7,1587.9,1863.0,1587.9,1587.9
45,640,1580,1 shock,True,184.0,2219.0,2219.0,1459.9,1658.9,1902.1,1658.9,1658.9
45,660,1580,1 shock,True,184.0,2219.0,2219.0,1557.2,1782.5,1934.8,1782.5,1782.5
45,680,1580,1 shock,True,184.0,2219.0,2219.0,1630.6,1876.2,1963.2,1876.2,1876.2
45,700,1580,1 shock,True,184.0,2219.0,2219.0,1691.5,1953.4,1997.6,1953.4,1953.4
45,720,1580,2 shocks,True,176.0,2219.0,2363.2,1681.7,1839.4,1773.2,1839.4,1839.4
45,740,1580,2 shocks,True,176.0,2226.0,2363.2,1798.4,1875.7,1793.2,1875.7,1875.7
45,760,1580,3-4 shocks,True,167.0,2226.0,1846.8,1432.3,1363.3,1365.5,1363.3,1363.3
45,780,1580,3-4 shocks,True,167.0,2226.0,1846.8,1498.8,1386.6,1385.5,1386.6,1386.6
45,800,1580,3-4 shocks,True,158.0,2226.0,1705.4,1371.1,1325.1,1343.7,1325.1,1325.1
45,820,1580,3-4 shocks,True,158.0,2226.0,1705.4,1439.1,1358.8,1363.7,1358.8,1358.8
45,840,1580,3-4 shocks,True,158.0,2226.0,1705.4,1484.3,1389.7,1395.0,1389.7,1389.7
45,860,1580,5+ shocks,True,152.0,2233.0,1700.1,1506.5,1491.9,1466.1,1491.9,1491.9
45,880,1580,5+ shocks,True,152.0,2233.0,1700.1,1533.0,1514.0,1486.1,1514.0,1514.0
45,900,1580,5+ shocks,True,146.0,2233.0,1677.4,1477.4,1535.5,1506.1,1535.5,1535.5
45,920,1580,5+ shocks,True,146.0,2233.0,1677.4,1505.6,1558.1,1525.1,1558.1,1558.1
45,940,1580,5+ shocks,True,140.0,2233.0,1664.2,1472.3,1544.3,1512.9,1544.3,1544.3
45,960,1580,5+ shocks,True,140.0,2233.0,1664.2,1504.1,1564.3,1532.9,1564.3,1564.3
45,980,1580,5+ shocks,True,140.0,2233.0,1664.2,1528.4,1586.3,1552.9,1586.3,1586.3
45,1000,1580,5+ shocks,True,128.0,2233.0,1626.6,1493.0,1521.6,1520.5,1521.6,1521.6
45,1020,1580,5+ shocks,True,128.0,2233.0,1626.6,1518.0,1542.7,1538.7,1542.7,1542.7
45,1040,1580,5+ shocks,True,122.0,2233.0,1627.0,1499.3,1504.6,1512.2,1504.6,1504.6
45,1060,1580,5+ shocks,True,122.0,2245.0,1627.0,1525.4,1526.7,1531.9,1526.7,1526.7
45,1080,1580,5+ shocks,True,122.0,2245.0,1627.0,1548.5,1546.7,1556.8,1546.7,1546.7
45,1100,1580,5+ shocks,True,113.0,2245.0,1630.8,1548.8,1547.2,1565.4,1547.2,1547.2
45,1120,1580,5+ shocks,True,113.0,2257.0,1630.8,1573.4,1568.6,1585.4,1568.6,1568.6
45,1140,1580,5+ shocks,True,107.0,2282.5,1595.8,1573.0,1586.7,1606.4,1586.7,1586.7
45,1160,1580,5+ shocks,True,106.0,2282.5,1645.5,1585.2,1618.3,1630.1,1618.3,1618.3
45,1180,1580,5+ shocks,True,106.0,2282.5,1645.5,1608.7,1639.8,1650.1,1639.8,1639.8
45,1200,1580,5+ shocks,False,95.0,2282.5,1625.6,1566.5,1582.2,1611.5,1582.2,1582.2
45,1220,1580,5+ shocks,False,95.0,2282.5,1625.6,1590.6,1602.2,1631.5,1602.2,1602.2
45,1240,1580,5+ shocks,False,86.0,2282.5,1612.4,1559.7,1588.9,1607.2,1588.9,1588.9
45,1260,1580,5+ shocks,False,86.0,2282.5,1612.4,1584.0,1608.9,1627.2,1608.9,1608.9
45,1280,1580,5+ shocks,False,77.0,2308.0,1560.9,1571.2,1563.4,1572.8,1563.4,1563.4
45,1300,1580,5+ shocks,False,77.0,2314.0,1607.2,1593.1,1585.9,1593.5,1585.9,1585.9
45,1320,1580,5+ shocks,False,64.0,2341.0,1567.8,1539.7,1584.7,1594.4,1584.7,1584.7
45,1340,1580,5+ shocks,False,64.0,2341.0,1567.8,1564.6,1604.7,1614.4,1604.7,1604.7
45,1360,1580,5+ shocks,False,55.0,2341.0,1517.4,1550.0,1585.1,1594.0,1585.1,1585.1
45,1380,1580,5+ shocks,False,55.0,2341.0,1557.2,1569.8,1597.0,1612.4,1597.0,1597.0
45,1400,1580,5+ shocks,False,55.0,2341.0,1557.2,1591.4,1617.8,1632.4,1617.8,1617.8
45,1420,1580,5+ shocks,False,47.0,2341.0,1566.6,1583.8,1598.9,1608.9,1598.9,1598.9
45,1440,1580,5+ shocks,False,47.0,2341.0,1566.6,1606.3,1618.9,1628.9,1618.9,1618.9
45,1460,1580,5+ shocks,False,38.0,2362.0,1555.3,1571.4,1589.7,1600.6,1589.7,1589.7
45,1480,1580,5+ shocks,False,38.0,2362.0,1555.3,1593.1,1609.7,1620.6,1609.7,1609.7
45,1500,1580,5+ shocks,False,26.0,2362.0,1531.1,1550.9,1586.7,1594.8,1586.7,1586.7
45,1520,1580,5+ shocks,False,26.0,2365.0,1531.1,1571.8,1606.7,1614.8,1606.7,1606.7
45,1540,1580,5+ shocks,False,26.0,2365.0,1541.0,1592.2,1626.7,1634.8,1626.7,1626.7
45,1560,1580,5+ shocks,False,15.0,2365.0,1567.5,1598.0,1625.6,1629.5,1625.6,1625.6
46,100,1729,0 shocks,True,188.0,2197.0,2197.0,1399.6,1546.6,1772.8,2197.0,1772.8
46,120,1729,0 shocks,True,188.0,2197.0,2197.0,1435.9,1566.6,1792.8,2197.0,1792.8
46,140,1729,0 shocks,True,188.0,2197.0,2197.0,1469.8,1584.1,1812.8,2197.0,1812.8
46,160,1729,0 shocks,True,188.0,2197.0,2197.0,1502.0,1597.7,1832.8,2197.0,1832.8
46,180,1729,0 shocks,True,188.0,2197.0,2197.0,1532.9,1615.5,1852.8,2197.0,1852.8
46,200,1729,0 shocks,True,188.0,2197.0,2197.0,1562.6,1635.1,1865.3,2197.0,1865.3
46,220,1729,0 shocks,True,188.0,2197.0,2197.0,1591.5,1665.9,1885.3,2197.0,1885.3
46,240,1729,0 shocks,True,188.0,2208.0,2208.0,1619.7,1696.1,1905.3,2208.0,1905.3
46,260,1729,0 shocks,True,188.0,2208.0,2208.0,1647.3,1712.0,1925.3,2208.0,1925.3
46,280,1729,0 shocks,True,188.0,2208.0,2208.0,1674.3,1722.7,1945.3,2208.0,1945.3
46,300,1729,0 shocks,True,188.0,2208.0,2208.0,1700.9,1729.1,1965.3,2208.0,1965.3
46,320,1729,0 shocks,True,188.0,2208.0,2208.0,1727.1,1740.2,1981.8,2208.0,1981.8
46,340,1729,0 shocks,True,188.0,2208.0,2208.0,1752.9,1751.8,1962.7,2208.0,1962.7
46,360,1729,0 shocks,True,188.0,2208.0,2208.0,1778.4,1768.8,1957.3,2208.0,1957.3
46,380,1729,0 shocks,True,188.0,2219.0,2219.0,1803.7,1785.7,1956.1,2219.0,1956.1
46,400,1729,0 shocks,True,188.0,2219.0,2219.0,1828.7,1799.3,1941.1,2219.0,1941.1
46,420,1729,0 shocks,True,188.0,2219.0,2219.0,1853.4,1813.6,1948.0,2219.0,1948.0
46,440,1729,0 shocks,True,188.0,2219.0,2219.0,1878.0,1829.0,1948.3,2219.0,1948.3
46,460,1729,0 shocks,True,188.0,2219.0,2219.0,1902.4,1846.6,1955.0,2219.0,1955.0
46,480,1729,0 shocks,True,188.0,2219.0,2219.0,1926.6,1864.2,1933.9,2219.0,1933.9
46,500,1729,0 shocks,True,188.0,2226.0,2226.0,1950.6,1877.9,1938.9,2226.0,1938.9
46,520,1729,0 shocks,True,188.0,2245.0,2245.0,1974.5,1899.5,1949.7,2245.0,1949.7
46,540,1729,0 shocks,True,188.0,2257.0,2257.0,1998.2,1914.2,1959.0,2257.0,1959.0
46,560,1729,0 shocks,True,188.0,2257.0,2257.0,2021.9,1932.0,1979.0,2257.0,1979.0
46,580,1729,0 shocks,True,188.0,2308.0,2308.0,2045.4,1939.5,1999.0,2308.0,1999.0
46,600,1729,0 shocks,True,188.0,2282.5,2282.5,2068.8,1940.2,2019.0,2282.5,2019.0
46,620,1729,0 shocks,True,188.0,2314.0,2314.0,2092.1,1950.6,2039.0,2314.0,2039.0
46,640,1729,0 shocks,True,188.0,2314.0,2314.0,2115.2,1973.4,2059.0,2314.0,2059.0
46,660,1729,1 shock,True,185.0,2219.0,2219.0,1453.9,1616.8,1977.0,1616.8,1616.8
46,680,1729,1 shock,True,185.0,2219.0,2219.0,1603.5,1687.4,2017.7,1687.4,1687.4
46,700,1729,1 shock,True,185.0,2219.0,2219.0,1699.5,1829.8,2043.7,1829.8,1829.8
46,720,1729,1 shock,True,184.0,2219.0,2219.0,1728.5,1902.8,2063.7,1902.8,1902.8
46,740,1729,1 shock,True,184.0,2226.0,2226.0,1789.5,1975.6,2128.8,1975.6,1975.6
46,760,1729,1 shock,True,184.0,2226.0,2226.0,1843.3,2015.9,2154.3,2015.9,2015.9
46,780,1729,1 shock,True,184.0,2226.0,2226.0,1892.0,2044.6,2174.3,2044.6,2044.6
46,800,1729,2 shocks,True,182.0,2226.0,3321.6,2213.3,2095.8,2158.9,2095.8,2095.8
46,820,1729,3-4 shocks,True,176.0,2226.0,2279.3,1490.5,1629.5,1671.6,1629.5,1629.5
46,840,1729,3-4 shocks,True,176.0,2226.0,2279.3,1593.3,1652.6,1695.3,1652.6,1652.6
46,860,1729,3-4 shocks,True,165.0,2233.0,1921.1,1445.6,1483.4,1553.8,1483.4,1483.4
46,880,1729,5+ shocks,True,157.0,2233.0,1709.3,1354.7,1471.6,1520.6,1471.6,1471.6
46,900,1729,5+ shocks,True,146.0,2233.0,1642.1,1349.0,1491.6,1537.3,1491.6,1491.6
46,920,1729,5+ shocks,True,146.0,2233.0,1616.8,1391.5,1491.2,1535.9,1491.2,1491.2
46,940,1729,5+ shocks,True,143.0,2233.0,1575.6,1347.0,1466.4,1502.2,1466.4,1466.4
46,960,1729,5+ shocks,True,142.0,2233.0,1570.3,1368.5,1485.8,1522.2,1485.8,1485.8
46,980,1729,5+ shocks,True,136.0,2233.0,1574.6,1409.6,1518.3,1560.7,1518.3,1518.3
46,1000,1729,5+ shocks,True,131.0,2233.0,1535.3,1329.9,1526.8,1559.0,1526.8,1526.8
46,1020,1729,5+ shocks,True,122.0,2233.0,1491.8,1333.6,1495.4,1525.2,1495.4,1495.4
46,1040,1729,5+ shocks,True,122.0,2233.0,1495.6,1349.7,1499.8,1527.3,1499.8,1499.8
46,1060,1729,5+ shocks,True,116.0,2245.0,1467.9,1357.7,1519.8,1544.7,1519.8,1519.8
46,1080,1729,5+ shocks,True,116.0,2245.0,1508.3,1412.9,1567.9,1595.6,1567.9,1567.9
46,1100,1729,5+ shocks,True,116.0,2245.0,1508.3,1435.4,1591.1,1615.6,1591.1,1591.1
46,1120,1729,5+ shocks,True,113.0,2257.0,1536.9,1446.8,1614.0,1635.6,1614.0,1614.0
46,1140,1729,5+ shocks,True,110.0,2282.5,1548.9,1430.1,1623.8,1648.4,1623.8,1623.8
46,1160,1729,5+ shocks,True,110.0,2282.5,1548.9,1455.3,1644.1,1668.4,1644.1,1644.1
46,1180,1729,5+ shocks,False,104.0,2282.5,1547.2,1451.5,1621.0,1632.8,1621.0,1621.0
46,1200,1729,5+ shocks,False,101.0,2282.5,1533.8,1466.6,1642.1,1653.8,1642.1,1642.1
46,1220,1729,5+ shocks,False,101.0,2282.5,1563.8,1486.6,1662.1,1673.8,1662.1,1662.1
46,1240,1729,5+ shocks,False,101.0,2282.5,1563.8,1508.7,1682.1,1693.8,1682.1,1682.1
46,1260,1729,5+ shocks,False,101.0,2282.5,1563.8,1529.9,1702.1,1713.8,1702.1,1702.1
46,1280,1729,5+ shocks,False,95.0,2308.0,1616.6,1589.0,1740.3,1749.5,1740.3,1740.3
46,1300,1729,5+ shocks,False,90.0,2314.0,1610.5,1521.2,1713.2,1710.0,1713.2,1713.2
46,1320,1729,5+ shocks,False,86.0,2341.0,1592.6,1534.1,1733.2,1730.0,1733.2,1733.2
46,1340,1729,5+ shocks,False,86.0,2341.0,1616.6,1558.4,1753.2,1751.6,1753.2,1753.2
46,1360,1729,5+ shocks,False,80.0,2341.0,1606.8,1546.4,1684.2,1687.8,1684.2,1684.2
46,1380,1729,5+ shocks,False,80.0,2341.0,1606.8,1568.0,1704.2,1707.8,1704.2,1704.2
46,1400,1729,5+ shocks,False,75.0,2341.0,1631.0,1607.8,1728.3,1736.6,1728.3,1728.3
46,1420,1729,5+ shocks,False,73.0,2341.0,1622.3,1624.0,1748.3,1756.6,1748.3,1748.3
46,1440,1729,5+ shocks,False,68.0,2341.0,1638.3,1620.1,1766.3,1776.6,1766.3,1766.3
46,1460,1729,5+ shocks,False,67.0,2362.0,1634.0,1638.9,1786.3,1799.9,1786.3,1786.3
46,1480,1729,5+ shocks,False,67.0,2362.0,1634.0,1659.8,1807.5,1819.9,1807.5,1807.5
46,1500,1729,5+ shocks,False,64.0,2362.0,1686.0,1694.7,1838.7,1826.1,1838.7,1838.7
46,1520,1729,5+ shocks,False,64.0,2365.0,1686.0,1716.5,1859.2,1846.1,1859.2,1859.2
46,1540,1729,5+ shocks,False,55.0,2365.0,1686.0,1686.9,1830.4,1811.9,1830.4,1830.4
46,1560,1729,5+ shocks,False,43.0,2365.0,1659.3,1655.4,1742.3,1727.5,1742.3,1742.3
46,1580,1729,5+ shocks,False,35.0,2382.5,1641.7,1641.6,1733.3,1726.8,1733.3,1733.3
46,1600,1729,5+ shocks,False,35.0,2400.0,1641.7,1662.4,1753.3,1746.8,1753.3,1753.3
46,1620,1729,5+ shocks,False,32.0,2400.0,1666.8,1683.0,1754.3,1747.4,1754.3,1754.3
46,1640,1729,5+ shocks,False,30.0,2400.0,1658.2,1696.0,1769.7,1763.5,1769.7,1769.7
46,1660,1729,5+ shocks,False,30.0,2400.0,1661.0,1716.3,1789.7,1783.5,1789.7,1789.7
46,1680,1729,5+ shocks,False,24.0,2402.0,1694.9,1714.7,1790.0,1782.5,1790.0,1790.0
46,1700,1729,5+ shocks,False,14.0,2402.0,1701.0,1732.4,1789.4,1781.9,1789.4,1789.4
47,100,1283,0 shocks,True,189.0,2197.0,2197.0,1442.7,1573.0,510.3,2197.0,510.3
47,120,1283,0 shocks,True,189.0,2197.0,2197.0,1480.1,1590.9,530.3,2197.0,530.3
47,140,1283,0 shocks,True,189.0,2197.0,2197.0,1515.0,1610.9,550.3,2197.0,550.3
47,160,1283,0 shocks,True,189.0,2197.0,2197.0,1548.1,1630.9,570.3,2197.0,570.3
47,180,1283,0 shocks,True,189.0,2197.0,2197.0,1579.7,1650.9,590.3,2197.0,590.3
47,200,1283,0 shocks,True,189.0,2197.0,2197.0,1610.2,1665.4,610.3,2197.0,610.3
47,220,1283,0 shocks,True,189.0,2197.0,2197.0,1639.7,1693.0,630.4,2197.0,630.4
47,240,1283,0 shocks,True,189.0,2208.0,2208.0,1668.5,1722.4,650.4,2208.0,650.4
47,260,1283,0 shocks,True,189.0,2208.0,2208.0,1696.6,1739.6,670.4,2208.0,670.4
47,280,1283,0 shocks,True,189.0,2208.0,2208.0,1724.2,1752.8,690.4,2208.0,690.4
47,300,1283,0 shocks,True,189.0,2208.0,2208.0,1751.2,1755.0,710.3,2208.0,710.3
47,320,1283,0 shocks,True,189.0,2208.0,2208.0,1777.9,1775.0,729.4,2208.0,729.4
47,340,1283,0 shocks,True,189.0,2208.0,2208.0,1804.1,1791.8,750.0,2208.0,750.0
47,360,1283,0 shocks,True,189.0,2208.0,2208.0,1830.1,1807.6,768.8,2208.0,768.8
47,380,1283,0 shocks,True,189.0,2219.0,2219.0,1855.7,1830.6,788.0,2219.0,788.0
47,400,1283,0 shocks,True,189.0,2219.0,2219.0,1881.1,1851.7,805.1,2219.0,805.1
47,420,1283,0 shocks,True,189.0,2219.0,2219.0,1906.2,1871.7,825.1,2219.0,825.1
47,440,1283,0 shocks,True,189.0,2219.0,2219.0,1931.1,1889.7,844.7,2219.0,844.7
47,460,1283,0 shocks,True,189.0,2219.0,2219.0,1955.8,1907.1,863.1,2219.0,863.1
47,480,1283,0 shocks,True,189.0,2219.0,2219.0,1980.3,1924.3,881.3,2219.0,881.3
47,500,1283,0 shocks,True,189.0,2226.0,2226.0,2004.7,1929.3,897.7,2226.0,897.7
47,520,1283,0 shocks,True,189.0,2245.0,2245.0,2028.8,1963.1,917.7,2245.0,917.7
47,540,1283,0 shocks,True,189.0,2257.0,2257.0,2052.9,1980.5,937.7,2257.0,937.7
47,560,1283,0 shocks,True,189.0,2257.0,2257.0,2076.8,1998.5,957.7,2257.0,957.7
47,580,1283,0 shocks,True,189.0,2308.0,2308.0,2100.5,2013.3,977.7,2308.0,977.7
47,600,1283,0 shocks,True,189.0,2282.5,2282.5,2124.2,2017.6,997.7,2282.5,997.7
47,620,1283,0 shocks,True,189.0,2314.0,2314.0,2147.7,2031.8,1017.7,2314.0,1017.7
47,640,1283,0 shocks,True,189.0,2314.0,2314.0,2171.2,2053.7,1037.7,2314.0,1037.7
47,660,1283,0 shocks,True,189.0,2320.0,2320.0,2194.5,2075.8,1057.7,2320.0,1057.7
47,680,1283,0 shocks,True,189.0,2341.0,2341.0,2217.8,2080.7,1077.7,2341.0,1077.7
47,700,1283,0 shocks,True,189.0,2362.0,2362.0,2240.9,2104.5,1097.7,2362.0,1097.7
47,720,1283,0 shocks,True,189.0,2362.0,2362.0,2264.0,2120.9,1117.7,2362.0,1117.7
47,740,1283,0 shocks,True,189.0,2383.0,2383.0,2287.0,2140.9,1137.7,2383.0,1137.7
47,760,1283,0 shocks,True,189.0,2413.0,2413.0,2309.9,2160.9,1157.7,2413.0,1157.7
47,780,1283,0 shocks,True,189.0,2404.0,2404.0,2332.8,2180.9,1177.7,2404.0,1177.7
47,800,1283,0 shocks,True,189.0,2404.0,2404.0,2355.5,2200.9,1196.7,2404.0,1196.7
47,820,1283,0 shocks,True,189.0,2413.5,2413.5,2378.3,2220.9,1214.3,2413.5,1214.3
47,840,1283,1 shock,True,180.0,2226.0,2226.0,1529.5,2026.7,1211.0,2026.7,2026.7
47,860,1283,1 shock,True,180.0,2233.0,2233.0,1754.6,2046.7,1229.5,2046.7,2046.7
47,880,1283,1 shock,True,180.0,2233.0,2233.0,1863.3,2145.2,1248.4,2145.2,2145.2
47,900,1283,2 shocks,True,162.0,2233.0,1832.4,1289.3,1430.0,1173.5,1430.0,1430.0
47,920,1283,2 shocks,True,154.0,2233.0,1780.0,1342.7,1437.1,1193.5,1437.1,1437.1
47,940,1283,3-4 shocks,True,154.0,2233.0,1524.5,1330.6,1286.5,1146.4,1286.5,1286.5
47,960,1283,3-4 shocks,True,145.0,2233.0,1499.0,1320.4,1365.7,1191.0,1365.7,1365.7
47,980,1283,3-4 shocks,True,132.0,2233.0,1442.7,1295.6,1385.6,1211.0,1385.6,1385.6
47,1000,1283,5+ shocks,True,132.0,2233.0,1427.9,1313.1,1286.7,1180.2,1286.7,1286.7
47,1020,1283,5+ shocks,True,123.0,2233.0,1432.0,1338.1,1307.8,1215.1,1307.8,1307.8
47,1040,1283,5+ shocks,True,123.0,2233.0,1432.0,1363.2,1328.3,1235.1,1328.3,1328.3
47,1060,1283,5+ shocks,True,105.0,2245.0,1388.2,1324.9,1273.4,1208.5,1273.4,1273.4
47,1080,1283,5+ shocks,True,105.0,2245.0,1388.2,1347.5,1294.1,1229.5,1294.1,1294.1
47,1100,1283,5+ shocks,False,90.0,2245.0,1384.8,1353.5,1293.5,1237.0,1293.5,1293.5
47,1120,1283,5+ shocks,False,76.0,2257.0,1327.4,1336.1,1278.4,1232.7,1278.4,1278.4
47,1140,1283,5+ shocks,False,76.0,2282.5,1346.6,1323.4,1298.0,1252.1,1298.0,1298.0
47,1160,1283,5+ shocks,False,60.0,2282.5,1315.0,1306.2,1311.6,1265.5,1311.6,1311.6
47,1180,1283,5+ shocks,False,60.0,2282.5,1315.0,1328.2,1331.6,1285.5,1331.6,1331.6
47,1200,1283,5+ shocks,False,49.0,2282.5,1313.3,1321.4,1320.8,1286.9,1320.8,1320.8
47,1220,1283,5+ shocks,False,33.0,2282.5,1249.7,1287.5,1298.0,1289.5,1298.0,1298.0
47,1240,1283,5+ shocks,False,33.0,2282.5,1274.3,1298.9,1318.2,1310.1,1318.2,1318.2
47,1260,1283,5+ shocks,False,15.0,2282.5,1268.3,1284.8,1322.7,1321.6,1322.7,1322.7
48,100,1502,0 shocks,True,189.0,2197.0,2197.0,1420.8,1482.5,1437.1,2197.0,1437.1
48,120,1502,0 shocks,True,189.0,2197.0,2197.0,1457.1,1502.5,1457.1,2197.0,1457.1
48,140,1502,0 shocks,True,189.0,2197.0,2197.0,1491.1,1522.5,1477.1,2197.0,1477.1
48,160,1502,0 shocks,True,189.0,2197.0,2197.0,1523.3,1541.5,1497.1,2197.0,1497.1
48,180,1502,0 shocks,True,189.0,2197.0,2197.0,1554.1,1559.3,1517.1,2197.0,1517.1
48,200,1502,0 shocks,True,189.0,2197.0,2197.0,1583.9,1579.8,1537.1,2197.0,1537.1
48,220,1502,0 shocks,True,189.0,2197.0,2197.0,1612.8,1606.4,1557.1,2197.0,1557.1
48,240,1502,0 shocks,True,189.0,2208.0,2208.0,1641.0,1632.8,1577.1,2208.0,1577.1
48,260,1502,0 shocks,True,189.0,2208.0,2208.0,1668.5,1650.1,1597.1,2208.0,1597.1
48,280,1502,0 shocks,True,189.0,2208.0,2208.0,1695.6,1663.6,1617.1,2208.0,1617.1
48,300,1502,0 shocks,True,189.0,2208.0,2208.0,1722.2,1680.7,1635.8,2208.0,1635.8
48,320,1502,0 shocks,True,189.0,2208.0,2208.0,1748.4,1700.7,1648.1,2208.0,1648.1
48,340,1502,0 shocks,True,189.0,2208.0,2208.0,1774.2,1717.5,1648.2,2208.0,1648.2
48,360,1502,0 shocks,True,188.0,2208.0,2208.0,1799.7,1799.0,1649.1,2208.0,1649.1
48,380,1502,0 shocks,True,188.0,2219.0,2219.0,1825.0,1816.3,1655.0,2219.0,1655.0
48,400,1502,0 shocks,True,188.0,2219.0,2219.0,1850.0,1827.6,1652.0,2219.0,1652.0
48,420,1502,0 shocks,True,188.0,2219.0,2219.0,1874.7,1842.2,1648.7,2219.0,1648.7
48,440,1502,0 shocks,True,188.0,2219.0,2219.0,1899.3,1857.6,1652.3,2219.0,1652.3
48,460,1502,0 shocks,True,188.0,2219.0,2219.0,1923.7,1877.6,1661.2,2219.0,1661.2
48,480,1502,0 shocks,True,188.0,2219.0,2219.0,1947.9,1895.5,1666.4,2219.0,1666.4
48,500,1502,0 shocks,True,188.0,2226.0,2226.0,1971.9,1906.1,1672.5,2226.0,1672.5
48,520,1502,0 shocks,True,188.0,2245.0,2245.0,1995.8,1928.2,1672.2,2245.0,1672.2
48,540,1502,0 shocks,True,188.0,2257.0,2257.0,2019.6,1938.1,1683.5,2257.0,1683.5
48,560,1502,0 shocks,True,188.0,2257.0,2257.0,2043.2,1961.9,1703.5,2257.0,1703.5
48,580,1502,0 shocks,True,188.0,2308.0,2308.0,2066.7,1976.6,1723.5,2308.0,1723.5
48,600,1502,0 shocks,True,188.0,2282.5,2282.5,2090.1,1978.9,1743.5,2282.5,1743.5
48,620,1502,0 shocks,True,189.0,2314.0,2314.0,2113.4,1952.0,1763.5,2314.0,1763.5
48,640,1502,0 shocks,True,188.0,2314.0,2314.0,2136.6,1997.6,1783.5,2314.0,1783.5
48,660,1502,0 shocks,True,188.0,2320.0,2320.0,2159.7,2016.1,1803.5,2320.0,1803.5
48,680,1502,0 shocks,True,188.0,2341.0,2341.0,2182.7,2025.5,1823.5,2341.0,1823.5
48,700,1502,0 shocks,True,179.0,2341.0,2341.0,2205.6,1995.7,1839.3,2341.0,1839.3
48,720,1502,1 shock,True,178.0,2219.0,2219.0,1381.1,1504.8,1578.7,1504.8,1504.8
48,740,1502,1 shock,True,180.0,2226.0,2226.0,1552.7,1566.1,1596.6,1566.1,1566.1
48,760,1502,1 shock,True,180.0,2226.0,2226.0,1629.4,1683.9,1616.5,1683.9,1683.9
48,780,1502,2 shocks,True,174.0,2226.0,1865.2,1480.0,1531.4,1672.7,1531.4,1531.4
48,800,1502,2 shocks,True,173.0,2226.0,1858.1,1542.9,1556.3,1684.3,1556.3,1556.3
48,820,1502,2 shocks,True,174.0,2226.0,1865.2,1581.0,1590.2,1697.0,1590.2,1590.2
48,840,1502,3-4 shocks,True,165.0,2226.0,1847.0,1614.8,1576.0,1691.9,1576.0,1576.0
48,860,1502,3-4 shocks,True,165.0,2233.0,1847.0,1690.3,1598.4,1697.6,1598.4,1598.4
48,880,1502,3-4 shocks,True,156.0,2233.0,1784.0,1630.8,1606.4,1709.0,1606.4,1606.4
48,900,1502,3-4 shocks,True,156.0,2233.0,1810.6,1556.0,1617.2,1705.0,1617.2,1617.2
48,920,1502,3-4 shocks,True,156.0,2233.0,1810.6,1617.5,1662.5,1739.4,1662.5,1662.5
48,940,1502,3-4 shocks,True,156.0,2233.0,1810.6,1662.6,1693.6,1762.6,1693.6,1693.6
48,960,1502,5+ shocks,True,153.0,2233.0,1851.2,1669.9,1758.4,1808.1,1758.4,1758.4
48,980,1502,5+ shocks,True,153.0,2233.0,1851.2,1696.3,1778.4,1822.0,1778.4,1778.4
48,1000,1502,5+ shocks,True,153.0,2233.0,1851.2,1720.0,1805.8,1841.7,1805.8,1805.8
48,1020,1502,5+ shocks,True,150.0,2233.0,1888.0,1712.0,1830.1,1857.8,1830.1,1830.1
48,1040,1502,5+ shocks,True,150.0,2233.0,1888.0,1738.2,1850.1,1875.1,1850.1,1850.1
48,1060,1502,5+ shocks,True,145.0,2245.0,1885.7,1682.4,1846.1,1861.7,1846.1,1846.1
48,1080,1502,5+ shocks,True,133.0,2245.0,1806.6,1665.0,1867.4,1880.1,1867.4,1867.4
48,1100,1502,5+ shocks,True,133.0,2245.0,1769.4,1540.4,1741.7,1784.6,1741.7,1741.7
48,1120,1502,5+ shocks,True,120.0,2257.0,1688.9,1520.5,1540.9,1613.5,1540.9,1540.9
48,1140,1502,5+ shocks,True,111.0,2282.5,1632.3,1469.5,1524.5,1593.3,1524.5,1524.5
48,1160,1502,5+ shocks,True,111.0,2282.5,1632.3,1495.9,1544.5,1613.3,1544.5,1544.5
48,1180,1502,5+ shocks,False,99.0,2282.5,1579.2,1480.3,1506.8,1547.6,1506.8,1506.8
48,1200,1502,5+ shocks,False,93.0,2282.5,1548.2,1485.0,1528.4,1561.1,1528.4,1528.4
48,1220,1502,5+ shocks,False,78.0,2282.5,1493.8,1457.2,1458.3,1486.0,1458.3,1458.3
48,1240,1502,5+ shocks,False,78.0,2282.5,1506.2,1450.8,1477.3,1496.3,1477.3,1477.3
48,1260,1502,5+ shocks,False,66.0,2282.5,1465.7,1432.1,1498.2,1516.3,1498.2,1498.2
48,1280,1502,5+ shocks,False,57.0,2308.0,1423.7,1426.8,1473.2,1479.9,1473.2,1473.2
48,1300,1502,5+ shocks,False,57.0,2314.0,1453.9,1455.5,1492.3,1500.8,1492.3,1492.3
48,1320,1502,5+ shocks,False,57.0,2341.0,1453.9,1476.8,1513.9,1520.8,1513.9,1513.9
48,1340,1502,5+ shocks,False,48.0,2341.0,1464.3,1417.2,1498.2,1510.9,1498.2,1498.2
48,1360,1502,5+ shocks,False,43.0,2341.0,1442.2,1427.7,1485.4,1492.7,1485.4,1485.4
48,1380,1502,5+ shocks,False,43.0,2341.0,1463.7,1473.2,1500.0,1508.9,1500.0,1500.0
48,1400,1502,5+ shocks,False,33.0,2341.0,1449.7,1463.4,1489.6,1496.2,1489.6,1489.6
48,1420,1502,5+ shocks,False,27.0,2341.0,1449.5,1458.1,1497.4,1502.8,1497.4,1497.4
48,1440,1502,5+ shocks,False,15.0,2341.0,1441.0,1464.6,1504.6,1506.0,1504.6,1504.6
48,1460,1502,5+ shocks,False,15.0,2362.0,1461.0,1483.6,1523.4,1524.7,1523.4,1523.4
48,1480,1502,5+ shocks,False,13.0,2362.0,1481.0,1503.8,1543.7,1544.7,1543.7,1543.7
