1;2835
1;2835
1;2834
1;2834
1;2833
1;2833
1;2832
1;2832
1;2831
1;2831
1;2830
1;2830
1;2829
1;2829
1;2828
1;2828
1;2827
1;2827
1;2826
1;2826
1;2825
1;2825
1;2824
1;2824
1;2823
1;2823
1;2822
1;2822
1;2821
1;2821
1;2820
1;2820
1;2819
1;2819
1;2818
1;2818
1;2817
1;2817
1;2816
1;2816
1;2815
1;2815
1;2814
1;2814
1;2813
1;2813
1;2812
1;2812
1;2811
1;2811
1;2810
1;2810
1;2809
1;2809
1;2808
1;2808
1;2807
1;2807
1;2806
1;2806
1;2805
1;2805
1;2804
1;2804
1;2803
1;2803
1;2802
1;2802
1;2801
1;2801
1;2800
1;2800
1;2799
1;2799
1;2798
1;2798
1;2797
1;2797
1;2796
1;2796
1;2795
1;2795
1;2794
1;2794
1;2793
1;2793
1;2792
1;2792
1;2791
1;2791
1;2790
1;2790
1;2789
1;2789
1;2788
1;2788
1;2787
1;2787
1;2786
1;2786
1;2785
1;2785
1;2784
1;2784
1;2783
1;2783
1;2782
1;2782
1;2781
1;2781
1;2780
1;2780
1;2779
1;2779
1;2778
1;2778
1;2777
1;2777
1;2776
1;2776
1;2775
1;2775
1;2774
1;2774
1;2773
1;2773
1;2772
1;2772
1;2771
1;2771
1;2770
1;2770
1;2769
1;2769
1;2768
1;2768
1;2767
1;2767
1;2766
1;2766
1;2765
1;2765
1;2764
1;2764
1;2763
1;2763
1;2762
1;2762
1;2761
1;2761
1;2760
1;2760
1;2759
1;2759
1;2758
1;2758
1;2757
1;2757
1;2756
1;2756
1;2755
1;2755
1;2754
1;2754
1;2753
1;2753
1;2752
1;2752
1;2751
1;2751
1;2750
1;2750
1;2749
1;2749
1;2748
1;2748
1;2747
1;2747
1;2746
1;2746
1;2745
1;2745
1;2744
1;2744
1;2743
1;2743
1;2742
1;2742
1;2741
1;2741
1;2740
1;2740
1;2739
1;2739
1;2738
1;2738
1;2737
1;2737
1;2736
1;2736
1;2735
1;2735
1;2734
1;2734
1;2733
1;2733
1;2732
1;2732
1;2731
1;2731
1;2730
1;2730
1;2729
1;2729
1;2728
1;2728
1;2727
1;2727
1;2726
1;2726
1;2725
1;2725
1;2724
1;2724
1;2723
1;2723
1;2722
1;2722
1;2721
1;2721
1;2720
1;2720
1;2719
1;2719
1;2718
1;2718
1;2717
1;2717
1;2716
1;2716
1;2715
1;2715
1;2714
1;2714
1;2713
1;2713
1;2712
1;2712
1;2711
1;2711
1;2710
1;2710
1;2709
1;2709
1;2708
1;2708
1;2707
1;2707
1;2706
1;2706
1;2705
1;2705
1;2704
1;2704
1;2703
1;2703
1;2702
1;2702
1;2701
1;2701
1;2700
1;2700
1;2699
1;2699
1;2698
1;2698
1;2697
1;2697
1;2696
1;2696
1;2695
1;2695
1;2694
1;2694
1;2693
1;2693
1;2692
1;2692
1;2691
1;2691
1;2690
1;2690
1;2689
1;2689
1;2688
1;2688
1;2687
1;2687
1;2686
1;2686
1;2685
1;2685
1;2684
1;2684
1;2683
1;2683
1;2682
1;2682
1;2681
1;2681
1;2680
1;2680
1;2679
1;2679
1;2678
1;2678
1;2677
1;2677
1;2676
1;2676
1;2675
1;2675
1;2674
1;2674
1;2673
1;2673
1;2672
1;2672
1;2671
1;2671
1;2670
1;2670
1;2669
1;2669
1;2668
1;2668
1;2667
1;2667
1;2666
1;2666
1;2665
1;2665
1;2664
1;2664
1;2663
1;2663
1;2662
1;2662
1;2661
1;2661
1;2660
1;2660
1;2659
1;2659
1;2658
1;2658
1;2657
1;2657
1;2656
1;2656
1;2655
1;2655
1;2654
1;2654
1;2653
1;2653
1;2652
1;2652
1;2651
1;2651
1;2650
1;2650
1;2649
1;2649
1;2648
1;2648
1;2647
1;2647
1;2646
1;2646
1;2645
1;2645
1;2644
1;2644
1;2643
1;2643
1;2642
1;2642
1;2641
1;2641
1;2640
1;2640
1;2639
1;2639
1;2638
1;2638
1;2637
1;2637
1;2636
1;2636
1;2635
1;2635
1;2634
1;2634
1;2633
1;2633
1;2632
1;2632
1;2631
1;2631
1;2630
1;2630
1;2629
1;2629
1;2628
1;2628
1;2627
1;2627
1;2626
1;2626
1;2625
1;2625
1;2624
1;2624
1;2623
1;2623
1;2622
1;2622
1;2621
1;2621
1;2620
1;2620
1;2619
1;2619
1;2618
1;2618
1;2617
1;2617
1;2616
1;2616
1;2615
1;2615
1;2614
1;2614
1;2613
1;2613
1;2612
1;2612
1;2611
1;2611
1;2610
1;2610
1;2609
1;2609
1;2608
1;2608
1;2607
1;2607
1;2606
1;2606
1;2605
1;2605
1;2604
1;2604
1;2603
1;2603
1;2602
1;2602
1;2601
1;2601
1;2600
1;2600
1;2599
1;2599
1;2598
1;2598
1;2597
1;2597
1;2596
1;2596
1;2595
1;2595
1;2594
1;2594
1;2593
1;2593
1;2592
1;2592
1;2591
1;2591
1;2590
1;2590
1;2589
1;2589
1;2588
1;2588
1;2587
1;2587
1;2586
1;2586
1;2585
1;2585
1;2584
1;2584
1;2583
1;2583
1;2582
1;2582
1;2581
1;2581
1;2580
1;2580
1;2579
1;2579
1;2578
1;2578
1;2577
1;2577
1;2576
1;2576
1;2575
1;2575
1;2574
1;2574
1;2573
1;2573
1;2572
1;2572
1;2571
1;2571
1;2570
1;2570
1;2569
1;2569
1;2568
1;2568
1;2567
1;2567
1;2566
1;2566
1;2565
1;2565
1;2564
1;2564
1;2563
1;2563
1;2562
1;2562
1;2561
1;2561
1;2560
1;2560
1;2559
1;2559
1;2558
1;2558
1;2557
1;2557
1;2556
1;2556
1;2555
1;2555
1;2554
1;2554
1;2553
1;2553
1;2552
1;2552
1;2551
1;2551
1;2550
1;2550
1;2549
1;2549
1;2548
1;2548
1;2547
1;2547
1;2546
1;2546
1;2545
1;2545
1;2544
1;2544
1;2543
1;2543
1;2542
1;2542
1;2541
1;2541
1;2540
1;2540
1;2539
1;2539
1;2538
1;2538
1;2537
1;2537
1;2536
1;2536
1;2535
1;2535
1;2534
1;2534
1;2533
1;2533
1;2532
1;2532
1;2531
1;2531
1;2530
1;2530
1;2529
1;2529
1;2528
1;2528
1;2527
1;2527
1;2526
1;2526
1;2525
1;2525
1;2524
1;2524
1;2523
1;2523
1;2522
1;2522
1;2521
1;2521
1;2520
1;2520
1;2519
1;2519
1;2518
1;2518
1;2517
1;2517
1;2516
1;2516
1;2515
1;2515
1;2514
1;2514
1;2513
1;2513
1;2512
1;2512
1;2511
1;2511
1;2510
1;2510
1;2509
1;2509
1;2508
1;2508
1;2507
1;2507
1;2506
1;2506
1;2505
1;2505
1;2504
1;2504
1;2503
1;2503
1;2502
1;2502
1;2501
1;2501
1;2500
1;2500
1;2499
1;2499
1;2498
1;2498
1;2497
1;2497
1;2496
1;2496
1;2495
1;2495
1;2494
1;2494
1;2493
1;2493
1;2492
1;2492
1;2491
1;2491
1;2490
1;2490
1;2489
1;2489
1;2488
1;2488
1;2487
1;2487
1;2486
1;2486
1;2485
1;2485
1;2484
1;2484
1;2483
1;2483
1;2482
1;2482
1;2481
1;2481
1;2480
1;2480
1;2479
1;2479
1;2478
1;2478
1;2477
1;2477
1;2476
1;2476
1;2475
1;2475
1;2474
1;2474
1;2473
1;2473
1;2472
1;2472
1;2471
1;2471
1;2470
1;2470
1;2469
1;2469
1;2468
1;2468
1;2467
1;2467
1;2466
1;2466
1;2465
1;2465
1;2464
1;2464
1;2463
1;2463
1;2462
1;2462
1;2461
1;2461
1;2460
1;2460
1;2459
1;2459
1;2458
1;2458
1;2457
1;2457
1;2456
1;2456
1;2455
1;2455
1;2454
1;2454
1;2453
1;2453
1;2452
1;2452
1;2451
1;2451
1;2450
1;2450
1;2449
1;2449
1;2448
1;2448
1;2447
1;2447
1;2446
1;2446
1;2445
1;2445
1;2444
1;2444
1;2443
1;2443
1;2442
1;2442
1;2441
1;2441
1;2440
1;2440
1;2439
1;2439
1;2438
1;2438
1;2437
1;2437
1;2436
1;2436
1;2435
1;2435
1;2434
1;2434
1;2433
1;2433
1;2432
1;2432
1;2431
1;2431
1;2430
1;2430
1;2429
1;2429
1;2428
1;2428
1;2427
1;2427
1;2426
1;2426
1;2425
1;2425
1;2424
1;2424
1;2423
1;2423
1;2422
1;2422
1;2421
1;2421
1;2420
1;2420
1;2419
1;2419
1;2418
1;2418
1;2417
1;2417
1;2416
1;2416
1;2415
1;2415
1;2414
1;2414
1;2413
1;2413
1;2412
1;2412
1;2411
1;2411
1;2410
1;2410
1;2409
1;2409
1;2408
1;2408
1;2407
1;2407
1;2406
1;2406
1;2405
1;2405
1;2404
1;2404
1;2403
1;2403
1;2402
1;2402
1;2401
1;2401
1;2400
1;2400
1;2399
1;2399
1;2398
1;2398
1;2397
1;2397
1;2396
1;2396
1;2395
1;2395
1;2394
1;2394
1;2393
1;2393
1;2392
1;2392
1;2391
1;2391
1;2390
1;2390
1;2389
1;2389
1;2388
1;2388
1;2387
1;2387
1;2386
1;2386
1;2385
1;2385
1;2384
1;2384
1;2383
1;2383
1;2382
1;2382
1;2381
1;2381
1;2380
1;2380
1;2379
1;2379
1;2378
1;2378
1;2377
1;2377
1;2376
1;2376
1;2375
1;2375
1;2374
1;2374
1;2373
1;2373
1;2372
1;2372
1;2371
1;2371
1;2370
1;2370
1;2369
1;2369
1;2368
1;2368
1;2367
1;2367
1;2366
1;2366
1;2365
1;2365
1;2364
1;2364
1;2363
1;2363
1;2362
1;2362
1;2361
1;2361
1;2360
1;2360
1;2359
1;2359
1;2358
1;2358
1;2357
1;2357
1;2356
1;2356
1;2355
1;2355
1;2354
1;2354
1;2353
1;2353
1;2352
1;2352
1;2351
1;2351
1;2350
1;2350
1;2349
1;2349
1;2348
1;2348
1;2347
1;2347
1;2346
1;2346
1;2345
1;2345
1;2344
1;2344
1;2343
1;2343
1;2342
1;2342
1;2341
1;2341
1;2340
1;2340
1;2339
1;2339
1;2338
1;2338
1;2337
1;2337
1;2336
1;2336
1;2335
1;2335
1;2334
1;2334
1;2333
1;2333
1;2332
1;2332
1;2331
1;2331
1;2330
1;2330
1;2329
1;2329
1;2328
1;2328
1;2327
1;2327
1;2326
1;2326
1;2325
1;2325
1;2324
1;2324
1;2323
1;2323
1;2322
1;2322
1;2321
1;2321
1;2320
1;2320
1;2319
1;2319
1;2318
1;2318
1;2317
1;2317
1;2316
1;2316
1;2315
1;2315
1;2314
1;2314
1;2313
1;2313
1;2312
1;2312
1;2311
1;2311
1;2310
1;2310
1;2309
1;2309
1;2308
1;2308
1;2307
1;2307
1;2306
1;2306
1;2305
1;2305
1;2304
1;2304
1;2303
1;2303
1;2302
1;2302
1;2301
1;2301
1;2300
1;2300
1;2299
1;2299
1;2298
1;2298
1;2297
1;2297
1;2296
1;2296
1;2295
1;2295
1;2294
1;2294
1;2293
1;2293
1;2292
1;2292
1;2291
1;2291
1;2290
1;2290
1;2289
1;2289
1;2288
1;2288
1;2287
1;2287
1;2286
1;2286
1;2285
1;2285
1;2284
1;2284
1;2283
1;2283
1;2282
1;2282
1;2281
1;2281
1;2280
1;2280
1;2279
1;2279
1;2278
1;2278
1;2277
1;2277
1;2276
1;2276
1;2275
1;2275
1;2274
1;2274
1;2273
1;2273
1;2272
1;2272
1;2271
1;2271
1;2270
1;2270
1;2269
1;2269
1;2268
1;2268
1;2267
1;2267
1;2266
1;2266
1;2265
1;2265
1;2264
1;2264
1;2263
1;2263
1;2262
1;2262
1;2261
1;2261
1;2260
1;2260
1;2259
1;2259
1;2258
1;2258
1;2257
1;2257
1;2256
1;2256
1;2255
1;2255
1;2254
1;2254
1;2253
1;2253
1;2252
1;2252
1;2251
1;2251
1;2250
1;2250
1;2249
1;2249
1;2248
1;2248
1;2247
1;2247
1;2246
1;2246
1;2245
1;2245
1;2244
1;2244
1;2243
1;2243
1;2242
1;2242
1;2241
1;2241
1;2240
1;2240
1;2239
1;2239
1;2238
1;2238
1;2237
1;2237
1;2236
1;2236
1;2235
1;2235
1;2234
1;2234
1;2233
1;2233
1;2232
1;2232
1;2231
1;2231
1;2230
1;2230
1;2229
1;2229
1;2228
1;2228
1;2227
1;2227
1;2226
1;2226
1;2225
1;2225
1;2224
1;2224
1;2223
1;2223
1;2222
1;2222
1;2221
1;2221
1;2220
1;2220
1;2219
1;2219
1;2218
1;2218
1;2217
1;2217
1;2216
1;2216
1;2215
1;2215
1;2214
1;2214
1;2213
1;2213
1;2212
1;2212
1;2211
1;2211
1;2210
1;2210
1;2209
1;2209
1;2208
1;2208
1;2207
1;2207
1;2206
1;2206
1;2205
1;2205
1;2204
1;2204
1;2203
1;2203
1;2202
1;2202
1;2201
1;2201
1;2200
1;2200
1;2199
1;2199
1;2198
1;2198
1;2197
1;2197
1;2196
1;2196
1;2195
1;2195
1;2194
1;2194
1;2193
1;2193
1;2192
1;2192
1;2191
1;2191
1;2190
1;2190
1;2189
1;2189
1;2188
1;2188
1;2187
1;2187
1;2186
1;2186
1;2185
1;2185
1;2184
1;2184
1;2183
1;2183
1;2182
1;2182
1;2181
1;2181
1;2180
1;2180
1;2179
1;2179
1;2178
1;2178
1;2177
1;2177
1;2176
1;2176
1;2175
1;2175
1;2174
1;2174
1;2173
1;2173
1;2172
1;2172
1;2171
1;2171
1;2170
1;2170
1;2169
1;2169
1;2168
1;2168
1;2167
1;2167
1;2166
1;2166
1;2165
1;2165
1;2164
1;2164
1;2163
1;2163
1;2162
1;2162
1;2161
1;2161
1;2160
1;2160
1;2159
1;2159
1;2158
1;2158
1;2157
1;2157
1;2156
1;2156
1;2155
1;2155
1;2154
1;2154
1;2153
1;2153
1;2152
1;2152
1;2151
1;2151
1;2150
1;2150
1;2149
1;2149
1;2148
1;2148
1;2147
1;2147
1;2146
1;2146
1;2145
1;2145
1;2144
1;2144
1;2143
1;2143
1;2142
1;2142
1;2141
1;2141
1;2140
1;2140
1;2139
1;2139
1;2138
1;2138
1;2137
1;2137
1;2136
1;2136
1;2135
1;2135
1;2134
1;2134
1;2133
1;2133
1;2132
1;2132
1;2131
1;2131
1;2130
1;2130
1;2129
1;2129
1;2128
1;2128
1;2127
1;2127
1;2126
1;2126
1;2125
1;2125
1;2124
1;2124
1;2123
1;2123
1;2122
1;2122
1;2121
1;2121
1;2120
1;2120
1;2119
1;2119
1;2118
1;2118
1;2117
1;2117
1;2116
1;2116
1;2115
1;2115
1;2114
1;2114
1;2113
1;2113
1;2112
1;2112
1;2111
1;2111
1;2110
1;2110
1;2109
1;2109
1;2108
1;2108
1;2107
1;2107
1;2106
1;2106
1;2105
1;2105
1;2104
1;2104
1;2103
1;2103
1;2102
1;2102
1;2101
1;2101
1;2100
1;2100
1;2099
1;2099
1;2098
1;2098
1;2097
1;2097
1;2096
1;2096
1;2095
1;2095
1;2094
1;2094
1;2093
1;2093
1;2092
1;2092
1;2091
1;2091
1;2090
1;2090
1;2089
1;2089
1;2088
1;2088
1;2087
1;2087
1;2086
1;2086
1;2085
1;2085
1;2084
1;2084
1;2083
1;2083
1;2082
1;2082
1;2081
1;2081
1;2080
1;2080
1;2079
1;2079
1;2078
1;2078
1;2077
1;2077
1;2076
1;2076
1;2075
1;2075
1;2074
1;2074
1;2073
1;2073
1;2072
1;2072
1;2071
1;2071
1;2070
1;2070
1;2069
1;2069
1;2068
1;2068
1;2067
1;2067
1;2066
1;2066
1;2065
1;2065
1;2064
1;2064
1;2063
1;2063
1;2062
1;2062
1;2061
1;2061
1;2060
1;2060
1;2059
1;2059
1;2058
1;2058
1;2057
1;2057
1;2056
1;2056
1;2055
1;2055
1;2054
1;2054
1;2053
1;2053
1;2052
1;2052
1;2051
1;2051
1;2050
1;2050
1;2049
1;2049
1;2048
1;2048
1;2047
1;2047
1;2046
1;2046
1;2045
1;2045
1;2044
1;2044
1;2043
1;2043
1;2042
1;2042
1;2041
1;2041
1;2040
1;2040
1;2039
1;2039
1;2038
1;2038
1;2037
1;2037
1;2036
1;2036
1;2035
1;2035
1;2034
1;2034
1;2033
1;2033
1;2032
1;2032
1;2031
1;2031
1;2030
1;2030
1;2029
1;2029
1;2028
1;2028
1;2027
1;2027
1;2026
1;2026
1;2025
1;2025
1;2024
1;2024
1;2023
1;2023
1;2022
1;2022
1;2021
1;2021
1;2020
1;2020
1;2019
1;2019
1;2018
1;2018
1;2017
1;2017
1;2016
1;2016
1;2015
1;2015
1;2014
1;2014
1;2013
1;2013
1;2012
1;2012
1;2011
1;2011
1;2010
1;2010
1;2009
1;2009
1;2008
1;2008
1;2007
1;2007
1;2006
1;2006
1;2005
1;2005
1;2004
1;2004
1;2003
1;2003
1;2002
1;2002
1;2001
1;2001
1;2000
1;2000
1;1999
1;1999
1;1998
1;1998
1;1997
1;1997
1;1996
1;1996
1;1995
1;1995
1;1994
1;1994
1;1993
1;1993
1;1992
1;1992
1;1991
1;1991
1;1990
1;1990
1;1989
1;1989
1;1988
1;1988
1;1987
1;1987
1;1986
1;1986
1;1985
1;1985
1;1984
1;1984
1;1983
1;1983
1;1982
1;1982
1;1981
1;1981
1;1980
1;1980
1;1979
1;1979
1;1978
1;1978
1;1977
1;1977
1;1976
1;1976
1;1975
1;1975
1;1974
1;1974
1;1973
1;1973
1;1972
1;1972
1;1971
1;1971
1;1970
1;1970
1;1969
1;1969
1;1968
1;1968
1;1967
1;1967
1;1966
1;1966
1;1965
1;1965
1;1964
1;1964
1;1963
1;1963
1;1962
1;1962
1;1961
1;1961
1;1960
1;1960
1;1959
1;1959
1;1958
1;1958
1;1957
1;1957
1;1956
1;1956
1;1955
1;1955
1;1954
1;1954
1;1953
1;1953
1;1952
1;1952
1;1951
1;1951
1;1950
1;1950
1;1949
1;1949
1;1948
1;1948
1;1947
1;1947
1;1946
1;1946
1;1945
1;1945
1;1944
1;1944
1;1943
1;1943
1;1942
1;1942
1;1941
1;1941
1;1940
1;1940
1;1939
1;1939
1;1938
1;1938
1;1937
1;1937
1;1936
1;1936
1;1935
1;1935
1;1934
1;1934
1;1933
1;1933
1;1932
1;1932
1;1931
1;1931
1;1930
1;1930
1;1929
1;1929
1;1928
1;1928
1;1927
1;1927
1;1926
1;1926
1;1925
1;1925
1;1924
1;1924
1;1923
1;1923
1;1922
1;1922
1;1921
1;1921
1;1920
1;1920
1;1919
1;1919
1;1918
1;1918
1;1917
1;1917
1;1916
1;1916
1;1915
1;1915
1;1914
1;1914
1;1913
1;1913
1;1912
1;1912
1;1911
1;1911
1;1910
1;1910
1;1909
1;1909
1;1908
1;1908
1;1907
1;1907
1;1906
1;1906
1;1905
1;1905
1;1904
1;1904
1;1903
1;1903
1;1902
1;1902
1;1901
1;1901
1;1900
1;1900
1;1899
1;1899
1;1898
1;1898
1;1897
1;1897
1;1896
1;1896
1;1895
1;1895
1;1894
1;1894
1;1893
1;1893
1;1892
1;1892
1;1891
1;1891
1;1890
1;1890
1;1889
1;1889
1;1888
1;1888
1;1887
1;1887
1;1886
1;1886
1;1885
1;1885
1;1884
1;1884
1;1883
1;1883
1;1882
1;1882
1;1881
1;1881
1;1880
1;1880
1;1879
1;1879
1;1878
1;1878
1;1877
1;1877
1;1876
1;1876
1;1875
1;1875
1;1874
1;1874
1;1873
1;1873
1;1872
1;1872
1;1871
1;1871
1;1870
1;1870
1;1869
1;1869
1;1868
1;1868
1;1867
1;1867
1;1866
1;1866
1;1865
1;1865
1;1864
1;1864
1;1863
1;1863
1;1862
1;1862
1;1861
1;1861
1;1860
1;1860
1;1859
1;1859
1;1858
1;1858
1;1857
1;1857
1;1856
1;1856
1;1855
1;1855
1;1854
1;1854
1;1853
1;1853
1;1852
1;1852
1;1851
1;1851
1;1850
1;1850
1;1849
1;1849
1;1848
1;1848
1;1847
1;1847
1;1846
1;1846
1;1845
1;1845
1;1844
1;1844
1;1843
1;1843
1;1842
1;1842
1;1841
1;1841
1;1840
1;1840
1;1839
1;1839
1;1838
1;1838
1;1837
1;1837
1;1836
1;1836
1;1835
1;1835
1;1834
1;1834
1;1833
1;1833
1;1832
1;1832
1;1831
1;1831
1;1830
1;1830
1;1829
1;1829
1;1828
1;1828
1;1827
1;1827
1;1826
1;1826
1;1825
1;1825
1;1824
1;1824
1;1823
1;1823
1;1822
1;1822
1;1821
1;1821
1;1820
1;1820
1;1819
1;1819
1;1818
1;1818
1;1817
1;1817
1;1816
1;1816
1;1815
1;1815
1;1814
1;1814
1;1813
1;1813
1;1812
1;1812
1;1811
1;1811
1;1810
1;1810
1;1809
1;1809
1;1808
1;1808
1;1807
1;1807
1;1806
1;1806
1;1805
1;1805
1;1804
1;1804
1;1803
1;1803
1;1802
1;1802
1;1801
1;1801
1;1800
1;1800
1;1799
1;1799
1;1798
1;1798
1;1797
1;1797
1;1796
1;1796
1;1795
1;1795
1;1794
1;1794
1;1793
1;1793
1;1792
1;1792
1;1791
1;1791
1;1790
1;1790
1;1789
1;1789
1;1788
1;1788
1;1787
1;1787
1;1786
1;1786
1;1785
1;1785
1;1784
1;1784
1;1783
1;1783
1;1782
1;1782
1;1781
1;1781
1;1780
1;1780
1;1779
1;1779
1;1778
1;1778
1;1777
1;1777
1;1776
1;1776
1;1775
1;1775
1;1774
1;1774
1;1773
1;1773
1;1772
1;1772
1;1771
1;1771
1;1770
1;1770
1;1769
1;1769
1;1768
1;1768
1;1767
1;1767
1;1766
1;1766
1;1765
1;1765
1;1764
1;1764
1;1763
1;1763
1;1762
1;1762
1;1761
1;1761
1;1760
1;1760
1;1759
1;1759
1;1758
1;1758
1;1757
1;1757
1;1756
1;1756
1;1755
1;1755
1;1754
1;1754
1;1753
1;1753
1;1752
1;1752
1;1751
1;1751
1;1750
1;1750
1;1749
1;1749
1;1748
1;1748
1;1747
1;1747
1;1746
1;1746
1;1745
1;1745
1;1744
1;1744
1;1743
1;1743
1;1742
1;1742
1;1741
1;1741
1;1740
1;1740
1;1739
1;1739
1;1738
1;1738
1;1737
1;1737
1;1736
1;1736
1;1735
1;1735
1;1734
1;1734
1;1733
1;1733
1;1732
1;1732
1;1731
1;1731
1;1730
1;1730
1;1729
1;1729
1;1728
1;1728
1;1727
1;1727
1;1726
1;1726
1;1725
1;1725
1;1724
1;1724
1;1723
1;1723
1;1722
1;1722
1;1721
1;1721
1;1720
1;1720
1;1719
1;1719
1;1718
1;1718
1;1717
1;1717
1;1716
1;1716
1;1715
1;1715
1;1714
1;1714
1;1713
1;1713
1;1712
1;1712
1;1711
1;1711
1;1710
1;1710
1;1709
1;1709
1;1708
1;1708
1;1707
1;1707
1;1706
1;1706
1;1705
1;1705
1;1704
1;1704
1;1703
1;1703
1;1702
1;1702
1;1701
1;1701
1;1700
1;1700
1;1699
1;1699
1;1698
1;1698
1;1697
1;1697
1;1696
1;1696
1;1695
1;1695
1;1694
1;1694
1;1693
1;1693
1;1692
1;1692
1;1691
1;1691
1;1690
1;1690
1;1689
1;1689
1;1688
1;1688
1;1687
1;1687
1;1686
1;1686
1;1685
1;1685
1;1684
1;1684
1;1683
1;1683
1;1682
1;1682
1;1681
1;1681
1;1680
1;1680
1;1679
1;1679
1;1678
1;1678
1;1677
1;1677
1;1676
1;1676
1;1675
1;1675
1;1674
1;1674
1;1673
1;1673
1;1672
1;1672
1;1671
1;1671
1;1670
1;1670
1;1669
1;1669
1;1668
1;1668
1;1667
1;1667
1;1666
1;1666
1;1665
1;1665
1;1664
1;1664
1;1663
1;1663
1;1662
1;1662
1;1661
1;1661
1;1660
1;1660
1;1659
1;1659
1;1658
1;1658
1;1657
1;1657
1;1656
1;1656
1;1655
1;1655
1;1654
1;1654
1;1653
1;1653
1;1652
1;1652
1;1651
1;1651
1;1650
1;1650
1;1649
1;1649
1;1648
1;1648
1;1647
1;1647
1;1646
1;1646
1;1645
1;1645
1;1644
1;1644
1;1643
1;1643
1;1642
1;1642
1;1641
1;1641
1;1640
1;1640
1;1639
1;1639
1;1638
1;1638
1;1637
1;1637
1;1636
1;1636
1;1635
1;1635
1;1634
1;1634
1;1633
1;1633
1;1632
1;1632
1;1631
1;1631
1;1630
1;1630
1;1629
1;1629
1;1628
1;1628
1;1627
1;1627
1;1626
1;1626
1;1625
1;1625
1;1624
1;1624
1;1623
1;1623
1;1622
1;1622
1;1621
1;1621
1;1620
1;1620
1;1619
1;1619
1;1618
1;1618
1;1617
1;1617
1;1616
1;1616
1;1615
1;1615
1;1614
1;1614
1;1613
1;1613
1;1612
1;1612
1;1611
1;1611
1;1610
1;1610
1;1609
1;1609
1;1608
1;1608
1;1607
1;1607
1;1606
1;1606
1;1605
1;1605
1;1604
1;1604
1;1603
1;1603
1;1602
1;1602
1;1601
1;1601
1;1600
1;1600
1;1599
1;1599
1;1598
1;1598
1;1597
1;1597
1;1596
1;1596
1;1595
1;1595
1;1594
1;1594
1;1593
1;1593
1;1592
1;1592
1;1591
1;1591
1;1590
1;1590
1;1589
1;1589
1;1588
1;1588
1;1587
1;1587
1;1586
1;1586
1;1585
1;1585
1;1584
1;1584
1;1583
1;1583
1;1582
1;1582
1;1581
1;1581
1;1580
1;1580
1;1579
1;1579
1;1578
1;1578
1;1577
1;1577
1;1576
1;1576
1;1575
1;1575
1;1574
1;1574
1;1573
1;1573
1;1572
1;1572
1;1571
1;1571
1;1570
1;1570
1;1569
1;1569
1;1568
1;1568
1;1567
1;1567
1;1566
1;1566
1;1565
1;1565
1;1564
1;1564
1;1563
1;1563
1;1562
1;1562
1;1561
1;1561
1;1560
1;1560
1;1559
1;1559
1;1558
1;1558
1;1557
1;1557
1;1556
1;1556
1;1555
1;1555
1;1554
1;1554
1;1553
1;1553
1;1552
1;1552
1;1551
1;1551
1;1550
1;1550
1;1549
1;1549
1;1548
1;1548
1;1547
1;1547
1;1546
1;1546
1;1545
1;1545
1;1544
1;1544
1;1543
1;1543
1;1542
1;1542
1;1541
1;1541
1;1540
1;1540
1;1539
1;1539
1;1538
1;1538
1;1537
1;1537
1;1536
1;1536
1;1535
1;1535
1;1534
1;1534
1;1533
1;1533
1;1532
1;1532
1;1531
1;1531
1;1530
1;1530
1;1529
1;1529
1;1528
1;1528
1;1527
1;1527
1;1526
1;1526
1;1525
1;1525
1;1524
1;1524
1;1523
1;1523
1;1522
1;1522
1;1521
1;1521
1;1520
1;1520
1;1519
1;1519
1;1518
1;1518
1;1517
1;1517
1;1516
1;1516
1;1515
1;1515
1;1514
1;1514
1;1513
1;1513
1;1512
1;1512
1;1511
1;1511
1;1510
1;1510
1;1509
1;1509
1;1508
1;1508
1;1507
1;1507
1;1506
1;1506
1;1505
1;1505
1;1504
1;1504
1;1503
1;1503
1;1502
1;1502
1;1501
1;1501
1;1500
1;1500
1;1499
1;1499
1;1498
1;1498
1;1497
1;1497
1;1496
1;1496
1;1495
1;1495
1;1494
1;1494
1;1493
1;1493
1;1492
1;1492
1;1491
1;1491
1;1490
1;1490
1;1489
1;1489
1;1488
1;1488
1;1487
1;1487
1;1486
1;1486
1;1485
1;1485
1;1484
1;1484
1;1483
1;1483
1;1482
1;1482
1;1481
1;1481
1;1480
1;1480
1;1479
1;1479
1;1478
1;1478
1;1477
1;1477
1;1476
1;1476
1;1475
1;1475
1;1474
1;1474
1;1473
1;1473
1;1472
1;1472
1;1471
1;1471
1;1470
1;1470
1;1469
1;1469
1;1468
1;1468
1;1467
1;1467
1;1466
1;1466
1;1465
1;1465
1;1464
1;1464
1;1463
1;1463
1;1462
1;1462
1;1461
1;1461
1;1460
1;1460
1;1459
1;1459
1;1458
1;1458
1;1457
1;1457
1;1456
1;1456
1;1455
1;1455
1;1454
1;1454
1;1453
1;1453
1;1452
1;1452
1;1451
1;1451
1;1450
1;1450
1;1449
1;1449
1;1448
1;1448
1;1447
1;1447
1;1446
1;1446
1;1445
1;1445
1;1444
1;1444
1;1443
1;1443
1;1442
1;1442
1;1441
1;1441
1;1440
1;1440
1;1439
1;1439
1;1438
1;1438
1;1437
1;1437
1;1436
1;1436
1;1435
1;1435
1;1434
1;1434
1;1433
1;1433
1;1432
1;1432
1;1431
1;1431
1;1430
1;1430
1;1429
1;1429
1;1428
1;1428
1;1427
1;1427
1;1426
1;1426
1;1425
1;1425
1;1424
1;1424
1;1423
1;1423
1;1422
1;1422
1;1421
1;1421
1;1420
1;1420
1;1419
1;1419
1;1418
1;1418
1;1417
1;1417
1;1416
1;1416
1;1415
1;1415
1;1414
1;1414
1;1413
1;1413
1;1412
1;1412
1;1411
1;1411
1;1410
1;1410
1;1409
1;1409
1;1408
1;1408
1;1407
1;1407
1;1406
1;1406
1;1405
1;1405
1;1404
1;1404
1;1403
1;1403
1;1402
1;1402
1;1401
1;1401
1;1400
1;1400
1;1399
1;1399
1;1398
1;1398
1;1397
1;1397
1;1396
1;1396
1;1395
1;1395
1;1394
1;1394
1;1393
1;1393
1;1392
1;1392
1;1391
1;1391
1;1390
1;1390
1;1389
1;1389
1;1388
1;1388
1;1387
1;1387
1;1386
1;1386
1;1385
1;1385
1;1384
1;1384
1;1383
1;1383
1;1382
1;1382
1;1381
1;1381
1;1380
1;1380
1;1379
1;1379
1;1378
1;1378
1;1377
1;1377
1;1376
1;1376
1;1375
1;1375
1;1374
1;1374
1;1373
1;1373
1;1372
1;1372
1;1371
1;1371
1;1370
1;1370
1;1369
1;1369
1;1368
1;1368
1;1367
1;1367
1;1366
1;1366
1;1365
1;1365
1;1364
1;1364
1;1363
1;1363
1;1362
1;1362
1;1361
1;1361
1;1360
1;1360
1;1359
1;1359
1;1358
1;1358
1;1357
1;1357
1;1356
1;1356
1;1355
1;1355
1;1354
1;1354
1;1353
1;1353
1;1352
1;1352
1;1351
1;1351
1;1350
1;1350
1;1349
1;1349
1;1348
1;1348
1;1347
1;1347
1;1346
1;1346
1;1345
1;1345
1;1344
1;1344
1;1343
1;1343
1;1342
1;1342
1;1341
1;1341
1;1340
1;1340
1;1339
1;1339
1;1338
1;1338
1;1337
1;1337
1;1336
1;1336
1;1335
1;1335
1;1334
1;1334
1;1333
1;1333
1;1332
1;1332
1;1331
1;1331
1;1330
1;1330
1;1329
1;1329
1;1328
1;1328
1;1327
1;1327
1;1326
1;1326
1;1325
1;1325
1;1324
1;1324
1;1323
1;1323
1;1322
1;1322
1;1321
1;1321
1;1320
1;1320
1;1319
1;1319
1;1318
1;1318
1;1317
1;1317
1;1316
1;1316
1;1315
1;1315
1;1314
1;1314
1;1313
1;1313
1;1312
1;1312
1;1311
1;1311
1;1310
1;1310
1;1309
1;1309
1;1308
1;1308
1;1307
1;1307
1;1306
1;1306
1;1305
1;1305
1;1304
1;1304
1;1303
1;1303
1;1302
1;1302
1;1301
1;1301
1;1300
1;1300
1;1299
1;1299
1;1298
1;1298
1;1297
1;1297
1;1296
1;1296
1;1295
1;1295
1;1294
1;1294
1;1293
1;1293
1;1292
1;1292
1;1291
1;1291
1;1290
1;1290
1;1289
1;1289
1;1288
1;1288
1;1287
1;1287
1;1286
1;1286
1;1285
1;1285
1;1284
1;1284
1;1283
1;1283
1;1282
1;1282
1;1281
1;1281
1;1280
1;1280
1;1279
1;1279
1;1278
1;1278
1;1277
1;1277
1;1276
1;1276
1;1275
1;1275
1;1274
1;1274
1;1273
1;1273
1;1272
1;1272
1;1271
1;1271
1;1270
1;1270
1;1269
1;1269
1;1268
1;1268
1;1267
1;1267
1;1266
1;1266
1;1265
1;1265
1;1264
1;1264
1;1263
1;1263
1;1262
1;1262
1;1261
1;1261
1;1260
1;1260
1;1259
1;1259
1;1258
1;1258
1;1257
1;1257
1;1256
1;1256
1;1255
1;1255
1;1254
1;1254
1;1253
1;1253
1;1252
1;1252
1;1251
1;1251
1;1250
1;1250
1;1249
1;1249
1;1248
1;1248
1;1247
1;1247
1;1246
1;1246
1;1245
1;1245
1;1244
1;1244
1;1243
1;1243
1;1242
1;1242
1;1241
1;1241
1;1240
1;1240
1;1239
1;1239
1;1238
1;1238
1;1237
1;1237
1;1236
1;1236
1;1235
1;1235
1;1234
1;1234
1;1233
1;1233
1;1232
1;1232
1;1231
1;1231
1;1230
1;1230
1;1229
1;1229
1;1228
1;1228
1;1227
1;1227
1;1226
1;1226
1;1225
1;1225
1;1224
1;1224
1;1223
1;1223
1;1222
1;1222
1;1221
1;1221
1;1220
1;1220
1;1219
1;1219
1;1218
1;1218
1;1217
1;1217
1;1216
1;1216
1;1215
1;1215
1;1214
1;1214
1;1213
1;1213
1;1212
1;1212
1;1211
1;1211
1;1210
1;1210
1;1209
1;1209
1;1208
1;1208
1;1207
1;1207
1;1206
1;1206
1;1205
1;1205
1;1204
1;1204
1;1203
1;1203
1;1202
1;1202
1;1201
1;1201
1;1200
1;1200
1;1199
1;1199
1;1198
1;1198
1;1197
1;1197
1;1196
1;1196
1;1195
1;1195
1;1194
1;1194
1;1193
1;1193
1;1192
1;1192
1;1191
1;1191
1;1190
1;1190
1;1189
1;1189
1;1188
1;1188
1;1187
1;1187
1;1186
1;1186
1;1185
1;1185
1;1184
1;1184
1;1183
1;1183
1;1182
1;1182
1;1181
1;1181
1;1180
1;1180
1;1179
1;1179
1;1178
1;1178
1;1177
1;1177
1;1176
1;1176
1;1175
1;1175
1;1174
1;1174
1;1173
1;1173
1;1172
1;1172
1;1171
1;1171
1;1170
1;1170
1;1169
1;1169
1;1168
1;1168
1;1167
1;1167
1;1166
1;1166
1;1165
1;1165
1;1164
1;1164
1;1163
1;1163
1;1162
1;1162
1;1161
1;1161
1;1160
1;1160
1;1159
1;1159
1;1158
1;1158
1;1157
1;1157
1;1156
1;1156
1;1155
1;1155
1;1154
1;1154
1;1153
1;1153
1;1152
1;1152
1;1151
1;1151
1;1150
1;1150
1;1149
1;1149
1;1148
1;1148
1;1147
1;1147
1;1146
1;1146
1;1145
1;1145
1;1144
1;1144
1;1143
1;1143
1;1142
1;1142
1;1141
1;1141
1;1140
1;1140
1;1139
1;1139
1;1138
1;1138
1;1137
1;1137
1;1136
1;1136
1;1135
1;1135
1;1134
1;1134
1;1133
1;1133
1;1132
1;1132
1;1131
1;1131
1;1130
1;1130
1;1129
1;1129
1;1128
1;1128
1;1127
1;1127
1;1126
1;1126
1;1125
1;1125
1;1124
1;1124
1;1123
1;1123
1;1122
1;1122
1;1121
1;1121
1;1120
1;1120
1;1119
1;1119
1;1118
1;1118
1;1117
1;1117
1;1116
1;1116
1;1115
1;1115
1;1114
1;1114
1;1113
1;1113
1;1112
1;1112
1;1111
1;1111
1;1110
1;1110
1;1109
1;1109
1;1108
1;1108
1;1107
1;1107
1;1106
1;1106
1;1105
1;1105
1;1104
1;1104
1;1103
1;1103
1;1102
1;1102
1;1101
1;1101
1;1100
1;1100
1;1099
1;1099
1;1098
1;1098
1;1097
1;1097
1;1096
1;1096
1;1095
1;1095
1;1094
1;1094
1;1093
1;1093
1;1092
1;1092
1;1091
1;1091
1;1090
1;1090
1;1089
1;1089
1;1088
1;1088
1;1087
1;1087
1;1086
1;1086
1;1085
1;1085
1;1084
1;1084
1;1083
1;1083
1;1082
1;1082
1;1081
1;1081
1;1080
1;1080
1;1079
1;1079
1;1078
1;1078
1;1077
1;1077
1;1076
1;1076
1;1075
1;1075
1;1074
1;1074
1;1073
1;1073
1;1072
1;1072
1;1071
1;1071
1;1070
1;1070
1;1069
1;1069
1;1068
1;1068
1;1067
1;1067
1;1066
1;1066
1;1065
1;1065
1;1064
1;1064
1;1063
1;1063
1;1062
1;1062
1;1061
1;1061
1;1060
1;1060
1;1059
1;1059
1;1058
1;1058
1;1057
1;1057
1;1056
1;1056
1;1055
1;1055
1;1054
1;1054
1;1053
1;1053
1;1052
1;1052
1;1051
1;1051
1;1050
1;1050
1;1049
1;1049
1;1048
1;1048
1;1047
1;1047
1;1046
1;1046
1;1045
1;1045
1;1044
1;1044
1;1043
1;1043
1;1042
1;1042
1;1041
1;1041
1;1040
1;1040
1;1039
2;2581
2;2581
2;2580
2;2580
2;2579
2;2579
2;2578
2;2578
2;2577
2;2577
2;2576
2;2576
2;2575
2;2575
2;2574
2;2574
2;2573
2;2573
2;2572
2;2572
2;2571
2;2571
2;2570
2;2570
2;2569
2;2569
2;2568
2;2568
2;2567
2;2567
2;2566
2;2566
2;2565
2;2565
2;2564
2;2564
2;2563
2;2563
2;2562
2;2562
2;2561
2;2561
2;2560
2;2560
2;2559
2;2559
2;2558
2;2558
2;2557
2;2557
2;2556
2;2556
2;2555
2;2555
2;2554
2;2554
2;2553
2;2553
2;2552
2;2552
2;2551
2;2551
2;2550
2;2550
2;2549
2;2549
2;2548
2;2548
2;2547
2;2547
2;2546
2;2546
2;2545
2;2545
2;2544
2;2544
2;2543
2;2543
2;2542
2;2542
2;2541
2;2541
2;2540
2;2540
2;2539
2;2539
2;2538
2;2538
2;2537
2;2537
2;2536
2;2536
2;2535
2;2535
2;2534
2;2534
2;2533
2;2533
2;2532
2;2532
2;2531
2;2531
2;2530
2;2530
2;2529
2;2529
2;2528
2;2528
2;2527
2;2527
2;2526
2;2526
2;2525
2;2525
2;2524
2;2524
2;2523
2;2523
2;2522
2;2522
2;2521
2;2521
2;2520
2;2520
2;2519
2;2519
2;2518
2;2518
2;2517
2;2517
2;2516
2;2516
2;2515
2;2515
2;2514
2;2514
2;2513
2;2513
2;2512
2;2512
2;2511
2;2511
2;2510
2;2510
2;2509
2;2509
2;2508
2;2508
2;2507
2;2507
2;2506
2;2506
2;2505
2;2505
2;2504
2;2504
2;2503
2;2503
2;2502
2;2502
2;2501
2;2501
2;2500
2;2500
2;2499
2;2499
2;2498
2;2498
2;2497
2;2497
2;2496
2;2496
2;2495
2;2495
2;2494
2;2494
2;2493
2;2493
2;2492
2;2492
2;2491
2;2491
2;2490
2;2490
2;2489
2;2489
2;2488
2;2488
2;2487
2;2487
2;2486
2;2486
2;2485
2;2485
2;2484
2;2484
2;2483
2;2483
2;2482
2;2482
2;2481
2;2481
2;2480
2;2480
2;2479
2;2479
2;2478
2;2478
2;2477
2;2477
2;2476
2;2476
2;2475
2;2475
2;2474
2;2474
2;2473
2;2473
2;2472
2;2472
2;2471
2;2471
2;2470
2;2470
2;2469
2;2469
2;2468
2;2468
2;2467
2;2467
2;2466
2;2466
2;2465
2;2465
2;2464
2;2464
2;2463
2;2463
2;2462
2;2462
2;2461
2;2461
2;2460
2;2460
2;2459
2;2459
2;2458
2;2458
2;2457
2;2457
2;2456
2;2456
2;2455
2;2455
2;2454
2;2454
2;2453
2;2453
2;2452
2;2452
2;2451
2;2451
2;2450
2;2450
2;2449
2;2449
2;2448
2;2448
2;2447
2;2447
2;2446
2;2446
2;2445
2;2445
2;2444
2;2444
2;2443
2;2443
2;2442
2;2442
2;2441
2;2441
2;2440
2;2440
2;2439
2;2439
2;2438
2;2438
2;2437
2;2437
2;2436
2;2436
2;2435
2;2435
2;2434
2;2434
2;2433
2;2433
2;2432
2;2432
2;2431
2;2431
2;2430
2;2430
2;2429
2;2429
2;2428
2;2428
2;2427
2;2427
2;2426
2;2426
2;2425
2;2425
2;2424
2;2424
2;2423
2;2423
2;2422
2;2422
2;2421
2;2421
2;2420
2;2420
2;2419
2;2419
2;2418
2;2418
2;2417
2;2417
2;2416
2;2416
2;2415
2;2415
2;2414
2;2414
2;2413
2;2413
2;2412
2;2412
2;2411
2;2411
2;2410
2;2410
2;2409
2;2409
2;2408
2;2408
2;2407
2;2407
2;2406
2;2406
2;2405
2;2405
2;2404
2;2404
2;2403
2;2403
2;2402
2;2402
2;2401
2;2401
2;2400
2;2400
2;2399
2;2399
2;2398
2;2398
2;2397
2;2397
2;2396
2;2396
2;2395
2;2395
2;2394
2;2394
2;2393
2;2393
2;2392
2;2392
2;2391
2;2391
2;2390
2;2390
2;2389
2;2389
2;2388
2;2388
2;2387
2;2387
2;2386
2;2386
2;2385
2;2385
2;2384
2;2384
2;2383
2;2383
2;2382
2;2382
2;2381
2;2381
2;2380
2;2380
2;2379
2;2379
2;2378
2;2378
2;2377
2;2377
2;2376
2;2376
2;2375
2;2375
2;2374
2;2374
2;2373
2;2373
2;2372
2;2372
2;2371
2;2371
2;2370
2;2370
2;2369
2;2369
2;2368
2;2368
2;2367
2;2367
2;2366
2;2366
2;2365
2;2365
2;2364
2;2364
2;2363
2;2363
2;2362
2;2362
2;2361
2;2361
2;2360
2;2360
2;2359
2;2359
2;2358
2;2358
2;2357
2;2357
2;2356
2;2356
2;2355
2;2355
2;2354
2;2354
2;2353
2;2353
2;2352
2;2352
2;2351
2;2351
2;2350
2;2350
2;2349
2;2349
2;2348
2;2348
2;2347
2;2347
2;2346
2;2346
2;2345
2;2345
2;2344
2;2344
2;2343
2;2343
2;2342
2;2342
2;2341
2;2341
2;2340
2;2340
2;2339
2;2339
2;2338
2;2338
2;2337
2;2337
2;2336
2;2336
2;2335
2;2335
2;2334
2;2334
2;2333
2;2333
2;2332
2;2332
2;2331
2;2331
2;2330
2;2330
2;2329
2;2329
2;2328
2;2328
2;2327
2;2327
2;2326
2;2326
2;2325
2;2325
2;2324
2;2324
2;2323
2;2323
2;2322
2;2322
2;2321
2;2321
2;2320
2;2320
2;2319
2;2319
2;2318
2;2318
2;2317
2;2317
2;2316
2;2316
2;2315
2;2315
2;2314
2;2314
2;2313
2;2313
2;2312
2;2312
2;2311
2;2311
2;2310
2;2310
2;2309
2;2309
2;2308
2;2308
2;2307
2;2307
2;2306
2;2306
2;2305
2;2305
2;2304
2;2304
2;2303
2;2303
2;2302
2;2302
2;2301
2;2301
2;2300
2;2300
2;2299
2;2299
2;2298
2;2298
2;2297
2;2297
2;2296
2;2296
2;2295
2;2295
2;2294
2;2294
2;2293
2;2293
2;2292
2;2292
2;2291
2;2291
2;2290
2;2290
2;2289
2;2289
2;2288
2;2288
2;2287
2;2287
2;2286
2;2286
2;2285
2;2285
2;2284
2;2284
2;2283
2;2283
2;2282
2;2282
2;2281
2;2281
2;2280
2;2280
2;2279
2;2279
2;2278
2;2278
2;2277
2;2277
2;2276
2;2276
2;2275
2;2275
2;2274
2;2274
2;2273
2;2273
2;2272
2;2272
2;2271
2;2271
2;2270
2;2270
2;2269
2;2269
2;2268
2;2268
2;2267
2;2267
2;2266
2;2266
2;2265
2;2265
2;2264
2;2264
2;2263
2;2263
2;2262
2;2262
2;2261
2;2261
2;2260
2;2260
2;2259
2;2259
2;2258
2;2258
2;2257
2;2257
2;2256
2;2256
2;2255
2;2255
2;2254
2;2254
2;2253
2;2253
2;2252
2;2252
2;2251
2;2251
2;2250
2;2250
2;2249
2;2249
2;2248
2;2248
2;2247
2;2247
2;2246
2;2246
2;2245
2;2245
2;2244
2;2244
2;2243
2;2243
2;2242
2;2242
2;2241
2;2241
2;2240
2;2240
2;2239
2;2239
2;2238
2;2238
2;2237
2;2237
2;2236
2;2236
2;2235
2;2235
2;2234
2;2234
2;2233
2;2233
2;2232
2;2232
2;2231
2;2231
2;2230
2;2230
2;2229
2;2229
2;2228
2;2228
2;2227
2;2227
2;2226
2;2226
2;2225
2;2225
2;2224
2;2224
2;2223
2;2223
2;2222
2;2222
2;2221
2;2221
2;2220
2;2220
2;2219
2;2219
2;2218
2;2218
2;2217
2;2217
2;2216
2;2216
2;2215
2;2215
2;2214
2;2214
2;2213
2;2213
2;2212
2;2212
2;2211
2;2211
2;2210
2;2210
2;2209
2;2209
2;2208
2;2208
2;2207
2;2207
2;2206
2;2206
2;2205
2;2205
2;2204
2;2204
2;2203
2;2203
2;2202
2;2202
2;2201
2;2201
2;2200
2;2200
2;2199
2;2199
2;2198
2;2198
2;2197
2;2197
2;2196
2;2196
2;2195
2;2195
2;2194
2;2194
2;2193
2;2193
2;2192
2;2192
2;2191
2;2191
2;2190
2;2190
2;2189
2;2189
2;2188
2;2188
2;2187
2;2187
2;2186
2;2186
2;2185
2;2185
2;2184
2;2184
2;2183
2;2183
2;2182
2;2182
2;2181
2;2181
2;2180
2;2180
2;2179
2;2179
2;2178
2;2178
2;2177
2;2177
2;2176
2;2176
2;2175
2;2175
2;2174
2;2174
2;2173
2;2173
2;2172
2;2172
2;2171
2;2171
2;2170
2;2170
2;2169
2;2169
2;2168
2;2168
2;2167
2;2167
2;2166
2;2166
2;2165
2;2165
2;2164
2;2164
2;2163
2;2163
2;2162
2;2162
2;2161
2;2161
2;2160
2;2160
2;2159
2;2159
2;2158
2;2158
2;2157
2;2157
2;2156
2;2156
2;2155
2;2155
2;2154
2;2154
2;2153
2;2153
2;2152
2;2152
2;2151
2;2151
2;2150
2;2150
2;2149
2;2149
2;2148
2;2148
2;2147
2;2147
2;2146
2;2146
2;2145
2;2145
2;2144
2;2144
2;2143
2;2143
2;2142
2;2142
2;2141
2;2141
2;2140
2;2140
2;2139
2;2139
2;2138
2;2138
2;2137
2;2137
2;2136
2;2136
2;2135
2;2135
2;2134
2;2134
2;2133
2;2133
2;2132
2;2132
2;2131
2;2131
2;2130
2;2130
2;2129
2;2129
2;2128
2;2128
2;2127
2;2127
2;2126
2;2126
2;2125
2;2125
2;2124
2;2124
2;2123
2;2123
2;2122
2;2122
2;2121
2;2121
2;2120
2;2120
2;2119
2;2119
2;2118
2;2118
2;2117
2;2117
2;2116
2;2116
2;2115
2;2115
2;2114
2;2114
2;2113
2;2113
2;2112
2;2112
2;2111
2;2111
2;2110
2;2110
2;2109
2;2109
2;2108
2;2108
2;2107
2;2107
2;2106
2;2106
2;2105
2;2105
2;2104
2;2104
2;2103
2;2103
2;2102
2;2102
2;2101
2;2101
2;2100
2;2100
2;2099
2;2099
2;2098
2;2098
2;2097
2;2097
2;2096
2;2096
2;2095
2;2095
2;2094
2;2094
2;2093
2;2093
2;2092
2;2092
2;2091
2;2091
2;2090
2;2090
2;2089
2;2089
2;2088
2;2088
2;2087
2;2087
2;2086
2;2086
2;2085
2;2085
2;2084
2;2084
2;2083
2;2083
2;2082
2;2082
2;2081
2;2081
2;2080
2;2080
2;2079
2;2079
2;2078
2;2078
2;2077
2;2077
2;2076
2;2076
2;2075
2;2075
2;2074
2;2074
2;2073
2;2073
2;2072
2;2072
2;2071
2;2071
2;2070
2;2070
2;2069
2;2069
2;2068
2;2068
2;2067
2;2067
2;2066
2;2066
2;2065
2;2065
2;2064
2;2064
2;2063
2;2063
2;2062
2;2062
2;2061
2;2061
2;2060
2;2060
2;2059
2;2059
2;2058
2;2058
2;2057
2;2057
2;2056
2;2056
2;2055
2;2055
2;2054
2;2054
2;2053
2;2053
2;2052
2;2052
2;2051
2;2051
2;2050
2;2050
2;2049
2;2049
2;2048
2;2048
2;2047
2;2047
2;2046
2;2046
2;2045
2;2045
2;2044
2;2044
2;2043
2;2043
2;2042
2;2042
2;2041
2;2041
2;2040
2;2040
2;2039
2;2039
2;2038
2;2038
2;2037
2;2037
2;2036
2;2036
2;2035
2;2035
2;2034
2;2034
2;2033
2;2033
2;2032
2;2032
2;2031
2;2031
2;2030
2;2030
2;2029
2;2029
2;2028
2;2028
2;2027
2;2027
2;2026
2;2026
2;2025
2;2025
2;2024
2;2024
2;2023
2;2023
2;2022
2;2022
2;2021
2;2021
2;2020
2;2020
2;2019
2;2019
2;2018
2;2018
2;2017
2;2017
2;2016
2;2016
2;2015
2;2015
2;2014
2;2014
2;2013
2;2013
2;2012
2;2012
2;2011
2;2011
2;2010
2;2010
2;2009
2;2009
2;2008
2;2008
2;2007
2;2007
2;2006
2;2006
2;2005
2;2005
2;2004
2;2004
2;2003
2;2003
2;2002
2;2002
2;2001
2;2001
2;2000
2;2000
2;1999
2;1999
2;1998
2;1998
2;1997
2;1997
2;1996
2;1996
2;1995
2;1995
2;1994
2;1994
2;1993
2;1993
2;1992
2;1992
2;1991
2;1991
2;1990
2;1990
2;1989
2;1989
2;1988
2;1988
2;1987
2;1987
2;1986
2;1986
2;1985
2;1985
2;1984
2;1984
2;1983
2;1983
2;1982
2;1982
2;1981
2;1981
2;1980
2;1980
2;1979
2;1979
2;1978
2;1978
2;1977
2;1977
2;1976
2;1976
2;1975
2;1975
2;1974
2;1974
2;1973
2;1973
2;1972
2;1972
2;1971
2;1971
2;1970
2;1970
2;1969
2;1969
2;1968
2;1968
2;1967
2;1967
2;1966
2;1966
2;1965
2;1965
2;1964
2;1964
2;1963
2;1963
2;1962
2;1962
2;1961
2;1961
2;1960
2;1960
2;1959
2;1959
2;1958
2;1958
2;1957
2;1957
2;1956
2;1956
2;1955
2;1955
2;1954
2;1954
2;1953
2;1953
2;1952
2;1952
2;1951
2;1951
2;1950
2;1950
2;1949
2;1949
2;1948
2;1948
2;1947
2;1947
2;1946
2;1946
2;1945
2;1945
2;1944
2;1944
2;1943
2;1943
2;1942
2;1942
2;1941
2;1941
2;1940
2;1940
2;1939
2;1939
2;1938
2;1938
2;1937
2;1937
2;1936
2;1936
2;1935
2;1935
2;1934
2;1934
2;1933
2;1933
2;1932
2;1932
2;1931
2;1931
2;1930
2;1930
2;1929
2;1929
2;1928
2;1928
2;1927
2;1927
2;1926
2;1926
2;1925
2;1925
2;1924
2;1924
2;1923
2;1923
2;1922
2;1922
2;1921
2;1921
2;1920
2;1920
2;1919
2;1919
2;1918
2;1918
2;1917
2;1917
2;1916
2;1916
2;1915
2;1915
2;1914
2;1914
2;1913
2;1913
2;1912
2;1912
2;1911
2;1911
2;1910
2;1910
2;1909
2;1909
2;1908
2;1908
2;1907
2;1907
2;1906
2;1906
2;1905
2;1905
2;1904
2;1904
2;1903
2;1903
2;1902
2;1902
2;1901
2;1901
2;1900
2;1900
2;1899
2;1899
2;1898
2;1898
2;1897
2;1897
2;1896
2;1896
2;1895
2;1895
2;1894
2;1894
2;1893
2;1893
2;1892
2;1892
2;1891
2;1891
2;1890
2;1890
2;1889
2;1889
2;1888
2;1888
2;1887
2;1887
2;1886
2;1886
2;1885
2;1885
2;1884
2;1884
2;1883
2;1883
2;1882
2;1882
2;1881
2;1881
2;1880
2;1880
2;1879
2;1879
2;1878
2;1878
2;1877
2;1877
2;1876
2;1876
2;1875
2;1875
2;1874
2;1874
2;1873
2;1873
2;1872
2;1872
2;1871
2;1871
2;1870
2;1870
2;1869
2;1869
2;1868
2;1868
2;1867
2;1867
2;1866
2;1866
2;1865
2;1865
2;1864
2;1864
2;1863
2;1863
2;1862
2;1862
2;1861
2;1861
2;1860
2;1860
2;1859
2;1859
2;1858
2;1858
2;1857
2;1857
2;1856
2;1856
2;1855
2;1855
2;1854
2;1854
2;1853
2;1853
2;1852
2;1852
2;1851
2;1851
2;1850
2;1850
2;1849
2;1849
2;1848
2;1848
2;1847
2;1847
2;1846
2;1846
2;1845
2;1845
2;1844
2;1844
2;1843
2;1843
2;1842
2;1842
2;1841
2;1841
2;1840
2;1840
2;1839
2;1839
2;1838
2;1838
2;1837
2;1837
2;1836
2;1836
2;1835
2;1835
2;1834
2;1834
2;1833
2;1833
2;1832
2;1832
2;1831
2;1831
2;1830
2;1830
2;1829
2;1829
2;1828
2;1828
2;1827
2;1827
2;1826
2;1826
2;1825
2;1825
2;1824
2;1824
2;1823
2;1823
2;1822
2;1822
2;1821
2;1821
2;1820
2;1820
2;1819
2;1819
2;1818
2;1818
2;1817
2;1817
2;1816
2;1816
2;1815
2;1815
2;1814
2;1814
2;1813
2;1813
2;1812
2;1812
2;1811
2;1811
2;1810
2;1810
2;1809
2;1809
2;1808
2;1808
2;1807
2;1807
2;1806
2;1806
2;1805
2;1805
2;1804
2;1804
2;1803
2;1803
2;1802
2;1802
2;1801
2;1801
2;1800
2;1800
2;1799
2;1799
2;1798
2;1798
2;1797
2;1797
2;1796
2;1796
2;1795
2;1795
2;1794
2;1794
2;1793
2;1793
2;1792
2;1792
2;1791
2;1791
2;1790
2;1790
2;1789
2;1789
2;1788
2;1788
2;1787
2;1787
2;1786
2;1786
2;1785
2;1785
2;1784
2;1784
2;1783
2;1783
2;1782
2;1782
2;1781
2;1781
2;1780
2;1780
2;1779
2;1779
2;1778
2;1778
2;1777
2;1777
2;1776
2;1776
2;1775
2;1775
2;1774
2;1774
2;1773
2;1773
2;1772
2;1772
2;1771
2;1771
2;1770
2;1770
2;1769
2;1769
2;1768
2;1768
2;1767
2;1767
2;1766
2;1766
2;1765
2;1765
2;1764
2;1764
2;1763
2;1763
2;1762
2;1762
2;1761
2;1761
2;1760
2;1760
2;1759
2;1759
2;1758
2;1758
2;1757
2;1757
2;1756
2;1756
2;1755
2;1755
2;1754
2;1754
2;1753
2;1753
2;1752
2;1752
2;1751
2;1751
2;1750
2;1750
2;1749
2;1749
2;1748
2;1748
2;1747
2;1747
2;1746
2;1746
2;1745
2;1745
2;1744
2;1744
2;1743
2;1743
2;1742
2;1742
2;1741
2;1741
2;1740
2;1740
2;1739
2;1739
2;1738
2;1738
2;1737
2;1737
2;1736
2;1736
2;1735
2;1735
2;1734
2;1734
2;1733
2;1733
2;1732
2;1732
2;1731
2;1731
2;1730
2;1730
2;1729
2;1729
2;1728
2;1728
2;1727
2;1727
2;1726
2;1726
2;1725
2;1725
2;1724
2;1724
2;1723
2;1723
2;1722
2;1722
2;1721
2;1721
2;1720
2;1720
2;1719
2;1719
2;1718
2;1718
2;1717
2;1717
2;1716
2;1716
2;1715
2;1715
2;1714
2;1714
2;1713
2;1713
2;1712
2;1712
2;1711
2;1711
2;1710
2;1710
2;1709
2;1709
2;1708
2;1708
2;1707
2;1707
2;1706
2;1706
2;1705
2;1705
2;1704
2;1704
2;1703
2;1703
2;1702
2;1702
2;1701
2;1701
2;1700
2;1700
2;1699
2;1699
2;1698
2;1698
2;1697
2;1697
2;1696
2;1696
2;1695
2;1695
2;1694
2;1694
2;1693
2;1693
2;1692
2;1692
2;1691
2;1691
2;1690
2;1690
2;1689
2;1689
2;1688
2;1688
2;1687
2;1687
2;1686
2;1686
2;1685
2;1685
2;1684
2;1684
2;1683
2;1683
2;1682
2;1682
2;1681
2;1681
2;1680
2;1680
2;1679
2;1679
2;1678
2;1678
2;1677
2;1677
2;1676
2;1676
2;1675
2;1675
2;1674
2;1674
2;1673
2;1673
2;1672
2;1672
2;1671
2;1671
2;1670
2;1670
2;1669
2;1669
2;1668
2;1668
2;1667
2;1667
2;1666
2;1666
2;1665
2;1665
2;1664
2;1664
2;1663
2;1663
2;1662
2;1662
2;1661
2;1661
2;1660
2;1660
2;1659
2;1659
2;1658
2;1658
2;1657
2;1657
2;1656
2;1656
2;1655
2;1655
2;1654
2;1654
2;1653
2;1653
2;1652
2;1652
2;1651
2;1651
2;1650
2;1650
2;1649
2;1649
2;1648
2;1648
2;1647
2;1647
2;1646
2;1646
2;1645
2;1645
2;1644
2;1644
2;1643
2;1643
2;1642
2;1642
2;1641
2;1641
2;1640
2;1640
2;1639
2;1639
2;1638
2;1638
2;1637
2;1637
2;1636
2;1636
2;1635
2;1635
2;1634
2;1634
2;1633
2;1633
2;1632
2;1632
2;1631
2;1631
2;1630
2;1630
2;1629
2;1629
2;1628
2;1628
2;1627
2;1627
2;1626
2;1626
2;1625
2;1625
2;1624
2;1624
2;1623
2;1623
2;1622
2;1622
2;1621
2;1621
2;1620
2;1620
2;1619
2;1619
2;1618
2;1618
2;1617
2;1617
2;1616
2;1616
2;1615
2;1615
2;1614
2;1614
2;1613
2;1613
2;1612
2;1612
2;1611
2;1611
2;1610
2;1610
2;1609
2;1609
2;1608
2;1608
2;1607
2;1607
2;1606
2;1606
2;1605
2;1605
2;1604
2;1604
2;1603
2;1603
2;1602
2;1602
2;1601
2;1601
2;1600
2;1600
2;1599
2;1599
2;1598
2;1598
2;1597
2;1597
2;1596
2;1596
2;1595
2;1595
2;1594
2;1594
2;1593
2;1593
2;1592
2;1592
2;1591
2;1591
2;1590
2;1590
2;1589
2;1589
2;1588
2;1588
2;1587
2;1587
2;1586
2;1586
2;1585
2;1585
2;1584
2;1584
2;1583
2;1583
2;1582
2;1582
2;1581
2;1581
2;1580
2;1580
2;1579
2;1579
2;1578
2;1578
2;1577
2;1577
2;1576
2;1576
2;1575
2;1575
2;1574
2;1574
2;1573
2;1573
2;1572
2;1572
2;1571
2;1571
2;1570
2;1570
2;1569
2;1569
2;1568
2;1568
2;1567
2;1567
2;1566
2;1566
2;1565
2;1565
2;1564
2;1564
2;1563
2;1563
2;1562
2;1562
2;1561
2;1561
2;1560
2;1560
2;1559
2;1559
2;1558
2;1558
2;1557
2;1557
2;1556
2;1556
2;1555
2;1555
2;1554
2;1554
2;1553
2;1553
2;1552
2;1552
2;1551
2;1551
2;1550
2;1550
2;1549
2;1549
2;1548
2;1548
2;1547
2;1547
2;1546
2;1546
2;1545
2;1545
2;1544
2;1544
2;1543
2;1543
2;1542
2;1542
2;1541
2;1541
2;1540
2;1540
2;1539
2;1539
2;1538
2;1538
2;1537
2;1537
2;1536
2;1536
2;1535
2;1535
2;1534
2;1534
2;1533
2;1533
2;1532
2;1532
2;1531
2;1531
2;1530
2;1530
2;1529
2;1529
2;1528
2;1528
2;1527
2;1527
2;1526
2;1526
2;1525
2;1525
2;1524
2;1524
2;1523
2;1523
2;1522
2;1522
2;1521
2;1521
2;1520
2;1520
2;1519
2;1519
2;1518
2;1518
2;1517
2;1517
2;1516
2;1516
2;1515
2;1515
2;1514
2;1514
2;1513
2;1513
2;1512
2;1512
2;1511
2;1511
2;1510
2;1510
2;1509
2;1509
2;1508
2;1508
2;1507
2;1507
2;1506
2;1506
2;1505
2;1505
2;1504
2;1504
2;1503
2;1503
2;1502
2;1502
2;1501
2;1501
2;1500
2;1500
2;1499
2;1499
2;1498
2;1498
2;1497
2;1497
2;1496
2;1496
2;1495
2;1495
2;1494
2;1494
2;1493
2;1493
2;1492
2;1492
2;1491
2;1491
2;1490
2;1490
2;1489
2;1489
2;1488
2;1488
2;1487
2;1487
2;1486
2;1486
2;1485
2;1485
2;1484
2;1484
2;1483
2;1483
2;1482
2;1482
2;1481
2;1481
2;1480
2;1480
2;1479
2;1479
2;1478
2;1478
2;1477
2;1477
2;1476
2;1476
2;1475
2;1475
2;1474
2;1474
2;1473
2;1473
2;1472
2;1472
2;1471
2;1471
2;1470
2;1470
2;1469
2;1469
2;1468
2;1468
2;1467
2;1467
2;1466
2;1466
2;1465
2;1465
2;1464
2;1464
2;1463
2;1463
2;1462
2;1462
2;1461
2;1461
2;1460
2;1460
2;1459
2;1459
2;1458
2;1458
2;1457
2;1457
2;1456
2;1456
2;1455
2;1455
2;1454
2;1454
2;1453
2;1453
2;1452
2;1452
2;1451
2;1451
2;1450
2;1450
2;1449
2;1449
2;1448
2;1448
2;1447
2;1447
2;1446
2;1446
2;1445
2;1445
2;1444
2;1444
2;1443
2;1443
2;1442
2;1442
2;1441
2;1441
2;1440
2;1440
2;1439
2;1439
2;1438
2;1438
2;1437
2;1437
2;1436
2;1436
2;1435
2;1435
2;1434
2;1434
2;1433
2;1433
2;1432
2;1432
2;1431
2;1431
2;1430
2;1430
2;1429
2;1429
2;1428
2;1428
2;1427
2;1427
2;1426
2;1426
2;1425
2;1425
2;1424
2;1424
2;1423
2;1423
2;1422
2;1422
2;1421
2;1421
2;1420
2;1420
2;1419
2;1419
2;1418
2;1418
2;1417
2;1417
2;1416
2;1416
2;1415
2;1415
2;1414
2;1414
2;1413
2;1413
2;1412
2;1412
2;1411
2;1411
2;1410
2;1410
2;1409
2;1409
2;1408
2;1408
2;1407
2;1407
2;1406
2;1406
2;1405
2;1405
2;1404
2;1404
2;1403
2;1403
3;1721
3;1721
3;1720
3;1720
3;1719
3;1719
3;1718
3;1718
3;1717
3;1717
3;1716
3;1716
3;1715
3;1715
3;1714
3;1714
3;1713
3;1713
3;1712
3;1712
3;1711
3;1711
3;1710
3;1710
3;1709
3;1709
3;1708
3;1708
3;1707
3;1707
3;1706
3;1706
3;1705
3;1705
3;1704
3;1704
3;1703
3;1703
3;1702
3;1702
3;1701
3;1701
3;1700
3;1700
3;1699
3;1699
3;1698
3;1698
3;1697
3;1697
3;1696
3;1696
3;1695
3;1695
3;1694
3;1694
3;1693
3;1693
3;1692
3;1692
3;1691
3;1691
3;1690
3;1690
3;1689
3;1689
3;1688
3;1688
3;1687
3;1687
3;1686
3;1686
3;1685
3;1685
3;1684
3;1684
3;1683
3;1683
3;1682
3;1682
3;1681
3;1681
3;1680
3;1680
3;1679
3;1679
3;1678
3;1678
3;1677
3;1677
3;1676
3;1676
3;1675
3;1675
3;1674
3;1674
3;1673
3;1673
3;1672
3;1672
3;1671
3;1671
3;1670
3;1670
3;1669
3;1669
3;1668
3;1668
3;1667
3;1667
3;1666
3;1666
3;1665
3;1665
3;1664
3;1664
3;1663
3;1663
3;1662
3;1662
3;1661
3;1661
3;1660
3;1660
3;1659
3;1659
3;1658
3;1658
3;1657
3;1657
3;1656
3;1656
3;1655
3;1655
3;1654
3;1654
3;1653
3;1653
3;1652
3;1652
3;1651
3;1651
3;1650
3;1650
3;1649
3;1649
3;1648
3;1648
3;1647
3;1647
3;1646
3;1646
3;1645
3;1645
3;1644
3;1644
3;1643
3;1643
3;1642
3;1642
3;1641
3;1641
3;1640
3;1640
3;1639
3;1639
3;1638
3;1638
3;1637
3;1637
3;1636
3;1636
3;1635
3;1635
3;1634
3;1634
3;1633
3;1633
3;1632
3;1632
3;1631
3;1631
3;1630
3;1630
3;1629
3;1629
3;1628
3;1628
3;1627
3;1627
3;1626
3;1626
3;1625
3;1625
3;1624
3;1624
3;1623
3;1623
3;1622
3;1622
3;1621
3;1621
3;1620
3;1620
3;1619
3;1619
3;1618
3;1618
3;1617
3;1617
3;1616
3;1616
3;1615
3;1615
3;1614
3;1614
3;1613
3;1613
3;1612
3;1612
3;1611
3;1611
3;1610
3;1610
3;1609
3;1609
3;1608
3;1608
3;1607
3;1607
3;1606
3;1606
3;1605
3;1605
3;1604
3;1604
3;1603
3;1603
3;1602
3;1602
3;1601
3;1601
3;1600
3;1600
3;1599
3;1599
3;1598
3;1598
3;1597
3;1597
3;1596
3;1596
3;1595
3;1595
3;1594
3;1594
3;1593
3;1593
3;1592
3;1592
3;1591
3;1591
3;1590
3;1590
3;1589
3;1589
3;1588
3;1588
3;1587
3;1587
3;1586
3;1586
3;1585
3;1585
3;1584
3;1584
3;1583
3;1583
3;1582
3;1582
3;1581
3;1581
3;1580
3;1580
3;1579
3;1579
3;1578
3;1578
3;1577
3;1577
3;1576
3;1576
3;1575
3;1575
3;1574
3;1574
3;1573
3;1573
3;1572
3;1572
3;1571
3;1571
3;1570
3;1570
3;1569
3;1569
3;1568
3;1568
3;1567
3;1567
3;1566
3;1566
3;1565
3;1565
3;1564
3;1564
3;1563
3;1563
3;1562
3;1562
3;1561
3;1561
3;1560
3;1560
3;1559
3;1559
3;1558
3;1558
3;1557
3;1557
3;1556
3;1556
3;1555
3;1555
3;1554
3;1554
3;1553
3;1553
3;1552
3;1552
3;1551
3;1551
3;1550
3;1550
3;1549
3;1549
3;1548
3;1548
3;1547
3;1547
3;1546
3;1546
3;1545
3;1545
3;1544
3;1544
3;1543
3;1543
3;1542
3;1542
3;1541
3;1541
3;1540
3;1540
3;1539
3;1539
3;1538
3;1538
3;1537
3;1537
3;1536
3;1536
3;1535
3;1535
3;1534
3;1534
3;1533
3;1533
3;1532
3;1532
3;1531
3;1531
3;1530
3;1530
3;1529
3;1529
3;1528
3;1528
3;1527
3;1527
3;1526
3;1526
3;1525
3;1525
3;1524
3;1524
3;1523
3;1523
3;1522
3;1522
3;1521
3;1521
3;1520
3;1520
3;1519
3;1519
3;1518
3;1518
3;1517
3;1517
3;1516
3;1516
3;1515
3;1515
3;1514
3;1514
3;1513
3;1513
3;1512
3;1512
3;1511
3;1511
3;1510
3;1510
3;1509
3;1509
3;1508
3;1508
3;1507
3;1507
3;1506
3;1506
3;1505
3;1505
3;1504
3;1504
3;1503
3;1503
3;1502
3;1502
3;1501
3;1501
3;1500
3;1500
3;1499
3;1499
3;1498
3;1498
3;1497
3;1497
3;1496
3;1496
3;1495
3;1495
3;1494
3;1494
3;1493
3;1493
3;1492
3;1492
3;1491
3;1491
3;1490
3;1490
3;1489
3;1489
3;1488
3;1488
3;1487
3;1487
3;1486
3;1486
3;1485
3;1485
3;1484
3;1484
3;1483
3;1483
3;1482
3;1482
3;1481
3;1481
3;1480
3;1480
3;1479
3;1479
3;1478
3;1478
3;1477
3;1477
3;1476
3;1476
3;1475
3;1475
3;1474
3;1474
3;1473
3;1473
3;1472
3;1472
3;1471
3;1471
3;1470
3;1470
3;1469
3;1469
4;3174
4;3174
4;3173
4;3173
4;3172
4;3172
4;3171
4;3171
4;3170
4;3170
4;3169
4;3169
4;3168
4;3168
4;3167
4;3167
4;3166
4;3166
4;3165
4;3165
4;3164
4;3164
4;3163
4;3163
4;3162
4;3162
4;3161
4;3161
4;3160
4;3160
4;3159
4;3159
4;3158
4;3158
4;3157
4;3157
4;3156
4;3156
4;3155
4;3155
4;3154
4;3154
4;3153
4;3153
4;3152
4;3152
4;3151
4;3151
4;3150
4;3150
4;3149
4;3149
4;3148
4;3148
4;3147
4;3147
4;3146
4;3146
4;3145
4;3145
4;3144
4;3144
4;3143
4;3143
4;3142
4;3142
4;3141
4;3141
4;3140
4;3140
4;3139
4;3139
4;3138
4;3138
4;3137
4;3137
4;3136
4;3136
4;3135
4;3135
4;3134
4;3134
4;3133
4;3133
4;3132
4;3132
4;3131
4;3131
4;3130
4;3130
4;3129
4;3129
4;3128
4;3128
4;3127
4;3127
4;3126
4;3126
4;3125
4;3125
4;3124
4;3124
4;3123
4;3123
4;3122
4;3122
4;3121
4;3121
4;3120
4;3120
4;3119
4;3119
4;3118
4;3118
4;3117
4;3117
4;3116
4;3116
4;3115
4;3115
4;3114
4;3114
4;3113
4;3113
4;3112
4;3112
4;3111
4;3111
4;3110
4;3110
4;3109
4;3109
4;3108
4;3108
4;3107
4;3107
4;3106
4;3106
4;3105
4;3105
4;3104
4;3104
4;3103
4;3103
4;3102
4;3102
4;3101
4;3101
4;3100
4;3100
4;3099
4;3099
4;3098
4;3098
4;3097
4;3097
4;3096
4;3096
4;3095
4;3095
4;3094
4;3094
4;3093
4;3093
4;3092
4;3092
4;3091
4;3091
4;3090
4;3090
4;3089
4;3089
4;3088
4;3088
4;3087
4;3087
4;3086
4;3086
4;3085
4;3085
4;3084
4;3084
4;3083
4;3083
4;3082
4;3082
4;3081
4;3081
4;3080
4;3080
4;3079
4;3079
4;3078
4;3078
4;3077
4;3077
4;3076
4;3076
4;3075
4;3075
4;3074
4;3074
4;3073
4;3073
4;3072
4;3072
4;3071
4;3071
4;3070
4;3070
4;3069
4;3069
4;3068
4;3068
4;3067
4;3067
4;3066
4;3066
4;3065
4;3065
4;3064
4;3064
4;3063
4;3063
4;3062
4;3062
4;3061
4;3061
4;3060
4;3060
4;3059
4;3059
4;3058
4;3058
4;3057
4;3057
4;3056
4;3056
4;3055
4;3055
4;3054
4;3054
4;3053
4;3053
4;3052
4;3052
4;3051
4;3051
4;3050
4;3050
4;3049
4;3049
4;3048
4;3048
4;3047
4;3047
4;3046
4;3046
4;3045
4;3045
4;3044
4;3044
4;3043
4;3043
4;3042
4;3042
4;3041
4;3041
4;3040
4;3040
4;3039
4;3039
4;3038
4;3038
4;3037
4;3037
4;3036
4;3036
4;3035
4;3035
4;3034
4;3034
4;3033
4;3033
4;3032
4;3032
4;3031
4;3031
4;3030
4;3030
4;3029
4;3029
4;3028
4;3028
4;3027
4;3027
4;3026
4;3026
4;3025
4;3025
4;3024
4;3024
4;3023
4;3023
4;3022
4;3022
4;3021
4;3021
4;3020
4;3020
4;3019
4;3019
4;3018
4;3018
4;3017
4;3017
4;3016
4;3016
4;3015
4;3015
4;3014
4;3014
4;3013
4;3013
4;3012
4;3012
4;3011
4;3011
4;3010
4;3010
4;3009
4;3009
4;3008
4;3008
4;3007
4;3007
4;3006
4;3006
4;3005
4;3005
4;3004
4;3004
4;3003
4;3003
4;3002
4;3002
4;3001
4;3001
4;3000
4;3000
4;2999
4;2999
4;2998
4;2998
4;2997
4;2997
4;2996
4;2996
4;2995
4;2995
4;2994
4;2994
4;2993
4;2993
4;2992
4;2992
4;2991
4;2991
4;2990
4;2990
4;2989
4;2989
4;2988
4;2988
4;2987
4;2987
4;2986
4;2986
4;2985
4;2985
4;2984
4;2984
4;2983
4;2983
4;2982
4;2982
4;2981
4;2981
4;2980
4;2980
4;2979
4;2979
4;2978
4;2978
4;2977
4;2977
4;2976
4;2976
4;2975
4;2975
4;2974
4;2974
4;2973
4;2973
4;2972
4;2972
4;2971
4;2971
4;2970
4;2970
4;2969
4;2969
4;2968
4;2968
4;2967
4;2967
4;2966
4;2966
4;2965
4;2965
4;2964
4;2964
4;2963
4;2963
4;2962
4;2962
4;2961
4;2961
4;2960
4;2960
4;2959
4;2959
4;2958
4;2958
4;2957
4;2957
4;2956
4;2956
4;2955
4;2955
4;2954
4;2954
4;2953
4;2953
4;2952
4;2952
4;2951
4;2951
4;2950
4;2950
4;2949
4;2949
4;2948
4;2948
4;2947
4;2947
4;2946
4;2946
4;2945
4;2945
4;2944
4;2944
4;2943
4;2943
4;2942
4;2942
4;2941
4;2941
4;2940
4;2940
4;2939
4;2939
4;2938
4;2938
4;2937
4;2937
4;2936
4;2936
4;2935
4;2935
4;2934
4;2934
4;2933
4;2933
4;2932
4;2932
4;2931
4;2931
4;2930
4;2930
4;2929
4;2929
4;2928
4;2928
4;2927
4;2927
4;2926
4;2926
4;2925
4;2925
4;2924
4;2924
4;2923
4;2923
4;2922
4;2922
4;2921
4;2921
4;2920
4;2920
4;2919
4;2919
4;2918
4;2918
4;2917
4;2917
4;2916
4;2916
4;2915
4;2915
4;2914
4;2914
4;2913
4;2913
4;2912
4;2912
4;2911
4;2911
4;2910
4;2910
4;2909
4;2909
4;2908
4;2908
4;2907
4;2907
4;2906
4;2906
4;2905
4;2905
4;2904
4;2904
4;2903
4;2903
4;2902
4;2902
4;2901
4;2901
4;2900
4;2900
4;2899
4;2899
4;2898
4;2898
4;2897
4;2897
4;2896
4;2896
4;2895
4;2895
4;2894
4;2894
4;2893
4;2893
4;2892
4;2892
4;2891
4;2891
4;2890
4;2890
4;2889
4;2889
4;2888
4;2888
4;2887
4;2887
4;2886
4;2886
4;2885
4;2885
4;2884
4;2884
4;2883
4;2883
4;2882
4;2882
4;2881
4;2881
4;2880
4;2880
4;2879
4;2879
4;2878
4;2878
4;2877
4;2877
4;2876
4;2876
4;2875
4;2875
4;2874
4;2874
4;2873
4;2873
4;2872
4;2872
4;2871
4;2871
4;2870
4;2870
4;2869
4;2869
4;2868
4;2868
4;2867
4;2867
4;2866
4;2866
4;2865
4;2865
4;2864
4;2864
4;2863
4;2863
4;2862
4;2862
4;2861
4;2861
4;2860
4;2860
4;2859
4;2859
4;2858
4;2858
4;2857
4;2857
4;2856
4;2856
4;2855
4;2855
4;2854
4;2854
4;2853
4;2853
4;2852
4;2852
4;2851
4;2851
4;2850
4;2850
4;2849
4;2849
4;2848
4;2848
4;2847
4;2847
4;2846
4;2846
4;2845
4;2845
4;2844
4;2844
4;2843
4;2843
4;2842
4;2842
4;2841
4;2841
4;2840
4;2840
4;2839
4;2839
4;2838
4;2838
4;2837
4;2837
4;2836
4;2836
4;2835
4;2835
4;2834
4;2834
4;2833
4;2833
4;2832
4;2832
4;2831
4;2831
4;2830
4;2830
4;2829
4;2829
4;2828
4;2828
4;2827
4;2827
4;2826
4;2826
4;2825
4;2825
4;2824
4;2824
4;2823
4;2823
4;2822
4;2822
4;2821
4;2821
4;2820
4;2820
4;2819
4;2819
4;2818
4;2818
4;2817
4;2817
4;2816
4;2816
4;2815
4;2815
4;2814
4;2814
4;2813
4;2813
4;2812
4;2812
4;2811
4;2811
4;2810
4;2810
4;2809
4;2809
4;2808
4;2808
4;2807
4;2807
4;2806
4;2806
4;2805
4;2805
4;2804
4;2804
4;2803
4;2803
4;2802
4;2802
4;2801
4;2801
4;2800
4;2800
4;2799
4;2799
4;2798
4;2798
4;2797
4;2797
4;2796
4;2796
4;2795
4;2795
4;2794
4;2794
4;2793
4;2793
4;2792
4;2792
4;2791
4;2791
4;2790
4;2790
4;2789
4;2789
4;2788
4;2788
4;2787
4;2787
4;2786
4;2786
4;2785
4;2785
4;2784
4;2784
4;2783
4;2783
4;2782
4;2782
4;2781
4;2781
4;2780
4;2780
4;2779
4;2779
4;2778
4;2778
4;2777
4;2777
4;2776
4;2776
4;2775
4;2775
4;2774
4;2774
4;2773
4;2773
4;2772
4;2772
4;2771
4;2771
4;2770
4;2770
4;2769
4;2769
4;2768
4;2768
4;2767
4;2767
4;2766
4;2766
4;2765
4;2765
4;2764
4;2764
4;2763
4;2763
4;2762
4;2762
4;2761
4;2761
4;2760
4;2760
4;2759
4;2759
4;2758
4;2758
4;2757
4;2757
4;2756
4;2756
4;2755
4;2755
4;2754
4;2754
4;2753
4;2753
4;2752
4;2752
4;2751
4;2751
4;2750
4;2750
4;2749
4;2749
4;2748
4;2748
4;2747
4;2747
4;2746
4;2746
4;2745
4;2745
4;2744
4;2744
4;2743
4;2743
4;2742
4;2742
4;2741
4;2741
4;2740
4;2740
4;2739
4;2739
4;2738
4;2738
4;2737
4;2737
4;2736
4;2736
4;2735
4;2735
4;2734
4;2734
4;2733
4;2733
4;2732
4;2732
4;2731
4;2731
4;2730
4;2730
4;2729
4;2729
4;2728
4;2728
4;2727
4;2727
4;2726
4;2726
4;2725
4;2725
4;2724
4;2724
4;2723
4;2723
4;2722
4;2722
4;2721
4;2721
4;2720
4;2720
4;2719
4;2719
4;2718
4;2718
4;2717
4;2717
4;2716
4;2716
4;2715
4;2715
4;2714
4;2714
4;2713
4;2713
4;2712
4;2712
4;2711
4;2711
4;2710
4;2710
4;2709
4;2709
4;2708
4;2708
4;2707
4;2707
4;2706
4;2706
4;2705
4;2705
4;2704
4;2704
4;2703
4;2703
4;2702
4;2702
4;2701
4;2701
4;2700
4;2700
4;2699
4;2699
4;2698
4;2698
4;2697
4;2697
4;2696
4;2696
4;2695
4;2695
4;2694
4;2694
4;2693
4;2693
4;2692
4;2692
4;2691
4;2691
4;2690
4;2690
4;2689
4;2689
4;2688
4;2688
4;2687
4;2687
4;2686
4;2686
4;2685
4;2685
4;2684
4;2684
4;2683
4;2683
4;2682
4;2682
4;2681
4;2681
4;2680
4;2680
4;2679
4;2679
4;2678
4;2678
4;2677
4;2677
4;2676
4;2676
4;2675
4;2675
4;2674
4;2674
4;2673
4;2673
4;2672
4;2672
4;2671
4;2671
4;2670
4;2670
4;2669
4;2669
4;2668
4;2668
4;2667
4;2667
4;2666
4;2666
4;2665
4;2665
4;2664
4;2664
4;2663
4;2663
4;2662
4;2662
4;2661
4;2661
4;2660
4;2660
4;2659
4;2659
4;2658
4;2658
4;2657
4;2657
4;2656
4;2656
4;2655
4;2655
4;2654
4;2654
4;2653
4;2653
4;2652
4;2652
4;2651
4;2651
4;2650
4;2650
4;2649
4;2649
4;2648
4;2648
4;2647
4;2647
4;2646
4;2646
4;2645
4;2645
4;2644
4;2644
4;2643
4;2643
4;2642
4;2642
4;2641
4;2641
4;2640
4;2640
4;2639
4;2639
4;2638
4;2638
4;2637
4;2637
4;2636
4;2636
4;2635
4;2635
4;2634
4;2634
4;2633
4;2633
4;2632
4;2632
4;2631
4;2631
4;2630
4;2630
4;2629
4;2629
4;2628
4;2628
4;2627
4;2627
4;2626
4;2626
4;2625
4;2625
4;2624
4;2624
4;2623
4;2623
4;2622
4;2622
4;2621
4;2621
4;2620
4;2620
4;2619
4;2619
4;2618
4;2618
4;2617
4;2617
4;2616
4;2616
4;2615
4;2615
4;2614
4;2614
4;2613
4;2613
4;2612
4;2612
4;2611
4;2611
4;2610
4;2610
4;2609
4;2609
4;2608
4;2608
4;2607
4;2607
4;2606
4;2606
4;2605
4;2605
4;2604
4;2604
4;2603
4;2603
4;2602
4;2602
4;2601
4;2601
4;2600
4;2600
4;2599
4;2599
4;2598
4;2598
4;2597
4;2597
4;2596
4;2596
4;2595
4;2595
4;2594
4;2594
4;2593
4;2593
4;2592
4;2592
4;2591
4;2591
4;2590
4;2590
4;2589
4;2589
4;2588
4;2588
4;2587
4;2587
4;2586
4;2586
4;2585
4;2585
4;2584
4;2584
4;2583
4;2583
4;2582
4;2582
4;2581
4;2581
4;2580
4;2580
4;2579
4;2579
4;2578
4;2578
4;2577
4;2577
4;2576
4;2576
4;2575
4;2575
4;2574
4;2574
4;2573
4;2573
4;2572
4;2572
4;2571
4;2571
4;2570
4;2570
4;2569
4;2569
4;2568
4;2568
4;2567
4;2567
4;2566
4;2566
4;2565
4;2565
4;2564
4;2564
4;2563
4;2563
4;2562
4;2562
4;2561
4;2561
4;2560
4;2560
4;2559
4;2559
4;2558
4;2558
4;2557
4;2557
4;2556
4;2556
4;2555
4;2555
4;2554
4;2554
4;2553
4;2553
4;2552
4;2552
4;2551
4;2551
4;2550
4;2550
4;2549
4;2549
4;2548
4;2548
4;2547
4;2547
4;2546
4;2546
4;2545
4;2545
4;2544
4;2544
4;2543
4;2543
4;2542
4;2542
4;2541
4;2541
4;2540
4;2540
4;2539
4;2539
4;2538
4;2538
4;2537
4;2537
4;2536
4;2536
4;2535
4;2535
4;2534
4;2534
4;2533
4;2533
4;2532
4;2532
4;2531
4;2531
4;2530
4;2530
4;2529
4;2529
4;2528
4;2528
4;2527
4;2527
4;2526
4;2526
4;2525
4;2525
4;2524
4;2524
4;2523
4;2523
4;2522
4;2522
4;2521
4;2521
4;2520
4;2520
4;2519
4;2519
4;2518
4;2518
4;2517
4;2517
4;2516
4;2516
4;2515
4;2515
4;2514
4;2514
4;2513
4;2513
4;2512
4;2512
4;2511
4;2511
4;2510
4;2510
4;2509
4;2509
4;2508
4;2508
4;2507
4;2507
4;2506
4;2506
4;2505
4;2505
4;2504
4;2504
4;2503
4;2503
4;2502
4;2502
4;2501
4;2501
4;2500
4;2500
4;2499
4;2499
4;2498
4;2498
4;2497
4;2497
4;2496
4;2496
4;2495
4;2495
4;2494
4;2494
4;2493
4;2493
4;2492
4;2492
4;2491
4;2491
4;2490
4;2490
4;2489
4;2489
4;2488
4;2488
4;2487
4;2487
4;2486
4;2486
4;2485
4;2485
4;2484
4;2484
4;2483
4;2483
4;2482
4;2482
4;2481
4;2481
4;2480
4;2480
4;2479
4;2479
4;2478
4;2478
4;2477
4;2477
4;2476
4;2476
4;2475
4;2475
4;2474
4;2474
4;2473
4;2473
4;2472
4;2472
4;2471
4;2471
4;2470
4;2470
4;2469
4;2469
4;2468
4;2468
4;2467
4;2467
4;2466
4;2466
4;2465
4;2465
4;2464
4;2464
4;2463
4;2463
4;2462
4;2462
4;2461
4;2461
4;2460
4;2460
4;2459
4;2459
4;2458
4;2458
4;2457
4;2457
4;2456
4;2456
4;2455
4;2455
4;2454
4;2454
4;2453
4;2453
4;2452
4;2452
4;2451
4;2451
4;2450
4;2450
4;2449
4;2449
4;2448
4;2448
4;2447
4;2447
4;2446
4;2446
4;2445
4;2445
4;2444
4;2444
4;2443
4;2443
4;2442
4;2442
4;2441
4;2441
4;2440
4;2440
4;2439
4;2439
4;2438
4;2438
4;2437
4;2437
4;2436
4;2436
4;2435
4;2435
4;2434
4;2434
4;2433
4;2433
4;2432
4;2432
4;2431
4;2431
4;2430
4;2430
4;2429
4;2429
4;2428
4;2428
4;2427
4;2427
4;2426
4;2426
4;2425
4;2425
4;2424
4;2424
4;2423
4;2423
4;2422
4;2422
4;2421
4;2421
4;2420
4;2420
4;2419
4;2419
4;2418
4;2418
4;2417
4;2417
4;2416
4;2416
4;2415
4;2415
4;2414
4;2414
4;2413
4;2413
4;2412
4;2412
4;2411
4;2411
4;2410
4;2410
4;2409
4;2409
4;2408
4;2408
4;2407
4;2407
4;2406
4;2406
4;2405
4;2405
4;2404
4;2404
4;2403
4;2403
4;2402
4;2402
4;2401
4;2401
4;2400
4;2400
4;2399
4;2399
4;2398
4;2398
4;2397
4;2397
4;2396
4;2396
4;2395
4;2395
4;2394
4;2394
4;2393
4;2393
4;2392
4;2392
4;2391
4;2391
4;2390
4;2390
4;2389
4;2389
4;2388
4;2388
4;2387
4;2387
4;2386
4;2386
4;2385
4;2385
4;2384
4;2384
4;2383
4;2383
4;2382
4;2382
4;2381
4;2381
4;2380
4;2380
4;2379
4;2379
4;2378
4;2378
4;2377
4;2377
4;2376
4;2376
4;2375
4;2375
4;2374
4;2374
4;2373
4;2373
4;2372
4;2372
4;2371
4;2371
4;2370
4;2370
4;2369
4;2369
4;2368
4;2368
4;2367
4;2367
4;2366
4;2366
4;2365
4;2365
4;2364
4;2364
4;2363
4;2363
4;2362
4;2362
4;2361
4;2361
4;2360
4;2360
4;2359
4;2359
4;2358
4;2358
4;2357
4;2357
4;2356
4;2356
4;2355
4;2355
4;2354
4;2354
4;2353
4;2353
4;2352
4;2352
4;2351
4;2351
4;2350
4;2350
4;2349
4;2349
4;2348
4;2348
4;2347
4;2347
4;2346
4;2346
4;2345
4;2345
4;2344
4;2344
4;2343
4;2343
4;2342
4;2342
4;2341
4;2341
4;2340
4;2340
4;2339
4;2339
4;2338
4;2338
4;2337
4;2337
4;2336
4;2336
4;2335
4;2335
4;2334
4;2334
4;2333
4;2333
4;2332
4;2332
4;2331
4;2331
4;2330
4;2330
4;2329
4;2329
4;2328
4;2328
4;2327
4;2327
4;2326
4;2326
4;2325
4;2325
4;2324
4;2324
4;2323
4;2323
4;2322
4;2322
4;2321
4;2321
4;2320
4;2320
4;2319
4;2319
4;2318
4;2318
4;2317
4;2317
4;2316
4;2316
4;2315
4;2315
4;2314
4;2314
4;2313
4;2313
4;2312
4;2312
4;2311
4;2311
4;2310
4;2310
4;2309
4;2309
4;2308
4;2308
4;2307
4;2307
4;2306
4;2306
4;2305
4;2305
4;2304
4;2304
4;2303
4;2303
4;2302
4;2302
4;2301
4;2301
4;2300
4;2300
4;2299
4;2299
4;2298
4;2298
4;2297
4;2297
4;2296
4;2296
4;2295
4;2295
4;2294
4;2294
4;2293
4;2293
4;2292
4;2292
4;2291
4;2291
4;2290
4;2290
4;2289
4;2289
4;2288
4;2288
4;2287
4;2287
4;2286
4;2286
4;2285
4;2285
4;2284
4;2284
4;2283
4;2283
4;2282
4;2282
4;2281
4;2281
4;2280
4;2280
4;2279
4;2279
4;2278
4;2278
4;2277
4;2277
4;2276
4;2276
4;2275
4;2275
4;2274
4;2274
4;2273
4;2273
4;2272
4;2272
4;2271
4;2271
4;2270
4;2270
4;2269
4;2269
4;2268
4;2268
4;2267
4;2267
4;2266
4;2266
4;2265
4;2265
4;2264
4;2264
4;2263
4;2263
4;2262
4;2262
4;2261
4;2261
4;2260
4;2260
4;2259
4;2259
4;2258
4;2258
4;2257
4;2257
4;2256
4;2256
4;2255
4;2255
4;2254
4;2254
4;2253
4;2253
4;2252
4;2252
4;2251
4;2251
4;2250
4;2250
4;2249
4;2249
4;2248
4;2248
4;2247
4;2247
4;2246
4;2246
4;2245
4;2245
4;2244
4;2244
4;2243
4;2243
4;2242
4;2242
4;2241
4;2241
4;2240
4;2240
4;2239
4;2239
4;2238
4;2238
4;2237
4;2237
4;2236
4;2236
4;2235
4;2235
4;2234
4;2234
4;2233
4;2233
4;2232
4;2232
4;2231
4;2231
4;2230
4;2230
4;2229
4;2229
4;2228
4;2228
4;2227
4;2227
4;2226
4;2226
4;2225
4;2225
4;2224
4;2224
4;2223
4;2223
4;2222
4;2222
4;2221
4;2221
4;2220
4;2220
4;2219
4;2219
4;2218
4;2218
4;2217
4;2217
4;2216
4;2216
4;2215
4;2215
4;2214
4;2214
4;2213
4;2213
4;2212
4;2212
4;2211
4;2211
4;2210
4;2210
4;2209
4;2209
4;2208
4;2208
4;2207
4;2207
4;2206
4;2206
4;2205
4;2205
4;2204
4;2204
4;2203
4;2203
4;2202
4;2202
4;2201
4;2201
4;2200
4;2200
4;2199
4;2199
4;2198
4;2198
4;2197
4;2197
4;2196
4;2196
4;2195
4;2195
4;2194
4;2194
4;2193
4;2193
4;2192
4;2192
4;2191
4;2191
4;2190
4;2190
4;2189
4;2189
4;2188
4;2188
4;2187
4;2187
4;2186
4;2186
4;2185
4;2185
4;2184
4;2184
4;2183
4;2183
4;2182
4;2182
4;2181
4;2181
4;2180
4;2180
4;2179
4;2179
4;2178
4;2178
4;2177
4;2177
4;2176
4;2176
4;2175
4;2175
4;2174
4;2174
4;2173
4;2173
4;2172
4;2172
4;2171
4;2171
4;2170
4;2170
4;2169
4;2169
4;2168
4;2168
4;2167
4;2167
4;2166
4;2166
4;2165
4;2165
4;2164
4;2164
4;2163
4;2163
4;2162
4;2162
4;2161
4;2161
4;2160
4;2160
4;2159
4;2159
4;2158
4;2158
4;2157
4;2157
4;2156
4;2156
4;2155
4;2155
4;2154
4;2154
4;2153
4;2153
4;2152
4;2152
4;2151
4;2151
4;2150
4;2150
4;2149
4;2149
4;2148
4;2148
4;2147
4;2147
4;2146
4;2146
4;2145
4;2145
4;2144
4;2144
4;2143
4;2143
4;2142
4;2142
4;2141
4;2141
4;2140
4;2140
4;2139
4;2139
4;2138
4;2138
4;2137
4;2137
4;2136
4;2136
4;2135
4;2135
4;2134
4;2134
4;2133
4;2133
4;2132
4;2132
4;2131
4;2131
4;2130
4;2130
4;2129
4;2129
4;2128
4;2128
4;2127
4;2127
4;2126
4;2126
4;2125
4;2125
4;2124
4;2124
4;2123
4;2123
4;2122
4;2122
4;2121
4;2121
4;2120
4;2120
4;2119
4;2119
4;2118
4;2118
4;2117
4;2117
4;2116
4;2116
4;2115
4;2115
4;2114
4;2114
4;2113
4;2113
4;2112
4;2112
4;2111
4;2111
4;2110
4;2110
4;2109
4;2109
4;2108
4;2108
4;2107
4;2107
4;2106
4;2106
4;2105
4;2105
4;2104
4;2104
4;2103
4;2103
4;2102
4;2102
4;2101
4;2101
4;2100
4;2100
4;2099
4;2099
4;2098
4;2098
4;2097
4;2097
4;2096
4;2096
4;2095
4;2095
4;2094
4;2094
4;2093
4;2093
4;2092
4;2092
4;2091
4;2091
4;2090
4;2090
4;2089
4;2089
4;2088
4;2088
4;2087
4;2087
4;2086
4;2086
4;2085
4;2085
4;2084
4;2084
4;2083
4;2083
4;2082
4;2082
4;2081
4;2081
4;2080
4;2080
4;2079
4;2079
4;2078
4;2078
4;2077
4;2077
4;2076
4;2076
4;2075
4;2075
4;2074
4;2074
4;2073
4;2073
4;2072
4;2072
4;2071
4;2071
4;2070
4;2070
4;2069
4;2069
4;2068
4;2068
4;2067
4;2067
4;2066
4;2066
4;2065
4;2065
4;2064
4;2064
4;2063
4;2063
4;2062
4;2062
4;2061
4;2061
4;2060
4;2060
4;2059
4;2059
4;2058
4;2058
4;2057
4;2057
4;2056
4;2056
4;2055
4;2055
4;2054
4;2054
4;2053
4;2053
4;2052
4;2052
4;2051
4;2051
4;2050
4;2050
4;2049
4;2049
4;2048
4;2048
4;2047
4;2047
4;2046
4;2046
4;2045
4;2045
4;2044
4;2044
4;2043
4;2043
4;2042
4;2042
4;2041
4;2041
4;2040
4;2040
4;2039
4;2039
4;2038
4;2038
4;2037
4;2037
4;2036
4;2036
4;2035
4;2035
4;2034
4;2034
4;2033
4;2033
4;2032
4;2032
4;2031
4;2031
4;2030
4;2030
4;2029
4;2029
4;2028
4;2028
4;2027
4;2027
4;2026
4;2026
4;2025
4;2025
4;2024
4;2024
4;2023
4;2023
4;2022
4;2022
4;2021
4;2021
4;2020
4;2020
4;2019
4;2019
4;2018
4;2018
4;2017
4;2017
4;2016
4;2016
4;2015
4;2015
4;2014
4;2014
4;2013
4;2013
4;2012
4;2012
4;2011
4;2011
4;2010
4;2010
4;2009
4;2009
4;2008
4;2008
4;2007
4;2007
4;2006
4;2006
4;2005
4;2005
4;2004
4;2004
4;2003
4;2003
4;2002
4;2002
4;2001
4;2001
4;2000
4;2000
4;1999
4;1999
4;1998
4;1998
4;1997
4;1997
4;1996
4;1996
4;1995
4;1995
4;1994
4;1994
4;1993
4;1993
4;1992
4;1992
4;1991
4;1991
4;1990
4;1990
4;1989
4;1989
4;1988
4;1988
4;1987
4;1987
4;1986
4;1986
4;1985
4;1985
4;1984
4;1984
4;1983
4;1983
4;1982
4;1982
4;1981
4;1981
4;1980
4;1980
4;1979
4;1979
4;1978
4;1978
4;1977
4;1977
4;1976
4;1976
4;1975
4;1975
4;1974
4;1974
4;1973
4;1973
4;1972
4;1972
4;1971
4;1971
4;1970
4;1970
4;1969
4;1969
4;1968
4;1968
4;1967
4;1967
4;1966
4;1966
4;1965
4;1965
4;1964
4;1964
4;1963
4;1963
4;1962
4;1962
4;1961
4;1961
4;1960
4;1960
4;1959
4;1959
4;1958
4;1958
4;1957
4;1957
4;1956
4;1956
4;1955
4;1955
4;1954
4;1954
4;1953
4;1953
4;1952
4;1952
4;1951
4;1951
4;1950
4;1950
4;1949
4;1949
4;1948
4;1948
4;1947
4;1947
4;1946
4;1946
4;1945
4;1945
4;1944
4;1944
4;1943
4;1943
4;1942
4;1942
4;1941
4;1941
4;1940
4;1940
4;1939
4;1939
4;1938
4;1938
4;1937
4;1937
4;1936
4;1936
4;1935
4;1935
4;1934
4;1934
4;1933
4;1933
4;1932
4;1932
4;1931
4;1931
4;1930
4;1930
4;1929
4;1929
4;1928
4;1928
4;1927
4;1927
4;1926
4;1926
4;1925
4;1925
4;1924
4;1924
4;1923
4;1923
4;1922
4;1922
4;1921
4;1921
4;1920
4;1920
4;1919
4;1919
4;1918
4;1918
4;1917
4;1917
4;1916
4;1916
4;1915
4;1915
4;1914
4;1914
4;1913
4;1913
4;1912
4;1912
4;1911
4;1911
4;1910
4;1910
4;1909
4;1909
4;1908
4;1908
4;1907
4;1907
4;1906
4;1906
4;1905
4;1905
4;1904
4;1904
4;1903
4;1903
4;1902
4;1902
4;1901
4;1901
4;1900
4;1900
4;1899
4;1899
4;1898
4;1898
4;1897
4;1897
4;1896
4;1896
4;1895
4;1895
4;1894
4;1894
4;1893
4;1893
4;1892
4;1892
4;1891
4;1891
4;1890
4;1890
4;1889
4;1889
4;1888
4;1888
4;1887
4;1887
4;1886
4;1886
4;1885
4;1885
4;1884
4;1884
4;1883
4;1883
4;1882
4;1882
4;1881
4;1881
4;1880
4;1880
4;1879
4;1879
4;1878
4;1878
4;1877
4;1877
4;1876
4;1876
4;1875
4;1875
4;1874
4;1874
4;1873
4;1873
4;1872
4;1872
4;1871
4;1871
4;1870
4;1870
4;1869
4;1869
4;1868
4;1868
4;1867
4;1867
4;1866
4;1866
4;1865
4;1865
4;1864
4;1864
4;1863
4;1863
4;1862
4;1862
4;1861
4;1861
4;1860
4;1860
4;1859
4;1859
4;1858
4;1858
4;1857
4;1857
4;1856
4;1856
4;1855
4;1855
4;1854
4;1854
4;1853
4;1853
4;1852
4;1852
4;1851
4;1851
4;1850
4;1850
4;1849
4;1849
4;1848
4;1848
4;1847
4;1847
4;1846
4;1846
4;1845
4;1845
4;1844
4;1844
4;1843
4;1843
4;1842
4;1842
4;1841
4;1841
4;1840
4;1840
4;1839
4;1839
4;1838
4;1838
4;1837
4;1837
4;1836
4;1836
4;1835
4;1835
4;1834
4;1834
4;1833
4;1833
4;1832
4;1832
4;1831
4;1831
4;1830
4;1830
4;1829
4;1829
4;1828
4;1828
4;1827
4;1827
4;1826
4;1826
4;1825
4;1825
5;4197
5;4197
5;4196
5;4196
5;4195
5;4195
5;4194
5;4194
5;4193
5;4193
5;4192
5;4192
5;4191
5;4191
5;4190
5;4190
5;4189
5;4189
5;4188
5;4188
5;4187
5;4187
5;4186
5;4186
5;4185
5;4185
5;4184
5;4184
5;4183
5;4183
5;4182
5;4182
5;4181
5;4181
5;4180
5;4180
5;4179
5;4179
5;4178
5;4178
5;4177
5;4177
5;4176
5;4176
5;4175
5;4175
5;4174
5;4174
5;4173
5;4173
5;4172
5;4172
5;4171
5;4171
5;4170
5;4170
5;4169
5;4169
5;4168
5;4168
5;4167
5;4167
5;4166
5;4166
5;4165
5;4165
5;4164
5;4164
5;4163
5;4163
5;4162
5;4162
5;4161
5;4161
5;4160
5;4160
5;4159
5;4159
5;4158
5;4158
5;4157
5;4157
5;4156
5;4156
5;4155
5;4155
5;4154
5;4154
5;4153
5;4153
5;4152
5;4152
5;4151
5;4151
5;4150
5;4150
5;4149
5;4149
5;4148
5;4148
5;4147
5;4147
5;4146
5;4146
5;4145
5;4145
5;4144
5;4144
5;4143
5;4143
5;4142
5;4142
5;4141
5;4141
5;4140
5;4140
5;4139
5;4139
5;4138
5;4138
5;4137
5;4137
5;4136
5;4136
5;4135
5;4135
5;4134
5;4134
5;4133
5;4133
5;4132
5;4132
5;4131
5;4131
5;4130
5;4130
5;4129
5;4129
5;4128
5;4128
5;4127
5;4127
5;4126
5;4126
5;4125
5;4125
5;4124
5;4124
5;4123
5;4123
5;4122
5;4122
5;4121
5;4121
5;4120
5;4120
5;4119
5;4119
5;4118
5;4118
5;4117
5;4117
5;4116
5;4116
5;4115
5;4115
5;4114
5;4114
5;4113
5;4113
5;4112
5;4112
5;4111
5;4111
5;4110
5;4110
5;4109
5;4109
5;4108
5;4108
5;4107
5;4107
5;4106
5;4106
5;4105
5;4105
5;4104
5;4104
5;4103
5;4103
5;4102
5;4102
5;4101
5;4101
5;4100
5;4100
5;4099
5;4099
5;4098
5;4098
5;4097
5;4097
5;4096
5;4096
5;4095
5;4095
5;4094
5;4094
5;4093
5;4093
5;4092
5;4092
5;4091
5;4091
5;4090
5;4090
5;4089
5;4089
5;4088
5;4088
5;4087
5;4087
5;4086
5;4086
5;4085
5;4085
5;4084
5;4084
5;4083
5;4083
5;4082
5;4082
5;4081
5;4081
5;4080
5;4080
5;4079
5;4079
5;4078
5;4078
5;4077
5;4077
5;4076
5;4076
5;4075
5;4075
5;4074
5;4074
5;4073
5;4073
5;4072
5;4072
5;4071
5;4071
5;4070
5;4070
5;4069
5;4069
5;4068
5;4068
5;4067
5;4067
5;4066
5;4066
5;4065
5;4065
5;4064
5;4064
5;4063
5;4063
5;4062
5;4062
5;4061
5;4061
5;4060
5;4060
5;4059
5;4059
5;4058
5;4058
5;4057
5;4057
5;4056
5;4056
5;4055
5;4055
5;4054
5;4054
5;4053
5;4053
5;4052
5;4052
5;4051
5;4051
5;4050
5;4050
5;4049
5;4049
5;4048
5;4048
5;4047
5;4047
5;4046
5;4046
5;4045
5;4045
5;4044
5;4044
5;4043
5;4043
5;4042
5;4042
5;4041
5;4041
5;4040
5;4040
5;4039
5;4039
5;4038
5;4038
5;4037
5;4037
5;4036
5;4036
5;4035
5;4035
5;4034
5;4034
5;4033
5;4033
5;4032
5;4032
5;4031
5;4031
5;4030
5;4030
5;4029
5;4029
5;4028
5;4028
5;4027
5;4027
5;4026
5;4026
5;4025
5;4025
5;4024
5;4024
5;4023
5;4023
5;4022
5;4022
5;4021
5;4021
5;4020
5;4020
5;4019
5;4019
5;4018
5;4018
5;4017
5;4017
5;4016
5;4016
5;4015
5;4015
5;4014
5;4014
5;4013
5;4013
5;4012
5;4012
5;4011
5;4011
5;4010
5;4010
5;4009
5;4009
5;4008
5;4008
5;4007
5;4007
5;4006
5;4006
5;4005
5;4005
5;4004
5;4004
5;4003
5;4003
5;4002
5;4002
5;4001
5;4001
5;4000
5;4000
5;3999
5;3999
5;3998
5;3998
5;3997
5;3997
5;3996
5;3996
5;3995
5;3995
5;3994
5;3994
5;3993
5;3993
5;3992
5;3992
5;3991
5;3991
5;3990
5;3990
5;3989
5;3989
5;3988
5;3988
5;3987
5;3987
5;3986
5;3986
5;3985
5;3985
5;3984
5;3984
5;3983
5;3983
5;3982
5;3982
5;3981
5;3981
5;3980
5;3980
5;3979
5;3979
5;3978
5;3978
5;3977
5;3977
5;3976
5;3976
5;3975
5;3975
5;3974
5;3974
5;3973
5;3973
5;3972
5;3972
5;3971
5;3971
5;3970
5;3970
5;3969
5;3969
5;3968
5;3968
5;3967
5;3967
5;3966
5;3966
5;3965
5;3965
5;3964
5;3964
5;3963
5;3963
5;3962
5;3962
5;3961
5;3961
5;3960
5;3960
5;3959
5;3959
5;3958
5;3958
5;3957
5;3957
5;3956
5;3956
5;3955
5;3955
5;3954
5;3954
5;3953
5;3953
5;3952
5;3952
5;3951
5;3951
5;3950
5;3950
5;3949
5;3949
5;3948
5;3948
5;3947
5;3947
5;3946
5;3946
5;3945
5;3945
5;3944
5;3944
5;3943
5;3943
5;3942
5;3942
5;3941
5;3941
5;3940
5;3940
5;3939
5;3939
5;3938
5;3938
5;3937
5;3937
5;3936
5;3936
5;3935
5;3935
5;3934
5;3934
5;3933
5;3933
5;3932
5;3932
5;3931
5;3931
5;3930
5;3930
5;3929
5;3929
5;3928
5;3928
5;3927
5;3927
5;3926
5;3926
5;3925
5;3925
5;3924
5;3924
5;3923
5;3923
5;3922
5;3922
5;3921
5;3921
5;3920
5;3920
5;3919
5;3919
5;3918
5;3918
5;3917
5;3917
5;3916
5;3916
5;3915
5;3915
5;3914
5;3914
5;3913
5;3913
5;3912
5;3912
5;3911
5;3911
5;3910
5;3910
5;3909
5;3909
5;3908
5;3908
5;3907
5;3907
5;3906
5;3906
5;3905
5;3905
5;3904
5;3904
5;3903
5;3903
5;3902
5;3902
5;3901
5;3901
5;3900
5;3900
5;3899
5;3899
5;3898
5;3898
5;3897
5;3897
5;3896
5;3896
5;3895
5;3895
5;3894
5;3894
5;3893
5;3893
5;3892
5;3892
5;3891
5;3891
5;3890
5;3890
5;3889
5;3889
5;3888
5;3888
5;3887
5;3887
5;3886
5;3886
5;3885
5;3885
5;3884
5;3884
5;3883
5;3883
5;3882
5;3882
5;3881
5;3881
5;3880
5;3880
5;3879
5;3879
5;3878
5;3878
5;3877
5;3877
5;3876
5;3876
5;3875
5;3875
5;3874
5;3874
5;3873
5;3873
5;3872
5;3872
5;3871
5;3871
5;3870
5;3870
5;3869
5;3869
5;3868
5;3868
5;3867
5;3867
5;3866
5;3866
5;3865
5;3865
5;3864
5;3864
5;3863
5;3863
5;3862
5;3862
5;3861
5;3861
5;3860
5;3860
5;3859
5;3859
5;3858
5;3858
5;3857
5;3857
5;3856
5;3856
5;3855
5;3855
5;3854
5;3854
5;3853
5;3853
5;3852
5;3852
5;3851
5;3851
5;3850
5;3850
5;3849
5;3849
5;3848
5;3848
5;3847
5;3847
5;3846
5;3846
5;3845
5;3845
5;3844
5;3844
5;3843
5;3843
5;3842
5;3842
5;3841
5;3841
5;3840
5;3840
5;3839
5;3839
5;3838
5;3838
5;3837
5;3837
5;3836
5;3836
5;3835
5;3835
5;3834
5;3834
5;3833
5;3833
5;3832
5;3832
5;3831
5;3831
5;3830
5;3830
5;3829
5;3829
5;3828
5;3828
5;3827
5;3827
5;3826
5;3826
5;3825
5;3825
5;3824
5;3824
5;3823
5;3823
5;3822
5;3822
5;3821
5;3821
5;3820
5;3820
5;3819
5;3819
5;3818
5;3818
5;3817
5;3817
5;3816
5;3816
5;3815
5;3815
5;3814
5;3814
5;3813
5;3813
5;3812
5;3812
5;3811
5;3811
5;3810
5;3810
5;3809
5;3809
5;3808
5;3808
5;3807
5;3807
5;3806
5;3806
5;3805
5;3805
5;3804
5;3804
5;3803
5;3803
5;3802
5;3802
5;3801
5;3801
5;3800
5;3800
5;3799
5;3799
5;3798
5;3798
5;3797
5;3797
5;3796
5;3796
5;3795
5;3795
5;3794
5;3794
5;3793
5;3793
5;3792
5;3792
5;3791
5;3791
5;3790
5;3790
5;3789
5;3789
5;3788
5;3788
5;3787
5;3787
5;3786
5;3786
5;3785
5;3785
5;3784
5;3784
5;3783
5;3783
5;3782
5;3782
5;3781
5;3781
5;3780
5;3780
5;3779
5;3779
5;3778
5;3778
5;3777
5;3777
5;3776
5;3776
5;3775
5;3775
5;3774
5;3774
5;3773
5;3773
5;3772
5;3772
5;3771
5;3771
5;3770
5;3770
5;3769
5;3769
5;3768
5;3768
5;3767
5;3767
5;3766
5;3766
5;3765
5;3765
5;3764
5;3764
5;3763
5;3763
5;3762
5;3762
5;3761
5;3761
5;3760
5;3760
5;3759
5;3759
5;3758
5;3758
5;3757
5;3757
5;3756
5;3756
5;3755
5;3755
5;3754
5;3754
5;3753
5;3753
5;3752
5;3752
5;3751
5;3751
5;3750
5;3750
5;3749
5;3749
5;3748
5;3748
5;3747
5;3747
5;3746
5;3746
5;3745
5;3745
5;3744
5;3744
5;3743
5;3743
5;3742
5;3742
5;3741
5;3741
5;3740
5;3740
5;3739
5;3739
5;3738
5;3738
5;3737
5;3737
5;3736
5;3736
5;3735
5;3735
5;3734
5;3734
5;3733
5;3733
5;3732
5;3732
5;3731
5;3731
5;3730
5;3730
5;3729
5;3729
5;3728
5;3728
5;3727
5;3727
5;3726
5;3726
5;3725
5;3725
5;3724
5;3724
5;3723
5;3723
5;3722
5;3722
5;3721
5;3721
5;3720
5;3720
5;3719
5;3719
5;3718
5;3718
5;3717
5;3717
5;3716
5;3716
5;3715
5;3715
5;3714
5;3714
5;3713
5;3713
5;3712
5;3712
5;3711
5;3711
5;3710
5;3710
5;3709
5;3709
5;3708
5;3708
5;3707
5;3707
5;3706
5;3706
5;3705
5;3705
5;3704
5;3704
5;3703
5;3703
5;3702
5;3702
5;3701
5;3701
5;3700
5;3700
5;3699
5;3699
5;3698
5;3698
5;3697
5;3697
5;3696
5;3696
5;3695
5;3695
5;3694
5;3694
5;3693
5;3693
5;3692
5;3692
5;3691
5;3691
5;3690
5;3690
5;3689
5;3689
5;3688
5;3688
5;3687
5;3687
5;3686
5;3686
5;3685
5;3685
5;3684
5;3684
5;3683
5;3683
5;3682
5;3682
5;3681
5;3681
5;3680
5;3680
5;3679
5;3679
5;3678
5;3678
5;3677
5;3677
5;3676
5;3676
5;3675
5;3675
5;3674
5;3674
5;3673
5;3673
5;3672
5;3672
5;3671
5;3671
5;3670
5;3670
5;3669
5;3669
5;3668
5;3668
5;3667
5;3667
5;3666
5;3666
5;3665
5;3665
5;3664
5;3664
5;3663
5;3663
5;3662
5;3662
5;3661
5;3661
5;3660
5;3660
5;3659
5;3659
5;3658
5;3658
5;3657
5;3657
5;3656
5;3656
5;3655
5;3655
5;3654
5;3654
5;3653
5;3653
5;3652
5;3652
5;3651
5;3651
5;3650
5;3650
5;3649
5;3649
5;3648
5;3648
5;3647
5;3647
5;3646
5;3646
5;3645
5;3645
5;3644
5;3644
5;3643
5;3643
5;3642
5;3642
5;3641
5;3641
5;3640
5;3640
5;3639
5;3639
5;3638
5;3638
5;3637
5;3637
5;3636
5;3636
5;3635
5;3635
5;3634
5;3634
5;3633
5;3633
5;3632
5;3632
5;3631
5;3631
5;3630
5;3630
5;3629
5;3629
5;3628
5;3628
5;3627
5;3627
5;3626
5;3626
5;3625
5;3625
5;3624
5;3624
5;3623
5;3623
5;3622
5;3622
5;3621
5;3621
5;3620
5;3620
5;3619
5;3619
5;3618
5;3618
5;3617
5;3617
5;3616
5;3616
5;3615
5;3615
5;3614
5;3614
5;3613
5;3613
5;3612
5;3612
5;3611
5;3611
5;3610
5;3610
5;3609
5;3609
5;3608
5;3608
5;3607
5;3607
5;3606
5;3606
5;3605
5;3605
5;3604
5;3604
5;3603
5;3603
5;3602
5;3602
5;3601
5;3601
5;3600
5;3600
5;3599
5;3599
5;3598
5;3598
5;3597
5;3597
5;3596
5;3596
5;3595
5;3595
5;3594
5;3594
5;3593
5;3593
5;3592
5;3592
5;3591
5;3591
5;3590
5;3590
5;3589
5;3589
5;3588
5;3588
5;3587
5;3587
5;3586
5;3586
5;3585
5;3585
5;3584
5;3584
5;3583
5;3583
5;3582
5;3582
5;3581
5;3581
5;3580
5;3580
5;3579
5;3579
5;3578
5;3578
5;3577
5;3577
5;3576
5;3576
5;3575
5;3575
5;3574
5;3574
5;3573
5;3573
5;3572
5;3572
5;3571
5;3571
5;3570
5;3570
5;3569
5;3569
5;3568
5;3568
5;3567
5;3567
5;3566
5;3566
5;3565
5;3565
5;3564
5;3564
5;3563
5;3563
5;3562
5;3562
5;3561
5;3561
5;3560
5;3560
5;3559
5;3559
5;3558
5;3558
5;3557
5;3557
5;3556
5;3556
5;3555
5;3555
5;3554
5;3554
5;3553
5;3553
5;3552
5;3552
5;3551
5;3551
5;3550
5;3550
5;3549
5;3549
5;3548
5;3548
5;3547
5;3547
5;3546
5;3546
5;3545
5;3545
5;3544
5;3544
5;3543
5;3543
5;3542
5;3542
5;3541
5;3541
5;3540
5;3540
5;3539
5;3539
5;3538
5;3538
5;3537
5;3537
5;3536
5;3536
5;3535
5;3535
5;3534
5;3534
5;3533
5;3533
5;3532
5;3532
5;3531
5;3531
5;3530
5;3530
5;3529
5;3529
5;3528
5;3528
5;3527
5;3527
5;3526
5;3526
5;3525
5;3525
5;3524
5;3524
5;3523
5;3523
5;3522
5;3522
5;3521
5;3521
5;3520
5;3520
5;3519
5;3519
5;3518
5;3518
5;3517
5;3517
5;3516
5;3516
5;3515
5;3515
5;3514
5;3514
5;3513
5;3513
5;3512
5;3512
5;3511
5;3511
5;3510
5;3510
5;3509
5;3509
5;3508
5;3508
5;3507
5;3507
5;3506
5;3506
5;3505
5;3505
5;3504
5;3504
5;3503
5;3503
5;3502
5;3502
5;3501
5;3501
5;3500
5;3500
5;3499
5;3499
5;3498
5;3498
5;3497
5;3497
5;3496
5;3496
5;3495
5;3495
5;3494
5;3494
5;3493
5;3493
5;3492
5;3492
5;3491
5;3491
5;3490
5;3490
5;3489
5;3489
5;3488
5;3488
5;3487
5;3487
5;3486
5;3486
5;3485
5;3485
5;3484
5;3484
5;3483
5;3483
5;3482
5;3482
5;3481
5;3481
5;3480
5;3480
5;3479
5;3479
5;3478
5;3478
5;3477
5;3477
5;3476
5;3476
5;3475
5;3475
5;3474
5;3474
5;3473
5;3473
5;3472
5;3472
5;3471
5;3471
5;3470
5;3470
5;3469
5;3469
5;3468
5;3468
5;3467
5;3467
5;3466
5;3466
5;3465
5;3465
5;3464
5;3464
5;3463
5;3463
5;3462
5;3462
5;3461
5;3461
5;3460
5;3460
5;3459
5;3459
5;3458
5;3458
5;3457
5;3457
5;3456
5;3456
5;3455
5;3455
5;3454
5;3454
5;3453
5;3453
5;3452
5;3452
5;3451
5;3451
5;3450
5;3450
5;3449
5;3449
5;3448
5;3448
5;3447
5;3447
5;3446
5;3446
5;3445
5;3445
5;3444
5;3444
5;3443
5;3443
5;3442
5;3442
5;3441
5;3441
5;3440
5;3440
5;3439
5;3439
5;3438
5;3438
5;3437
5;3437
5;3436
5;3436
5;3435
5;3435
5;3434
5;3434
5;3433
5;3433
5;3432
5;3432
5;3431
5;3431
5;3430
5;3430
5;3429
5;3429
5;3428
5;3428
5;3427
5;3427
5;3426
5;3426
5;3425
5;3425
5;3424
5;3424
5;3423
5;3423
5;3422
5;3422
5;3421
5;3421
5;3420
5;3420
5;3419
5;3419
5;3418
5;3418
5;3417
5;3417
5;3416
5;3416
5;3415
5;3415
5;3414
5;3414
5;3413
5;3413
5;3412
5;3412
5;3411
5;3411
5;3410
5;3410
5;3409
5;3409
5;3408
5;3408
5;3407
5;3407
5;3406
5;3406
5;3405
5;3405
5;3404
5;3404
5;3403
5;3403
5;3402
5;3402
5;3401
5;3401
5;3400
5;3400
5;3399
5;3399
5;3398
5;3398
5;3397
5;3397
5;3396
5;3396
5;3395
5;3395
5;3394
5;3394
5;3393
5;3393
5;3392
5;3392
5;3391
5;3391
5;3390
5;3390
5;3389
5;3389
5;3388
5;3388
5;3387
5;3387
5;3386
5;3386
5;3385
5;3385
5;3384
5;3384
5;3383
5;3383
5;3382
5;3382
5;3381
5;3381
5;3380
5;3380
5;3379
5;3379
5;3378
5;3378
5;3377
5;3377
5;3376
5;3376
5;3375
5;3375
5;3374
5;3374
5;3373
5;3373
5;3372
5;3372
5;3371
5;3371
5;3370
5;3370
5;3369
5;3369
5;3368
5;3368
5;3367
5;3367
5;3366
5;3366
5;3365
5;3365
5;3364
5;3364
5;3363
5;3363
5;3362
5;3362
5;3361
5;3361
5;3360
5;3360
5;3359
5;3359
5;3358
5;3358
5;3357
5;3357
5;3356
5;3356
5;3355
5;3355
5;3354
5;3354
5;3353
5;3353
5;3352
5;3352
5;3351
5;3351
5;3350
5;3350
5;3349
5;3349
5;3348
5;3348
5;3347
5;3347
5;3346
5;3346
5;3345
5;3345
5;3344
5;3344
5;3343
5;3343
5;3342
5;3342
5;3341
5;3341
5;3340
5;3340
5;3339
5;3339
5;3338
5;3338
5;3337
5;3337
5;3336
5;3336
5;3335
5;3335
5;3334
5;3334
5;3333
5;3333
5;3332
5;3332
5;3331
5;3331
5;3330
5;3330
5;3329
5;3329
5;3328
5;3328
5;3327
5;3327
5;3326
5;3326
5;3325
5;3325
5;3324
5;3324
5;3323
5;3323
5;3322
5;3322
5;3321
5;3321
5;3320
5;3320
5;3319
5;3319
5;3318
5;3318
5;3317
5;3317
5;3316
5;3316
5;3315
5;3315
5;3314
5;3314
5;3313
5;3313
5;3312
5;3312
5;3311
5;3311
5;3310
5;3310
5;3309
5;3309
5;3308
5;3308
5;3307
5;3307
5;3306
5;3306
5;3305
5;3305
5;3304
5;3304
5;3303
5;3303
5;3302
5;3302
5;3301
5;3301
5;3300
5;3300
5;3299
5;3299
5;3298
5;3298
5;3297
5;3297
5;3296
5;3296
5;3295
5;3295
5;3294
5;3294
5;3293
5;3293
5;3292
5;3292
5;3291
5;3291
5;3290
5;3290
5;3289
5;3289
5;3288
5;3288
5;3287
5;3287
5;3286
5;3286
5;3285
5;3285
5;3284
5;3284
5;3283
5;3283
5;3282
5;3282
5;3281
5;3281
5;3280
5;3280
5;3279
5;3279
5;3278
5;3278
5;3277
5;3277
5;3276
5;3276
5;3275
5;3275
5;3274
5;3274
5;3273
5;3273
5;3272
5;3272
5;3271
5;3271
5;3270
5;3270
5;3269
5;3269
5;3268
5;3268
5;3267
5;3267
5;3266
5;3266
5;3265
5;3265
5;3264
5;3264
5;3263
5;3263
5;3262
5;3262
5;3261
5;3261
5;3260
5;3260
5;3259
5;3259
5;3258
5;3258
5;3257
5;3257
5;3256
5;3256
5;3255
5;3255
5;3254
5;3254
5;3253
5;3253
5;3252
5;3252
5;3251
5;3251
5;3250
5;3250
5;3249
5;3249
5;3248
5;3248
5;3247
5;3247
5;3246
5;3246
5;3245
5;3245
5;3244
5;3244
5;3243
5;3243
5;3242
5;3242
5;3241
5;3241
5;3240
5;3240
5;3239
5;3239
5;3238
5;3238
5;3237
5;3237
5;3236
5;3236
5;3235
5;3235
5;3234
5;3234
5;3233
5;3233
5;3232
5;3232
5;3231
5;3231
5;3230
5;3230
5;3229
5;3229
5;3228
5;3228
5;3227
5;3227
5;3226
5;3226
5;3225
5;3225
5;3224
5;3224
5;3223
5;3223
5;3222
5;3222
5;3221
5;3221
5;3220
5;3220
5;3219
5;3219
5;3218
5;3218
5;3217
5;3217
5;3216
5;3216
5;3215
5;3215
5;3214
5;3214
5;3213
5;3213
5;3212
5;3212
5;3211
5;3211
5;3210
5;3210
5;3209
5;3209
5;3208
5;3208
5;3207
5;3207
5;3206
5;3206
5;3205
5;3205
5;3204
5;3204
5;3203
5;3203
5;3202
5;3202
5;3201
5;3201
5;3200
5;3200
5;3199
5;3199
5;3198
5;3198
5;3197
5;3197
5;3196
5;3196
5;3195
5;3195
5;3194
5;3194
5;3193
5;3193
5;3192
5;3192
5;3191
5;3191
5;3190
5;3190
5;3189
5;3189
5;3188
5;3188
5;3187
5;3187
5;3186
5;3186
5;3185
5;3185
5;3184
5;3184
5;3183
5;3183
5;3182
5;3182
5;3181
5;3181
5;3180
5;3180
5;3179
5;3179
5;3178
5;3178
5;3177
5;3177
5;3176
5;3176
5;3175
5;3175
5;3174
5;3174
5;3173
5;3173
5;3172
5;3172
5;3171
5;3171
5;3170
5;3170
5;3169
5;3169
5;3168
5;3168
5;3167
5;3167
5;3166
5;3166
5;3165
5;3165
5;3164
5;3164
5;3163
5;3163
5;3162
5;3162
5;3161
5;3161
5;3160
5;3160
5;3159
5;3159
5;3158
5;3158
5;3157
5;3157
5;3156
5;3156
5;3155
5;3155
5;3154
5;3154
5;3153
5;3153
5;3152
5;3152
5;3151
5;3151
5;3150
5;3150
5;3149
5;3149
5;3148
5;3148
5;3147
5;3147
5;3146
5;3146
5;3145
5;3145
5;3144
5;3144
5;3143
5;3143
5;3142
5;3142
5;3141
5;3141
5;3140
5;3140
5;3139
5;3139
5;3138
5;3138
5;3137
5;3137
5;3136
5;3136
5;3135
5;3135
5;3134
5;3134
5;3133
5;3133
5;3132
5;3132
5;3131
5;3131
5;3130
5;3130
5;3129
5;3129
5;3128
5;3128
5;3127
5;3127
5;3126
5;3126
5;3125
5;3125
5;3124
5;3124
5;3123
5;3123
5;3122
5;3122
5;3121
5;3121
5;3120
5;3120
5;3119
5;3119
5;3118
5;3118
5;3117
5;3117
5;3116
5;3116
5;3115
5;3115
5;3114
5;3114
5;3113
5;3113
5;3112
5;3112
5;3111
5;3111
5;3110
5;3110
5;3109
5;3109
5;3108
5;3108
5;3107
5;3107
5;3106
5;3106
5;3105
5;3105
5;3104
5;3104
5;3103
5;3103
5;3102
5;3102
5;3101
5;3101
5;3100
5;3100
5;3099
5;3099
5;3098
5;3098
5;3097
5;3097
5;3096
5;3096
5;3095
5;3095
5;3094
5;3094
5;3093
5;3093
5;3092
5;3092
5;3091
5;3091
5;3090
5;3090
5;3089
5;3089
5;3088
5;3088
5;3087
5;3087
5;3086
5;3086
5;3085
5;3085
5;3084
5;3084
5;3083
5;3083
5;3082
5;3082
5;3081
5;3081
5;3080
5;3080
5;3079
5;3079
5;3078
5;3078
5;3077
5;3077
5;3076
5;3076
5;3075
5;3075
5;3074
5;3074
5;3073
5;3073
5;3072
5;3072
5;3071
5;3071
5;3070
5;3070
5;3069
5;3069
5;3068
5;3068
5;3067
5;3067
5;3066
5;3066
5;3065
5;3065
5;3064
5;3064
5;3063
5;3063
5;3062
5;3062
5;3061
5;3061
5;3060
5;3060
5;3059
5;3059
5;3058
5;3058
5;3057
5;3057
5;3056
5;3056
5;3055
5;3055
5;3054
5;3054
5;3053
5;3053
5;3052
5;3052
5;3051
5;3051
5;3050
5;3050
5;3049
5;3049
5;3048
5;3048
5;3047
5;3047
5;3046
5;3046
5;3045
5;3045
5;3044
5;3044
5;3043
5;3043
5;3042
5;3042
5;3041
5;3041
5;3040
5;3040
5;3039
5;3039
5;3038
5;3038
5;3037
5;3037
5;3036
5;3036
5;3035
5;3035
5;3034
5;3034
5;3033
5;3033
5;3032
5;3032
5;3031
5;3031
5;3030
5;3030
5;3029
5;3029
5;3028
5;3028
5;3027
5;3027
5;3026
5;3026
5;3025
5;3025
5;3024
5;3024
5;3023
5;3023
5;3022
5;3022
5;3021
5;3021
5;3020
5;3020
5;3019
5;3019
5;3018
5;3018
5;3017
5;3017
5;3016
5;3016
5;3015
5;3015
5;3014
5;3014
5;3013
5;3013
5;3012
5;3012
5;3011
5;3011
5;3010
5;3010
5;3009
5;3009
5;3008
5;3008
5;3007
5;3007
5;3006
5;3006
5;3005
5;3005
5;3004
5;3004
5;3003
5;3003
5;3002
5;3002
5;3001
5;3001
5;3000
5;3000
5;2999
5;2999
5;2998
5;2998
5;2997
5;2997
5;2996
5;2996
5;2995
5;2995
5;2994
5;2994
5;2993
5;2993
5;2992
5;2992
5;2991
5;2991
5;2990
5;2990
5;2989
5;2989
5;2988
5;2988
5;2987
5;2987
5;2986
5;2986
5;2985
5;2985
5;2984
5;2984
5;2983
5;2983
5;2982
5;2982
5;2981
5;2981
5;2980
5;2980
5;2979
5;2979
5;2978
5;2978
5;2977
5;2977
5;2976
5;2976
5;2975
5;2975
5;2974
5;2974
5;2973
5;2973
5;2972
5;2972
5;2971
5;2971
5;2970
5;2970
5;2969
5;2969
5;2968
5;2968
5;2967
5;2967
5;2966
5;2966
5;2965
5;2965
5;2964
5;2964
5;2963
5;2963
5;2962
5;2962
5;2961
5;2961
5;2960
5;2960
5;2959
5;2959
5;2958
5;2958
5;2957
5;2957
5;2956
5;2956
5;2955
5;2955
5;2954
5;2954
5;2953
5;2953
5;2952
5;2952
5;2951
5;2951
5;2950
5;2950
5;2949
5;2949
5;2948
5;2948
5;2947
5;2947
5;2946
5;2946
5;2945
5;2945
5;2944
5;2944
5;2943
5;2943
5;2942
5;2942
5;2941
5;2941
5;2940
5;2940
5;2939
5;2939
5;2938
5;2938
5;2937
5;2937
5;2936
5;2936
5;2935
5;2935
5;2934
5;2934
5;2933
5;2933
5;2932
5;2932
5;2931
5;2931
5;2930
5;2930
5;2929
5;2929
5;2928
5;2928
5;2927
5;2927
5;2926
5;2926
5;2925
5;2925
5;2924
5;2924
5;2923
5;2923
5;2922
5;2922
5;2921
5;2921
5;2920
5;2920
5;2919
5;2919
5;2918
5;2918
5;2917
5;2917
5;2916
5;2916
5;2915
5;2915
5;2914
5;2914
5;2913
5;2913
5;2912
5;2912
5;2911
5;2911
5;2910
5;2910
5;2909
5;2909
5;2908
5;2908
5;2907
5;2907
5;2906
5;2906
5;2905
5;2905
5;2904
5;2904
5;2903
5;2903
5;2902
5;2902
5;2901
5;2901
5;2900
5;2900
5;2899
5;2899
5;2898
5;2898
5;2897
5;2897
5;2896
5;2896
5;2895
5;2895
5;2894
5;2894
5;2893
5;2893
5;2892
5;2892
5;2891
5;2891
5;2890
5;2890
5;2889
5;2889
5;2888
5;2888
5;2887
5;2887
5;2886
5;2886
5;2885
5;2885
5;2884
5;2884
5;2883
5;2883
5;2882
5;2882
5;2881
5;2881
5;2880
5;2880
5;2879
5;2879
5;2878
5;2878
5;2877
5;2877
5;2876
5;2876
5;2875
5;2875
5;2874
5;2874
5;2873
5;2873
5;2872
5;2872
5;2871
5;2871
5;2870
5;2870
5;2869
5;2869
5;2868
5;2868
5;2867
5;2867
5;2866
5;2866
5;2865
5;2865
5;2864
5;2864
5;2863
5;2863
5;2862
5;2862
5;2861
5;2861
5;2860
5;2860
5;2859
5;2859
5;2858
5;2858
5;2857
5;2857
5;2856
5;2856
5;2855
5;2855
5;2854
5;2854
5;2853
5;2853
5;2852
5;2852
5;2851
5;2851
5;2850
5;2850
5;2849
5;2849
5;2848
5;2848
5;2847
5;2847
5;2846
5;2846
5;2845
5;2845
5;2844
5;2844
5;2843
5;2843
5;2842
5;2842
5;2841
5;2841
5;2840
5;2840
5;2839
5;2839
5;2838
5;2838
5;2837
5;2837
5;2836
5;2836
5;2835
5;2835
5;2834
5;2834
5;2833
5;2833
5;2832
5;2832
5;2831
5;2831
5;2830
5;2830
5;2829
5;2829
5;2828
5;2828
5;2827
5;2827
5;2826
5;2826
5;2825
5;2825
5;2824
5;2824
5;2823
5;2823
5;2822
5;2822
5;2821
5;2821
5;2820
5;2820
5;2819
5;2819
5;2818
5;2818
5;2817
5;2817
5;2816
5;2816
5;2815
5;2815
5;2814
5;2814
5;2813
5;2813
5;2812
5;2812
5;2811
5;2811
5;2810
5;2810
5;2809
5;2809
5;2808
5;2808
5;2807
5;2807
5;2806
5;2806
5;2805
5;2805
5;2804
5;2804
5;2803
5;2803
5;2802
5;2802
5;2801
5;2801
5;2800
5;2800
5;2799
5;2799
5;2798
5;2798
5;2797
5;2797
5;2796
5;2796
5;2795
5;2795
5;2794
5;2794
5;2793
5;2793
5;2792
5;2792
5;2791
5;2791
5;2790
5;2790
5;2789
5;2789
5;2788
5;2788
5;2787
5;2787
5;2786
5;2786
5;2785
5;2785
5;2784
5;2784
5;2783
5;2783
5;2782
5;2782
5;2781
5;2781
5;2780
5;2780
5;2779
5;2779
5;2778
5;2778
5;2777
5;2777
5;2776
5;2776
5;2775
5;2775
5;2774
5;2774
5;2773
5;2773
5;2772
5;2772
5;2771
5;2771
5;2770
5;2770
5;2769
5;2769
5;2768
5;2768
5;2767
5;2767
5;2766
5;2766
5;2765
5;2765
5;2764
5;2764
5;2763
5;2763
5;2762
5;2762
5;2761
5;2761
5;2760
5;2760
5;2759
5;2759
5;2758
5;2758
5;2757
5;2757
5;2756
5;2756
5;2755
5;2755
5;2754
5;2754
5;2753
5;2753
5;2752
5;2752
5;2751
5;2751
5;2750
5;2750
5;2749
5;2749
5;2748
5;2748
5;2747
5;2747
5;2746
5;2746
5;2745
5;2745
5;2744
5;2744
5;2743
5;2743
5;2742
5;2742
5;2741
5;2741
5;2740
5;2740
5;2739
5;2739
5;2738
5;2738
5;2737
5;2737
5;2736
5;2736
5;2735
5;2735
5;2734
5;2734
5;2733
5;2733
5;2732
5;2732
5;2731
5;2731
5;2730
5;2730
5;2729
5;2729
5;2728
5;2728
5;2727
5;2727
5;2726
5;2726
5;2725
5;2725
5;2724
5;2724
5;2723
5;2723
5;2722
5;2722
5;2721
5;2721
5;2720
5;2720
5;2719
5;2719
5;2718
5;2718
5;2717
5;2717
5;2716
5;2716
5;2715
5;2715
5;2714
5;2714
5;2713
5;2713
5;2712
5;2712
5;2711
5;2711
5;2710
5;2710
5;2709
5;2709
5;2708
5;2708
5;2707
5;2707
5;2706
5;2706
5;2705
5;2705
5;2704
5;2704
5;2703
5;2703
5;2702
5;2702
5;2701
5;2701
5;2700
5;2700
5;2699
5;2699
5;2698
5;2698
5;2697
5;2697
5;2696
5;2696
5;2695
5;2695
5;2694
5;2694
5;2693
5;2693
5;2692
5;2692
5;2691
5;2691
5;2690
5;2690
5;2689
5;2689
5;2688
5;2688
5;2687
5;2687
5;2686
5;2686
5;2685
5;2685
5;2684
5;2684
5;2683
5;2683
5;2682
5;2682
5;2681
5;2681
5;2680
5;2680
5;2679
5;2679
5;2678
5;2678
5;2677
5;2677
5;2676
5;2676
5;2675
5;2675
5;2674
5;2674
5;2673
5;2673
5;2672
5;2672
5;2671
5;2671
5;2670
5;2670
5;2669
5;2669
5;2668
5;2668
5;2667
5;2667
5;2666
5;2666
5;2665
5;2665
5;2664
5;2664
5;2663
5;2663
5;2662
5;2662
5;2661
5;2661
5;2660
5;2660
5;2659
5;2659
5;2658
5;2658
5;2657
5;2657
5;2656
5;2656
5;2655
5;2655
5;2654
5;2654
5;2653
5;2653
5;2652
5;2652
5;2651
5;2651
5;2650
5;2650
5;2649
5;2649
5;2648
5;2648
5;2647
5;2647
5;2646
5;2646
5;2645
5;2645
5;2644
5;2644
5;2643
5;2643
5;2642
5;2642
5;2641
5;2641
5;2640
5;2640
5;2639
5;2639
5;2638
5;2638
5;2637
5;2637
5;2636
5;2636
5;2635
5;2635
5;2634
5;2634
5;2633
5;2633
5;2632
5;2632
5;2631
5;2631
5;2630
5;2630
5;2629
5;2629
5;2628
5;2628
5;2627
5;2627
5;2626
5;2626
5;2625
5;2625
5;2624
5;2624
5;2623
5;2623
5;2622
5;2622
5;2621
5;2621
5;2620
5;2620
5;2619
5;2619
5;2618
5;2618
5;2617
5;2617
5;2616
5;2616
5;2615
5;2615
5;2614
5;2614
5;2613
5;2613
5;2612
5;2612
5;2611
5;2611
5;2610
5;2610
5;2609
5;2609
5;2608
5;2608
5;2607
5;2607
5;2606
5;2606
5;2605
5;2605
5;2604
5;2604
5;2603
5;2603
5;2602
5;2602
5;2601
5;2601
5;2600
5;2600
5;2599
5;2599
5;2598
5;2598
5;2597
5;2597
5;2596
5;2596
5;2595
5;2595
5;2594
5;2594
5;2593
5;2593
5;2592
5;2592
5;2591
5;2591
5;2590
5;2590
5;2589
5;2589
5;2588
5;2588
5;2587
5;2587
5;2586
5;2586
5;2585
5;2585
5;2584
5;2584
5;2583
5;2583
5;2582
5;2582
5;2581
5;2581
5;2580
5;2580
5;2579
5;2579
5;2578
5;2578
5;2577
5;2577
5;2576
5;2576
5;2575
5;2575
5;2574
5;2574
5;2573
5;2573
5;2572
5;2572
5;2571
5;2571
5;2570
5;2570
5;2569
5;2569
5;2568
5;2568
5;2567
5;2567
5;2566
5;2566
5;2565
5;2565
5;2564
5;2564
5;2563
5;2563
5;2562
5;2562
5;2561
5;2561
5;2560
5;2560
5;2559
5;2559
5;2558
5;2558
5;2557
5;2557
5;2556
5;2556
5;2555
5;2555
5;2554
5;2554
5;2553
5;2553
5;2552
5;2552
5;2551
5;2551
5;2550
5;2550
5;2549
5;2549
5;2548
5;2548
5;2547
5;2547
5;2546
5;2546
5;2545
5;2545
5;2544
5;2544
5;2543
5;2543
5;2542
5;2542
5;2541
5;2541
5;2540
5;2540
5;2539
5;2539
5;2538
5;2538
5;2537
5;2537
5;2536
5;2536
5;2535
5;2535
5;2534
5;2534
5;2533
5;2533
5;2532
5;2532
5;2531
5;2531
5;2530
5;2530
5;2529
5;2529
5;2528
5;2528
5;2527
5;2527
5;2526
5;2526
5;2525
5;2525
5;2524
5;2524
5;2523
5;2523
5;2522
5;2522
5;2521
5;2521
5;2520
5;2520
5;2519
5;2519
5;2518
5;2518
5;2517
5;2517
5;2516
5;2516
5;2515
5;2515
5;2514
5;2514
5;2513
5;2513
5;2512
5;2512
5;2511
5;2511
5;2510
5;2510
5;2509
5;2509
5;2508
5;2508
5;2507
5;2507
5;2506
5;2506
5;2505
5;2505
5;2504
5;2504
5;2503
5;2503
5;2502
5;2502
5;2501
5;2501
5;2500
5;2500
5;2499
5;2499
5;2498
5;2498
5;2497
5;2497
5;2496
5;2496
5;2495
5;2495
5;2494
5;2494
5;2493
5;2493
5;2492
5;2492
5;2491
5;2491
5;2490
5;2490
5;2489
5;2489
5;2488
5;2488
5;2487
5;2487
5;2486
5;2486
5;2485
5;2485
5;2484
5;2484
5;2483
5;2483
5;2482
5;2482
5;2481
5;2481
5;2480
5;2480
5;2479
5;2479
5;2478
5;2478
5;2477
5;2477
5;2476
5;2476
5;2475
5;2475
5;2474
5;2474
5;2473
5;2473
5;2472
5;2472
5;2471
5;2471
5;2470
5;2470
5;2469
5;2469
5;2468
5;2468
5;2467
5;2467
5;2466
5;2466
5;2465
5;2465
5;2464
5;2464
5;2463
5;2463
5;2462
5;2462
5;2461
5;2461
5;2460
5;2460
5;2459
5;2459
5;2458
5;2458
5;2457
5;2457
5;2456
5;2456
5;2455
5;2455
5;2454
5;2454
5;2453
5;2453
5;2452
5;2452
5;2451
5;2451
5;2450
5;2450
5;2449
5;2449
5;2448
5;2448
5;2447
5;2447
5;2446
5;2446
5;2445
5;2445
5;2444
5;2444
5;2443
5;2443
5;2442
5;2442
5;2441
5;2441
5;2440
5;2440
5;2439
5;2439
5;2438
5;2438
5;2437
5;2437
5;2436
5;2436
5;2435
5;2435
5;2434
5;2434
5;2433
5;2433
5;2432
5;2432
5;2431
5;2431
5;2430
5;2430
5;2429
5;2429
5;2428
5;2428
5;2427
5;2427
5;2426
5;2426
5;2425
5;2425
5;2424
5;2424
5;2423
5;2423
5;2422
5;2422
5;2421
5;2421
5;2420
5;2420
5;2419
5;2419
5;2418
5;2418
5;2417
5;2417
5;2416
5;2416
5;2415
5;2415
5;2414
5;2414
5;2413
5;2413
5;2412
5;2412
5;2411
5;2411
5;2410
5;2410
5;2409
5;2409
5;2408
5;2408
5;2407
5;2407
5;2406
5;2406
5;2405
5;2405
5;2404
5;2404
5;2403
5;2403
5;2402
5;2402
5;2401
5;2401
5;2400
5;2400
5;2399
5;2399
5;2398
5;2398
5;2397
5;2397
5;2396
5;2396
5;2395
5;2395
5;2394
5;2394
5;2393
5;2393
5;2392
5;2392
5;2391
5;2391
5;2390
5;2390
5;2389
5;2389
5;2388
5;2388
5;2387
5;2387
5;2386
5;2386
5;2385
5;2385
5;2384
5;2384
5;2383
5;2383
5;2382
5;2382
5;2381
5;2381
5;2380
5;2380
5;2379
5;2379
5;2378
5;2378
5;2377
5;2377
5;2376
5;2376
5;2375
5;2375
5;2374
5;2374
5;2373
5;2373
5;2372
5;2372
5;2371
5;2371
5;2370
5;2370
5;2369
5;2369
5;2368
5;2368
5;2367
5;2367
5;2366
5;2366
5;2365
5;2365
5;2364
5;2364
5;2363
5;2363
5;2362
5;2362
5;2361
5;2361
5;2360
5;2360
5;2359
5;2359
5;2358
5;2358
5;2357
5;2357
5;2356
5;2356
5;2355
5;2355
5;2354
5;2354
5;2353
5;2353
5;2352
5;2352
5;2351
5;2351
5;2350
5;2350
5;2349
5;2349
5;2348
5;2348
5;2347
5;2347
5;2346
5;2346
5;2345
5;2345
5;2344
5;2344
5;2343
5;2343
5;2342
5;2342
5;2341
5;2341
5;2340
5;2340
5;2339
5;2339
5;2338
5;2338
5;2337
5;2337
5;2336
5;2336
5;2335
5;2335
5;2334
5;2334
5;2333
5;2333
5;2332
5;2332
5;2331
5;2331
5;2330
5;2330
5;2329
5;2329
5;2328
5;2328
5;2327
5;2327
5;2326
5;2326
5;2325
5;2325
5;2324
5;2324
5;2323
5;2323
5;2322
5;2322
5;2321
5;2321
5;2320
5;2320
5;2319
5;2319
5;2318
5;2318
5;2317
5;2317
5;2316
5;2316
5;2315
5;2315
5;2314
5;2314
5;2313
5;2313
5;2312
5;2312
5;2311
5;2311
5;2310
5;2310
5;2309
5;2309
5;2308
5;2308
5;2307
5;2307
5;2306
5;2306
5;2305
5;2305
5;2304
5;2304
5;2303
5;2303
5;2302
5;2302
5;2301
5;2301
5;2300
5;2300
5;2299
5;2299
5;2298
5;2298
5;2297
5;2297
5;2296
5;2296
5;2295
5;2295
5;2294
5;2294
5;2293
5;2293
5;2292
5;2292
5;2291
5;2291
5;2290
5;2290
5;2289
5;2289
5;2288
5;2288
5;2287
5;2287
5;2286
5;2286
5;2285
5;2285
5;2284
5;2284
5;2283
5;2283
5;2282
5;2282
5;2281
5;2281
5;2280
5;2280
5;2279
5;2279
5;2278
5;2278
5;2277
5;2277
5;2276
5;2276
5;2275
5;2275
5;2274
5;2274
5;2273
5;2273
5;2272
5;2272
5;2271
5;2271
5;2270
5;2270
5;2269
5;2269
5;2268
5;2268
5;2267
5;2267
5;2266
5;2266
5;2265
5;2265
5;2264
5;2264
5;2263
5;2263
5;2262
5;2262
5;2261
5;2261
5;2260
5;2260
5;2259
5;2259
5;2258
5;2258
5;2257
5;2257
5;2256
5;2256
5;2255
5;2255
5;2254
5;2254
5;2253
5;2253
5;2252
5;2252
5;2251
5;2251
5;2250
5;2250
5;2249
5;2249
5;2248
5;2248
5;2247
5;2247
5;2246
5;2246
5;2245
5;2245
5;2244
5;2244
5;2243
5;2243
5;2242
5;2242
5;2241
5;2241
5;2240
5;2240
5;2239
5;2239
5;2238
5;2238
5;2237
5;2237
5;2236
5;2236
5;2235
5;2235
5;2234
5;2234
5;2233
5;2233
5;2232
5;2232
5;2231
5;2231
5;2230
5;2230
5;2229
5;2229
5;2228
5;2228
5;2227
5;2227
5;2226
5;2226
5;2225
5;2225
5;2224
5;2224
5;2223
5;2223
5;2222
5;2222
5;2221
5;2221
5;2220
5;2220
5;2219
5;2219
5;2218
5;2218
5;2217
5;2217
5;2216
5;2216
5;2215
5;2215
5;2214
5;2214
5;2213
5;2213
5;2212
5;2212
5;2211
5;2211
5;2210
5;2210
5;2209
5;2209
5;2208
5;2208
5;2207
5;2207
5;2206
5;2206
5;2205
5;2205
5;2204
5;2204
5;2203
5;2203
5;2202
5;2202
5;2201
5;2201
5;2200
5;2200
5;2199
5;2199
5;2198
5;2198
5;2197
5;2197
5;2196
5;2196
5;2195
5;2195
5;2194
5;2194
5;2193
5;2193
5;2192
5;2192
5;2191
5;2191
5;2190
5;2190
5;2189
5;2189
5;2188
5;2188
5;2187
5;2187
5;2186
5;2186
5;2185
5;2185
5;2184
5;2184
5;2183
5;2183
5;2182
5;2182
5;2181
5;2181
5;2180
5;2180
5;2179
5;2179
5;2178
5;2178
5;2177
5;2177
5;2176
5;2176
5;2175
5;2175
5;2174
5;2174
5;2173
5;2173
5;2172
5;2172
5;2171
5;2171
5;2170
5;2170
5;2169
5;2169
5;2168
5;2168
5;2167
5;2167
5;2166
5;2166
5;2165
5;2165
5;2164
5;2164
5;2163
5;2163
5;2162
5;2162
5;2161
5;2161
5;2160
5;2160
5;2159
5;2159
5;2158
5;2158
5;2157
5;2157
5;2156
5;2156
5;2155
5;2155
5;2154
5;2154
5;2153
5;2153
5;2152
5;2152
5;2151
5;2151
5;2150
5;2150
5;2149
5;2149
5;2148
5;2148
5;2147
5;2147
5;2146
5;2146
5;2145
5;2145
5;2144
5;2144
5;2143
5;2143
5;2142
5;2142
5;2141
5;2141
5;2140
5;2140
5;2139
5;2139
5;2138
5;2138
5;2137
5;2137
5;2136
5;2136
5;2135
5;2135
5;2134
5;2134
5;2133
5;2133
5;2132
5;2132
5;2131
5;2131
5;2130
5;2130
5;2129
5;2129
5;2128
5;2128
5;2127
5;2127
5;2126
5;2126
5;2125
5;2125
5;2124
5;2124
5;2123
5;2123
5;2122
5;2122
5;2121
5;2121
5;2120
5;2120
5;2119
5;2119
5;2118
5;2118
5;2117
5;2117
5;2116
5;2116
5;2115
5;2115
5;2114
5;2114
5;2113
5;2113
5;2112
5;2112
5;2111
5;2111
5;2110
5;2110
5;2109
5;2109
5;2108
5;2108
5;2107
5;2107
5;2106
5;2106
5;2105
5;2105
5;2104
5;2104
5;2103
5;2103
5;2102
5;2102
5;2101
5;2101
5;2100
5;2100
5;2099
5;2099
5;2098
5;2098
5;2097
5;2097
5;2096
5;2096
5;2095
5;2095
5;2094
5;2094
5;2093
5;2093
5;2092
5;2092
5;2091
5;2091
5;2090
5;2090
5;2089
5;2089
5;2088
5;2088
5;2087
5;2087
5;2086
5;2086
5;2085
5;2085
5;2084
5;2084
5;2083
5;2083
5;2082
5;2082
5;2081
5;2081
5;2080
5;2080
5;2079
5;2079
5;2078
5;2078
5;2077
5;2077
5;2076
5;2076
5;2075
5;2075
5;2074
5;2074
5;2073
5;2073
5;2072
5;2072
5;2071
5;2071
5;2070
5;2070
5;2069
5;2069
5;2068
5;2068
5;2067
5;2067
5;2066
5;2066
5;2065
5;2065
5;2064
5;2064
5;2063
5;2063
5;2062
5;2062
5;2061
5;2061
5;2060
5;2060
5;2059
5;2059
5;2058
5;2058
5;2057
5;2057
5;2056
5;2056
5;2055
5;2055
5;2054
5;2054
5;2053
5;2053
5;2052
5;2052
5;2051
5;2051
5;2050
5;2050
5;2049
5;2049
5;2048
5;2048
5;2047
5;2047
5;2046
5;2046
5;2045
5;2045
5;2044
5;2044
5;2043
5;2043
5;2042
5;2042
5;2041
5;2041
5;2040
5;2040
5;2039
5;2039
5;2038
5;2038
5;2037
5;2037
5;2036
5;2036
5;2035
5;2035
5;2034
5;2034
5;2033
5;2033
5;2032
5;2032
5;2031
5;2031
5;2030
5;2030
5;2029
5;2029
5;2028
5;2028
5;2027
5;2027
5;2026
5;2026
5;2025
5;2025
5;2024
5;2024
5;2023
5;2023
5;2022
5;2022
5;2021
5;2021
5;2020
5;2020
5;2019
5;2019
5;2018
5;2018
5;2017
5;2017
5;2016
5;2016
5;2015
5;2015
5;2014
5;2014
5;2013
5;2013
5;2012
5;2012
5;2011
5;2011
5;2010
5;2010
5;2009
5;2009
5;2008
5;2008
5;2007
5;2007
5;2006
5;2006
5;2005
5;2005
5;2004
5;2004
5;2003
5;2003
5;2002
5;2002
5;2001
5;2001
5;2000
5;2000
5;1999
5;1999
5;1998
5;1998
5;1997
5;1997
5;1996
5;1996
5;1995
5;1995
5;1994
5;1994
5;1993
5;1993
5;1992
5;1992
5;1991
5;1991
5;1990
5;1990
5;1989
5;1989
5;1988
5;1988
5;1987
5;1987
5;1986
5;1986
5;1985
5;1985
5;1984
5;1984
5;1983
5;1983
5;1982
5;1982
5;1981
5;1981
5;1980
5;1980
5;1979
5;1979
5;1978
5;1978
5;1977
5;1977
5;1976
5;1976
5;1975
5;1975
5;1974
5;1974
5;1973
5;1973
5;1972
5;1972
5;1971
5;1971
5;1970
5;1970
5;1969
5;1969
5;1968
5;1968
5;1967
5;1967
5;1966
5;1966
5;1965
5;1965
5;1964
5;1964
5;1963
5;1963
5;1962
5;1962
5;1961
5;1961
5;1960
5;1960
5;1959
5;1959
5;1958
5;1958
5;1957
5;1957
5;1956
5;1956
5;1955
5;1955
5;1954
5;1954
5;1953
5;1953
5;1952
5;1952
5;1951
5;1951
5;1950
5;1950
5;1949
5;1949
5;1948
5;1948
5;1947
5;1947
5;1946
5;1946
5;1945
5;1945
5;1944
5;1944
5;1943
5;1943
5;1942
5;1942
5;1941
5;1941
5;1940
5;1940
5;1939
5;1939
5;1938
5;1938
5;1937
5;1937
5;1936
5;1936
5;1935
5;1935
5;1934
5;1934
5;1933
5;1933
5;1932
5;1932
5;1931
5;1931
5;1930
5;1930
5;1929
5;1929
5;1928
5;1928
5;1927
5;1927
5;1926
5;1926
5;1925
5;1925
5;1924
5;1924
5;1923
5;1923
5;1922
5;1922
5;1921
5;1921
5;1920
5;1920
5;1919
5;1919
5;1918
5;1918
5;1917
5;1917
5;1916
5;1916
5;1915
5;1915
5;1914
5;1914
5;1913
5;1913
5;1912
5;1912
5;1911
5;1911
5;1910
5;1910
5;1909
5;1909
5;1908
5;1908
5;1907
5;1907
5;1906
5;1906
5;1905
5;1905
5;1904
5;1904
5;1903
5;1903
5;1902
5;1902
5;1901
5;1901
5;1900
5;1900
5;1899
5;1899
5;1898
5;1898
5;1897
5;1897
5;1896
5;1896
5;1895
5;1895
5;1894
5;1894
5;1893
5;1893
5;1892
5;1892
5;1891
5;1891
5;1890
5;1890
5;1889
5;1889
5;1888
5;1888
5;1887
5;1887
5;1886
5;1886
5;1885
5;1885
5;1884
5;1884
5;1883
5;1883
5;1882
5;1882
5;1881
5;1881
5;1880
5;1880
5;1879
5;1879
5;1878
5;1878
5;1877
5;1877
5;1876
5;1876
5;1875
5;1875
5;1874
5;1874
5;1873
5;1873
5;1872
5;1872
5;1871
5;1871
5;1870
5;1870
5;1869
5;1869
5;1868
5;1868
5;1867
5;1867
5;1866
5;1866
5;1865
5;1865
5;1864
5;1864
5;1863
5;1863
5;1862
5;1862
5;1861
5;1861
5;1860
5;1860
5;1859
5;1859
5;1858
5;1858
5;1857
5;1857
5;1856
5;1856
5;1855
5;1855
5;1854
5;1854
5;1853
5;1853
5;1852
5;1852
5;1851
5;1851
5;1850
5;1850
5;1849
5;1849
5;1848
5;1848
5;1847
5;1847
5;1846
5;1846
5;1845
5;1845
5;1844
5;1844
5;1843
5;1843
5;1842
5;1842
5;1841
5;1841
5;1840
5;1840
5;1839
5;1839
5;1838
5;1838
5;1837
5;1837
5;1836
5;1836
5;1835
5;1835
5;1834
5;1834
5;1833
5;1833
5;1832
5;1832
5;1831
5;1831
5;1830
5;1830
5;1829
5;1829
5;1828
5;1828
5;1827
5;1827
5;1826
5;1826
5;1825
5;1825
5;1824
5;1824
5;1823
5;1823
5;1822
5;1822
5;1821
5;1821
5;1820
5;1820
5;1819
5;1819
5;1818
5;1818
5;1817
5;1817
5;1816
5;1816
5;1815
5;1815
5;1814
5;1814
5;1813
5;1813
5;1812
5;1812
5;1811
5;1811
5;1810
5;1810
5;1809
5;1809
5;1808
5;1808
5;1807
5;1807
5;1806
5;1806
5;1805
5;1805
5;1804
5;1804
5;1803
5;1803
5;1802
5;1802
5;1801
5;1801
5;1800
5;1800
5;1799
5;1799
5;1798
5;1798
5;1797
5;1797
5;1796
5;1796
5;1795
5;1795
5;1794
5;1794
5;1793
5;1793
5;1792
5;1792
5;1791
5;1791
5;1790
5;1790
5;1789
5;1789
5;1788
5;1788
5;1787
5;1787
5;1786
5;1786
5;1785
5;1785
5;1784
5;1784
5;1783
5;1783
5;1782
5;1782
5;1781
5;1781
5;1780
5;1780
5;1779
5;1779
5;1778
5;1778
5;1777
5;1777
5;1776
5;1776
5;1775
5;1775
5;1774
5;1774
5;1773
5;1773
5;1772
5;1772
5;1771
5;1771
5;1770
5;1770
5;1769
5;1769
5;1768
5;1768
5;1767
5;1767
5;1766
5;1766
5;1765
5;1765
5;1764
5;1764
5;1763
5;1763
5;1762
5;1762
5;1761
5;1761
5;1760
5;1760
5;1759
5;1759
5;1758
5;1758
5;1757
5;1757
5;1756
5;1756
5;1755
5;1755
5;1754
5;1754
5;1753
5;1753
5;1752
5;1752
5;1751
5;1751
5;1750
5;1750
5;1749
5;1749
5;1748
5;1748
5;1747
5;1747
5;1746
5;1746
5;1745
5;1745
5;1744
5;1744
5;1743
5;1743
5;1742
5;1742
5;1741
5;1741
5;1740
5;1740
5;1739
5;1739
5;1738
5;1738
5;1737
5;1737
5;1736
5;1736
5;1735
5;1735
5;1734
5;1734
5;1733
5;1733
5;1732
5;1732
5;1731
5;1731
5;1730
5;1730
5;1729
5;1729
5;1728
5;1728
5;1727
5;1727
5;1726
5;1726
5;1725
5;1725
5;1724
5;1724
5;1723
5;1723
5;1722
5;1722
5;1721
5;1721
5;1720
5;1720
5;1719
5;1719
5;1718
5;1718
5;1717
5;1717
5;1716
5;1716
5;1715
5;1715
5;1714
5;1714
5;1713
5;1713
5;1712
5;1712
5;1711
5;1711
5;1710
5;1710
5;1709
5;1709
5;1708
5;1708
5;1707
5;1707
5;1706
5;1706
5;1705
5;1705
5;1704
5;1704
5;1703
5;1703
5;1702
5;1702
5;1701
5;1701
5;1700
5;1700
5;1699
5;1699
5;1698
5;1698
5;1697
5;1697
5;1696
5;1696
5;1695
5;1695
5;1694
5;1694
5;1693
5;1693
5;1692
5;1692
5;1691
5;1691
5;1690
5;1690
5;1689
5;1689
5;1688
5;1688
5;1687
5;1687
5;1686
5;1686
5;1685
5;1685
5;1684
5;1684
5;1683
5;1683
5;1682
5;1682
5;1681
5;1681
5;1680
5;1680
5;1679
5;1679
5;1678
5;1678
5;1677
5;1677
5;1676
5;1676
5;1675
5;1675
5;1674
5;1674
5;1673
5;1673
5;1672
5;1672
5;1671
5;1671
5;1670
5;1670
5;1669
5;1669
5;1668
5;1668
5;1667
5;1667
5;1666
5;1666
5;1665
5;1665
5;1664
5;1664
5;1663
5;1663
5;1662
5;1662
5;1661
5;1661
5;1660
5;1660
5;1659
5;1659
5;1658
5;1658
5;1657
5;1657
5;1656
5;1656
5;1655
5;1655
5;1654
5;1654
5;1653
5;1653
5;1652
5;1652
5;1651
5;1651
5;1650
5;1650
5;1649
5;1649
5;1648
5;1648
5;1647
5;1647
5;1646
5;1646
5;1645
5;1645
5;1644
5;1644
5;1643
5;1643
5;1642
5;1642
5;1641
5;1641
5;1640
5;1640
5;1639
5;1639
5;1638
5;1638
5;1637
5;1637
5;1636
5;1636
5;1635
5;1635
5;1634
5;1634
5;1633
5;1633
5;1632
5;1632
5;1631
5;1631
5;1630
5;1630
5;1629
5;1629
5;1628
5;1628
5;1627
5;1627
5;1626
5;1626
5;1625
5;1625
5;1624
5;1624
5;1623
5;1623
5;1622
5;1622
5;1621
5;1621
5;1620
5;1620
5;1619
5;1619
5;1618
5;1618
5;1617
5;1617
5;1616
5;1616
5;1615
5;1615
5;1614
5;1614
5;1613
5;1613
5;1612
5;1612
5;1611
5;1611
5;1610
5;1610
5;1609
5;1609
5;1608
5;1608
5;1607
5;1607
5;1606
5;1606
5;1605
5;1605
5;1604
5;1604
5;1603
5;1603
5;1602
5;1602
5;1601
5;1601
5;1600
5;1600
5;1599
5;1599
5;1598
5;1598
5;1597
5;1597
5;1596
5;1596
5;1595
5;1595
5;1594
5;1594
5;1593
5;1593
5;1592
5;1592
5;1591
5;1591
5;1590
5;1590
5;1589
5;1589
5;1588
5;1588
5;1587
5;1587
5;1586
5;1586
5;1585
5;1585
5;1584
5;1584
5;1583
5;1583
5;1582
5;1582
5;1581
5;1581
5;1580
5;1580
5;1579
5;1579
5;1578
5;1578
5;1577
5;1577
5;1576
5;1576
5;1575
5;1575
5;1574
5;1574
5;1573
5;1573
5;1572
5;1572
5;1571
5;1571
5;1570
5;1570
5;1569
5;1569
5;1568
5;1568
5;1567
5;1567
5;1566
5;1566
5;1565
5;1565
5;1564
5;1564
5;1563
5;1563
5;1562
5;1562
5;1561
5;1561
5;1560
5;1560
5;1559
5;1559
5;1558
5;1558
5;1557
5;1557
5;1556
5;1556
5;1555
5;1555
5;1554
5;1554
5;1553
5;1553
5;1552
5;1552
5;1551
5;1551
5;1550
5;1550
5;1549
5;1549
5;1548
5;1548
5;1547
5;1547
5;1546
5;1546
5;1545
5;1545
5;1544
5;1544
5;1543
5;1543
5;1542
5;1542
5;1541
5;1541
5;1540
5;1540
5;1539
5;1539
5;1538
5;1538
5;1537
5;1537
5;1536
5;1536
5;1535
5;1535
5;1534
5;1534
5;1533
5;1533
5;1532
5;1532
5;1531
5;1531
5;1530
5;1530
5;1529
5;1529
5;1528
5;1528
5;1527
5;1527
5;1526
5;1526
5;1525
5;1525
5;1524
5;1524
5;1523
5;1523
5;1522
5;1522
5;1521
5;1521
5;1520
5;1520
5;1519
5;1519
5;1518
5;1518
5;1517
5;1517
5;1516
5;1516
5;1515
5;1515
5;1514
5;1514
5;1513
5;1513
5;1512
5;1512
5;1511
5;1511
5;1510
5;1510
5;1509
5;1509
5;1508
5;1508
5;1507
5;1507
5;1506
5;1506
5;1505
5;1505
5;1504
5;1504
5;1503
5;1503
5;1502
5;1502
5;1501
5;1501
5;1500
5;1500
5;1499
5;1499
5;1498
5;1498
5;1497
5;1497
5;1496
5;1496
5;1495
5;1495
5;1494
5;1494
5;1493
5;1493
5;1492
5;1492
5;1491
5;1491
5;1490
5;1490
5;1489
5;1489
5;1488
5;1488
5;1487
5;1487
5;1486
5;1486
5;1485
5;1485
5;1484
5;1484
5;1483
5;1483
5;1482
5;1482
5;1481
5;1481
5;1480
5;1480
5;1479
5;1479
5;1478
5;1478
5;1477
5;1477
5;1476
5;1476
5;1475
5;1475
5;1474
5;1474
5;1473
5;1473
5;1472
5;1472
5;1471
5;1471
5;1470
5;1470
5;1469
5;1469
5;1468
5;1468
5;1467
5;1467
5;1466
5;1466
5;1465
5;1465
5;1464
5;1464
5;1463
5;1463
5;1462
5;1462
5;1461
5;1461
5;1460
5;1460
5;1459
5;1459
5;1458
5;1458
5;1457
5;1457
5;1456
5;1456
5;1455
5;1455
5;1454
5;1454
5;1453
5;1453
5;1452
5;1452
5;1451
5;1451
5;1450
5;1450
5;1449
5;1449
5;1448
5;1448
5;1447
5;1447
5;1446
5;1446
5;1445
5;1445
5;1444
5;1444
5;1443
5;1443
5;1442
5;1442
5;1441
5;1441
5;1440
5;1440
5;1439
5;1439
5;1438
5;1438
5;1437
5;1437
5;1436
5;1436
5;1435
5;1435
5;1434
5;1434
5;1433
5;1433
5;1432
5;1432
5;1431
5;1431
5;1430
5;1430
5;1429
5;1429
5;1428
5;1428
5;1427
5;1427
5;1426
5;1426
5;1425
5;1425
5;1424
5;1424
5;1423
5;1423
5;1422
5;1422
5;1421
5;1421
5;1420
5;1420
5;1419
5;1419
5;1418
5;1418
5;1417
5;1417
5;1416
5;1416
5;1415
5;1415
5;1414
5;1414
5;1413
5;1413
5;1412
5;1412
5;1411
5;1411
5;1410
5;1410
5;1409
5;1409
5;1408
5;1408
5;1407
5;1407
5;1406
5;1406
5;1405
5;1405
5;1404
5;1404
5;1403
5;1403
5;1402
5;1402
5;1401
5;1401
5;1400
5;1400
5;1399
5;1399
5;1398
5;1398
5;1397
5;1397
5;1396
5;1396
5;1395
5;1395
5;1394
5;1394
5;1393
5;1393
5;1392
5;1392
5;1391
5;1391
5;1390
5;1390
5;1389
5;1389
5;1388
5;1388
5;1387
5;1387
5;1386
5;1386
5;1385
5;1385
5;1384
5;1384
5;1383
5;1383
5;1382
5;1382
5;1381
5;1381
5;1380
5;1380
5;1379
5;1379
5;1378
5;1378
5;1377
5;1377
5;1376
5;1376
5;1375
5;1375
5;1374
5;1374
5;1373
5;1373
5;1372
5;1372
5;1371
5;1371
5;1370
5;1370
5;1369
5;1369
5;1368
5;1368
5;1367
5;1367
5;1366
5;1366
5;1365
5;1365
5;1364
5;1364
5;1363
5;1363
5;1362
5;1362
5;1361
5;1361
5;1360
5;1360
5;1359
5;1359
5;1358
5;1358
5;1357
5;1357
5;1356
5;1356
5;1355
5;1355
5;1354
5;1354
5;1353
5;1353
5;1352
5;1352
5;1351
5;1351
5;1350
5;1350
5;1349
5;1349
5;1348
5;1348
5;1347
5;1347
5;1346
5;1346
5;1345
5;1345
5;1344
5;1344
5;1343
5;1343
5;1342
5;1342
5;1341
5;1341
5;1340
5;1340
5;1339
5;1339
5;1338
5;1338
5;1337
5;1337
5;1336
5;1336
5;1335
5;1335
5;1334
5;1334
5;1333
5;1333
5;1332
5;1332
5;1331
5;1331
5;1330
5;1330
5;1329
5;1329
5;1328
5;1328
5;1327
5;1327
5;1326
5;1326
5;1325
5;1325
5;1324
5;1324
5;1323
5;1323
5;1322
5;1322
5;1321
5;1321
5;1320
5;1320
5;1319
5;1319
5;1318
5;1318
5;1317
5;1317
5;1316
5;1316
5;1315
5;1315
5;1314
5;1314
5;1313
5;1313
5;1312
5;1312
5;1311
5;1311
5;1310
5;1310
5;1309
5;1309
5;1308
5;1308
5;1307
5;1307
5;1306
5;1306
5;1305
5;1305
5;1304
5;1304
5;1303
5;1303
5;1302
5;1302
5;1301
5;1301
5;1300
5;1300
5;1299
5;1299
5;1298
5;1298
5;1297
5;1297
5;1296
5;1296
5;1295
5;1295
5;1294
5;1294
5;1293
5;1293
5;1292
5;1292
5;1291
5;1291
5;1290
5;1290
5;1289
5;1289
5;1288
5;1288
5;1287
5;1287
5;1286
5;1286
5;1285
5;1285
5;1284
5;1284
5;1283
5;1283
5;1282
5;1282
5;1281
5;1281
5;1280
5;1280
5;1279
5;1279
5;1278
5;1278
5;1277
5;1277
5;1276
5;1276
5;1275
5;1275
5;1274
5;1274
5;1273
5;1273
5;1272
5;1272
5;1271
5;1271
5;1270
5;1270
5;1269
5;1269
5;1268
5;1268
5;1267
5;1267
5;1266
5;1266
5;1265
5;1265
5;1264
5;1264
5;1263
5;1263
5;1262
5;1262
5;1261
5;1261
5;1260
5;1260
5;1259
5;1259
5;1258
5;1258
5;1257
5;1257
5;1256
5;1256
5;1255
5;1255
5;1254
5;1254
5;1253
5;1253
5;1252
5;1252
5;1251
5;1251
5;1250
5;1250
5;1249
5;1249
5;1248
5;1248
5;1247
5;1247
5;1246
5;1246
5;1245
5;1245
5;1244
5;1244
5;1243
5;1243
5;1242
5;1242
5;1241
5;1241
5;1240
5;1240
5;1239
5;1239
5;1238
5;1238
5;1237
5;1237
5;1236
5;1236
5;1235
5;1235
5;1234
5;1234
5;1233
5;1233
5;1232
5;1232
5;1231
5;1231
5;1230
5;1230
5;1229
5;1229
5;1228
5;1228
5;1227
5;1227
5;1226
5;1226
5;1225
5;1225
5;1224
5;1224
5;1223
5;1223
5;1222
5;1222
5;1221
5;1221
5;1220
5;1220
5;1219
5;1219
5;1218
5;1218
5;1217
5;1217
5;1216
5;1216
5;1215
5;1215
5;1214
5;1214
5;1213
5;1213
5;1212
5;1212
5;1211
5;1211
5;1210
5;1210
5;1209
5;1209
5;1208
5;1208
5;1207
5;1207
5;1206
5;1206
5;1205
5;1205
5;1204
5;1204
5;1203
5;1203
5;1202
5;1202
5;1201
5;1201
5;1200
5;1200
5;1199
5;1199
5;1198
5;1198
5;1197
5;1197
5;1196
5;1196
5;1195
5;1195
5;1194
5;1194
5;1193
5;1193
5;1192
5;1192
5;1191
5;1191
5;1190
5;1190
5;1189
5;1189
5;1188
5;1188
5;1187
5;1187
5;1186
5;1186
5;1185
5;1185
5;1184
5;1184
5;1183
5;1183
5;1182
5;1182
5;1181
5;1181
5;1180
5;1180
5;1179
5;1179
5;1178
5;1178
5;1177
5;1177
5;1176
5;1176
5;1175
5;1175
5;1174
5;1174
5;1173
5;1173
5;1172
5;1172
5;1171
5;1171
5;1170
5;1170
5;1169
5;1169
5;1168
5;1168
5;1167
5;1167
5;1166
5;1166
5;1165
5;1165
5;1164
5;1164
5;1163
5;1163
5;1162
5;1162
5;1161
5;1161
5;1160
5;1160
5;1159
5;1159
5;1158
5;1158
5;1157
5;1157
5;1156
5;1156
5;1155
5;1155
5;1154
5;1154
5;1153
5;1153
5;1152
5;1152
5;1151
5;1151
5;1150
5;1150
5;1149
5;1149
5;1148
5;1148
5;1147
5;1147
5;1146
5;1146
5;1145
5;1145
5;1144
5;1144
5;1143
5;1143
5;1142
5;1142
5;1141
5;1141
5;1140
5;1140
5;1139
5;1139
5;1138
5;1138
5;1137
5;1137
5;1136
5;1136
5;1135
5;1135
5;1134
5;1134
5;1133
5;1133
5;1132
5;1132
5;1131
5;1131
5;1130
5;1130
5;1129
5;1129
5;1128
5;1128
5;1127
5;1127
5;1126
5;1126
5;1125
5;1125
5;1124
5;1124
5;1123
5;1123
5;1122
5;1122
5;1121
5;1121
5;1120
5;1120
5;1119
5;1119
5;1118
5;1118
5;1117
5;1117
5;1116
5;1116
5;1115
5;1115
5;1114
5;1114
5;1113
5;1113
5;1112
5;1112
5;1111
5;1111
5;1110
5;1110
5;1109
5;1109
5;1108
5;1108
5;1107
5;1107
5;1106
5;1106
5;1105
5;1105
5;1104
5;1104
5;1103
5;1103
5;1102
5;1102
5;1101
5;1101
5;1100
5;1100
5;1099
5;1099
5;1098
5;1098
5;1097
5;1097
5;1096
5;1096
5;1095
5;1095
5;1094
5;1094
5;1093
5;1093
5;1092
5;1092
5;1091
5;1091
5;1090
5;1090
5;1089
5;1089
5;1088
5;1088
5;1087
5;1087
5;1086
5;1086
5;1085
5;1085
5;1084
5;1084
5;1083
5;1083
5;1082
5;1082
5;1081
5;1081
5;1080
5;1080
5;1079
5;1079
5;1078
5;1078
5;1077
5;1077
5;1076
5;1076
5;1075
5;1075
5;1074
5;1074
5;1073
5;1073
5;1072
5;1072
5;1071
5;1071
5;1070
5;1070
5;1069
5;1069
5;1068
5;1068
5;1067
5;1067
5;1066
5;1066
5;1065
5;1065
5;1064
5;1064
5;1063
5;1063
5;1062
5;1062
5;1061
5;1061
5;1060
5;1060
5;1059
5;1059
5;1058
5;1058
5;1057
5;1057
5;1056
5;1056
5;1055
5;1055
5;1054
5;1054
5;1053
5;1053
5;1052
5;1052
5;1051
5;1051
5;1050
5;1050
5;1049
5;1049
5;1048
5;1048
5;1047
5;1047
5;1046
5;1046
5;1045
5;1045
5;1044
5;1044
5;1043
5;1043
5;1042
5;1042
5;1041
5;1041
5;1040
5;1040
5;1039
5;1039
5;1038
5;1038
5;1037
5;1037
5;1036
5;1036
5;1035
5;1035
5;1034
5;1034
5;1033
5;1033
5;1032
5;1032
5;1031
5;1031
5;1030
5;1030
5;1029
5;1029
5;1028
5;1028
5;1027
5;1027
5;1026
5;1026
5;1025
5;1025
5;1024
5;1024
5;1023
5;1023
5;1022
5;1022
5;1021
5;1021
5;1020
5;1020
5;1019
5;1019
5;1018
5;1018
5;1017
5;1017
5;1016
5;1016
5;1015
5;1015
5;1014
5;1014
5;1013
5;1013
5;1012
5;1012
5;1011
5;1011
5;1010
5;1010
5;1009
5;1009
5;1008
5;1008
5;1007
5;1007
5;1006
5;1006
5;1005
5;1005
5;1004
5;1004
5;1003
5;1003
5;1002
5;1002
5;1001
5;1001
5;1000
5;1000
5;999
5;999
5;998
5;998
5;997
5;997
5;996
5;996
5;995
5;995
5;994
5;994
5;993
5;993
5;992
5;992
5;991
5;991
5;990
5;990
5;989
5;989
5;988
5;988
5;987
5;987
5;986
5;986
5;985
5;985
5;984
5;984
5;983
5;983
5;982
5;982
5;981
5;981
5;980
5;980
5;979
5;979
5;978
5;978
5;977
5;977
5;976
5;976
5;975
5;975
5;974
5;974
5;973
5;973
5;972
5;972
5;971
5;971
5;970
5;970
5;969
5;969
6;1541
6;1541
6;1540
6;1540
6;1539
6;1539
6;1538
6;1538
6;1537
6;1537
6;1536
6;1536
6;1535
6;1535
6;1534
6;1534
6;1533
6;1533
6;1532
6;1532
6;1531
6;1531
6;1530
6;1530
6;1529
6;1529
6;1528
6;1528
6;1527
6;1527
6;1526
6;1526
6;1525
6;1525
6;1524
6;1524
6;1523
6;1523
6;1522
6;1522
6;1521
6;1521
6;1520
6;1520
6;1519
6;1519
6;1518
6;1518
6;1517
6;1517
6;1516
6;1516
6;1515
6;1515
6;1514
6;1514
6;1513
6;1513
6;1512
6;1512
6;1511
6;1511
6;1510
6;1510
6;1509
6;1509
6;1508
6;1508
6;1507
6;1507
6;1506
6;1506
6;1505
6;1505
6;1504
6;1504
6;1503
6;1503
6;1502
6;1502
6;1501
6;1501
6;1500
6;1500
6;1499
6;1499
6;1498
6;1498
6;1497
6;1497
6;1496
6;1496
6;1495
6;1495
6;1494
6;1494
6;1493
6;1493
6;1492
6;1492
6;1491
6;1491
6;1490
6;1490
6;1489
6;1489
6;1488
6;1488
6;1487
6;1487
6;1486
6;1486
6;1485
6;1485
6;1484
6;1484
6;1483
6;1483
6;1482
6;1482
6;1481
6;1481
6;1480
6;1480
6;1479
6;1479
6;1478
6;1478
6;1477
6;1477
6;1476
6;1476
6;1475
6;1475
6;1474
6;1474
6;1473
6;1473
6;1472
6;1472
6;1471
6;1471
6;1470
6;1470
6;1469
6;1469
6;1468
6;1468
6;1467
6;1467
6;1466
6;1466
6;1465
6;1465
6;1464
6;1464
6;1463
6;1463
6;1462
6;1462
6;1461
6;1461
6;1460
6;1460
6;1459
6;1459
6;1458
6;1458
6;1457
6;1457
6;1456
6;1456
6;1455
6;1455
6;1454
6;1454
6;1453
6;1453
6;1452
6;1452
6;1451
6;1451
6;1450
6;1450
6;1449
6;1449
6;1448
6;1448
6;1447
6;1447
6;1446
6;1446
6;1445
6;1445
6;1444
6;1444
6;1443
6;1443
6;1442
6;1442
6;1441
6;1441
6;1440
6;1440
6;1439
6;1439
6;1438
6;1438
6;1437
6;1437
6;1436
6;1436
6;1435
6;1435
6;1434
6;1434
6;1433
6;1433
6;1432
6;1432
6;1431
6;1431
6;1430
6;1430
6;1429
6;1429
6;1428
6;1428
6;1427
6;1427
6;1426
6;1426
6;1425
6;1425
6;1424
6;1424
6;1423
6;1423
6;1422
6;1422
6;1421
6;1421
6;1420
6;1420
6;1419
6;1419
6;1418
6;1418
6;1417
6;1417
6;1416
6;1416
6;1415
6;1415
6;1414
6;1414
6;1413
6;1413
6;1412
6;1412
6;1411
6;1411
6;1410
6;1410
6;1409
6;1409
6;1408
6;1408
6;1407
6;1407
6;1406
6;1406
6;1405
6;1405
6;1404
6;1404
6;1403
6;1403
6;1402
6;1402
6;1401
6;1401
6;1400
6;1400
6;1399
6;1399
6;1398
6;1398
6;1397
6;1397
6;1396
6;1396
6;1395
6;1395
6;1394
6;1394
6;1393
6;1393
6;1392
6;1392
6;1391
6;1391
6;1390
6;1390
6;1389
6;1389
6;1388
6;1388
6;1387
6;1387
6;1386
6;1386
6;1385
6;1385
6;1384
6;1384
6;1383
6;1383
6;1382
6;1382
6;1381
6;1381
6;1380
6;1380
6;1379
6;1379
6;1378
6;1378
6;1377
6;1377
6;1376
6;1376
6;1375
6;1375
6;1374
6;1374
6;1373
6;1373
6;1372
6;1372
6;1371
6;1371
6;1370
6;1370
6;1369
6;1369
6;1368
6;1368
6;1367
6;1367
6;1366
6;1366
6;1365
6;1365
6;1364
6;1364
6;1363
6;1363
6;1362
6;1362
6;1361
6;1361
6;1360
6;1360
6;1359
6;1359
6;1358
6;1358
6;1357
6;1357
6;1356
6;1356
6;1355
6;1355
6;1354
6;1354
6;1353
6;1353
6;1352
6;1352
6;1351
6;1351
6;1350
6;1350
6;1349
6;1349
6;1348
6;1348
6;1347
6;1347
6;1346
6;1346
6;1345
6;1345
6;1344
6;1344
6;1343
6;1343
6;1342
6;1342
6;1341
6;1341
6;1340
6;1340
6;1339
6;1339
6;1338
6;1338
6;1337
6;1337
6;1336
6;1336
6;1335
6;1335
6;1334
6;1334
6;1333
6;1333
6;1332
6;1332
6;1331
6;1331
6;1330
6;1330
6;1329
6;1329
6;1328
6;1328
6;1327
6;1327
6;1326
6;1326
6;1325
6;1325
6;1324
6;1324
6;1323
6;1323
6;1322
6;1322
6;1321
6;1321
6;1320
6;1320
6;1319
6;1319
6;1318
6;1318
6;1317
6;1317
6;1316
6;1316
6;1315
6;1315
6;1314
6;1314
6;1313
6;1313
6;1312
6;1312
6;1311
6;1311
6;1310
6;1310
6;1309
6;1309
6;1308
6;1308
6;1307
6;1307
6;1306
6;1306
6;1305
6;1305
6;1304
6;1304
6;1303
6;1303
6;1302
6;1302
6;1301
6;1301
6;1300
6;1300
6;1299
6;1299
6;1298
6;1298
6;1297
6;1297
6;1296
6;1296
6;1295
6;1295
6;1294
6;1294
6;1293
6;1293
6;1292
6;1292
6;1291
6;1291
6;1290
6;1290
6;1289
6;1289
6;1288
6;1288
6;1287
6;1287
6;1286
6;1286
6;1285
6;1285
6;1284
6;1284
6;1283
6;1283
6;1282
6;1282
6;1281
6;1281
6;1280
6;1280
6;1279
6;1279
6;1278
6;1278
6;1277
6;1277
6;1276
6;1276
6;1275
6;1275
6;1274
6;1274
6;1273
6;1273
6;1272
6;1272
6;1271
6;1271
6;1270
6;1270
6;1269
6;1269
6;1268
6;1268
6;1267
6;1267
6;1266
6;1266
6;1265
6;1265
6;1264
6;1264
6;1263
6;1263
6;1262
6;1262
6;1261
6;1261
6;1260
6;1260
6;1259
6;1259
6;1258
6;1258
6;1257
6;1257
6;1256
6;1256
6;1255
6;1255
6;1254
6;1254
6;1253
6;1253
6;1252
6;1252
6;1251
6;1251
6;1250
6;1250
6;1249
6;1249
6;1248
6;1248
6;1247
6;1247
6;1246
6;1246
6;1245
6;1245
6;1244
6;1244
6;1243
6;1243
6;1242
6;1242
6;1241
6;1241
6;1240
6;1240
6;1239
6;1239
6;1238
6;1238
6;1237
6;1237
6;1236
6;1236
6;1235
6;1235
6;1234
6;1234
6;1233
6;1233
6;1232
6;1232
6;1231
6;1231
6;1230
6;1230
6;1229
6;1229
6;1228
6;1228
6;1227
6;1227
6;1226
6;1226
6;1225
6;1225
6;1224
6;1224
6;1223
6;1223
6;1222
6;1222
6;1221
6;1221
6;1220
6;1220
6;1219
6;1219
6;1218
6;1218
6;1217
6;1217
6;1216
6;1216
6;1215
6;1215
6;1214
6;1214
6;1213
6;1213
6;1212
6;1212
6;1211
6;1211
6;1210
6;1210
6;1209
6;1209
6;1208
6;1208
6;1207
6;1207
6;1206
6;1206
6;1205
6;1205
6;1204
6;1204
6;1203
6;1203
6;1202
6;1202
6;1201
6;1201
6;1200
6;1200
6;1199
6;1199
6;1198
6;1198
6;1197
6;1197
6;1196
6;1196
6;1195
6;1195
6;1194
6;1194
6;1193
6;1193
6;1192
6;1192
6;1191
6;1191
6;1190
6;1190
6;1189
6;1189
6;1188
6;1188
6;1187
6;1187
6;1186
6;1186
6;1185
6;1185
6;1184
6;1184
6;1183
6;1183
6;1182
6;1182
6;1181
6;1181
6;1180
6;1180
6;1179
6;1179
6;1178
6;1178
6;1177
6;1177
6;1176
6;1176
6;1175
6;1175
6;1174
6;1174
6;1173
6;1173
6;1172
6;1172
6;1171
6;1171
6;1170
6;1170
6;1169
6;1169
6;1168
6;1168
6;1167
6;1167
6;1166
6;1166
6;1165
6;1165
6;1164
6;1164
6;1163
6;1163
6;1162
6;1162
6;1161
6;1161
6;1160
6;1160
6;1159
6;1159
6;1158
6;1158
6;1157
6;1157
6;1156
6;1156
6;1155
6;1155
6;1154
6;1154
6;1153
6;1153
6;1152
6;1152
6;1151
6;1151
6;1150
6;1150
6;1149
6;1149
6;1148
6;1148
6;1147
6;1147
6;1146
6;1146
6;1145
6;1145
6;1144
6;1144
6;1143
6;1143
6;1142
6;1142
6;1141
6;1141
6;1140
6;1140
6;1139
6;1139
6;1138
6;1138
6;1137
6;1137
6;1136
6;1136
6;1135
6;1135
6;1134
6;1134
6;1133
6;1133
6;1132
6;1132
6;1131
6;1131
6;1130
6;1130
6;1129
6;1129
6;1128
6;1128
6;1127
6;1127
6;1126
6;1126
6;1125
6;1125
6;1124
6;1124
6;1123
6;1123
6;1122
6;1122
6;1121
6;1121
6;1120
6;1120
6;1119
6;1119
6;1118
6;1118
6;1117
6;1117
6;1116
6;1116
6;1115
6;1115
6;1114
6;1114
6;1113
6;1113
6;1112
6;1112
6;1111
6;1111
6;1110
6;1110
6;1109
6;1109
6;1108
6;1108
6;1107
6;1107
6;1106
6;1106
6;1105
6;1105
6;1104
6;1104
6;1103
6;1103
6;1102
6;1102
6;1101
6;1101
6;1100
6;1100
6;1099
6;1099
6;1098
6;1098
6;1097
6;1097
6;1096
6;1096
6;1095
6;1095
6;1094
6;1094
6;1093
6;1093
6;1092
6;1092
6;1091
6;1091
6;1090
6;1090
6;1089
6;1089
6;1088
6;1088
6;1087
6;1087
6;1086
6;1086
6;1085
6;1085
6;1084
6;1084
6;1083
6;1083
6;1082
6;1082
6;1081
6;1081
6;1080
6;1080
6;1079
6;1079
6;1078
6;1078
6;1077
6;1077
6;1076
6;1076
6;1075
6;1075
6;1074
6;1074
6;1073
6;1073
6;1072
6;1072
6;1071
6;1071
6;1070
6;1070
6;1069
6;1069
6;1068
6;1068
6;1067
6;1067
6;1066
6;1066
6;1065
6;1065
6;1064
6;1064
6;1063
6;1063
6;1062
6;1062
6;1061
6;1061
6;1060
6;1060
6;1059
6;1059
6;1058
6;1058
6;1057
6;1057
6;1056
6;1056
6;1055
6;1055
6;1054
6;1054
6;1053
6;1053
6;1052
6;1052
6;1051
6;1051
6;1050
6;1050
6;1049
6;1049
6;1048
6;1048
6;1047
6;1047
6;1046
6;1046
6;1045
6;1045
6;1044
6;1044
6;1043
6;1043
6;1042
6;1042
6;1041
6;1041
6;1040
6;1040
6;1039
6;1039
6;1038
6;1038
6;1037
6;1037
6;1036
6;1036
6;1035
6;1035
6;1034
6;1034
6;1033
6;1033
6;1032
6;1032
6;1031
6;1031
6;1030
6;1030
6;1029
6;1029
6;1028
6;1028
6;1027
6;1027
6;1026
6;1026
6;1025
6;1025
6;1024
6;1024
6;1023
6;1023
6;1022
6;1022
6;1021
6;1021
6;1020
6;1020
6;1019
6;1019
6;1018
6;1018
6;1017
6;1017
6;1016
6;1016
6;1015
6;1015
6;1014
6;1014
6;1013
6;1013
6;1012
6;1012
6;1011
6;1011
6;1010
6;1010
6;1009
6;1009
6;1008
6;1008
6;1007
6;1007
6;1006
6;1006
6;1005
6;1005
6;1004
6;1004
6;1003
6;1003
6;1002
6;1002
6;1001
6;1001
6;1000
6;1000
6;999
6;999
6;998
6;998
6;997
6;997
6;996
6;996
6;995
6;995
6;994
6;994
6;993
6;993
6;992
6;992
6;991
6;991
6;990
6;990
6;989
6;989
6;988
6;988
6;987
6;987
6;986
6;986
6;985
6;985
6;984
6;984
6;983
6;983
6;982
6;982
6;981
6;981
6;980
6;980
6;979
6;979
6;978
6;978
6;977
6;977
6;976
6;976
6;975
6;975
6;974
6;974
6;973
6;973
6;972
6;972
6;971
6;971
6;970
6;970
6;969
6;969
6;968
6;968
6;967
6;967
6;966
6;966
6;965
6;965
6;964
6;964
6;963
6;963
6;962
6;962
6;961
6;961
6;960
6;960
6;959
6;959
6;958
6;958
6;957
6;957
6;956
6;956
6;955
6;955
6;954
6;954
6;953
6;953
6;952
6;952
6;951
6;951
6;950
6;950
6;949
6;949
6;948
6;948
6;947
6;947
6;946
6;946
6;945
6;945
6;944
6;944
6;943
6;943
6;942
6;942
6;941
6;941
6;940
6;940
6;939
6;939
6;938
6;938
6;937
6;937
6;936
6;936
6;935
6;935
6;934
6;934
6;933
6;933
6;932
6;932
6;931
6;931
6;930
6;930
6;929
6;929
6;928
6;928
6;927
6;927
6;926
6;926
6;925
6;925
6;924
6;924
6;923
6;923
6;922
6;922
6;921
6;921
6;920
6;920
6;919
6;919
6;918
6;918
6;917
6;917
6;916
6;916
6;915
6;915
6;914
6;914
6;913
6;913
6;912
6;912
6;911
6;911
6;910
6;910
6;909
6;909
6;908
6;908
6;907
6;907
6;906
6;906
6;905
6;905
6;904
6;904
6;903
6;903
6;902
6;902
6;901
6;901
6;900
6;900
6;899
6;899
6;898
6;898
6;897
6;897
6;896
6;896
6;895
6;895
6;894
6;894
6;893
6;893
6;892
6;892
6;891
6;891
6;890
6;890
6;889
6;889
6;888
6;888
6;887
6;887
6;886
6;886
6;885
6;885
6;884
6;884
6;883
6;883
6;882
6;882
6;881
6;881
6;880
6;880
6;879
6;879
6;878
6;878
6;877
6;877
6;876
6;876
6;875
6;875
6;874
6;874
6;873
6;873
6;872
6;872
6;871
6;871
6;870
6;870
6;869
6;869
6;868
6;868
6;867
6;867
6;866
6;866
6;865
6;865
6;864
6;864
6;863
6;863
6;862
6;862
6;861
6;861
6;860
6;860
6;859
6;859
6;858
6;858
6;857
6;857
6;856
6;856
6;855
6;855
6;854
6;854
6;853
6;853
6;852
6;852
6;851
6;851
6;850
6;850
6;849
6;849
6;848
6;848
6;847
6;847
6;846
6;846
6;845
6;845
6;844
6;844
6;843
6;843
6;842
6;842
6;841
6;841
6;840
6;840
6;839
6;839
6;838
6;838
6;837
6;837
6;836
6;836
6;835
6;835
6;834
6;834
6;833
6;833
6;832
6;832
6;831
6;831
6;830
6;830
6;829
6;829
6;828
6;828
6;827
6;827
6;826
6;826
6;825
6;825
6;824
6;824
6;823
6;823
6;822
6;822
6;821
6;821
6;820
6;820
6;819
6;819
6;818
6;818
6;817
6;817
6;816
6;816
6;815
6;815
6;814
6;814
6;813
6;813
6;812
6;812
6;811
6;811
6;810
6;810
6;809
6;809
6;808
6;808
6;807
6;807
6;806
6;806
6;805
6;805
6;804
6;804
6;803
6;803
6;802
6;802
6;801
6;801
6;800
6;800
6;799
6;799
6;798
6;798
6;797
6;797
6;796
6;796
6;795
6;795
6;794
6;794
6;793
6;793
6;792
6;792
6;791
6;791
6;790
6;790
6;789
6;789
6;788
6;788
6;787
6;787
6;786
6;786
6;785
6;785
6;784
6;784
6;783
6;783
6;782
6;782
6;781
6;781
6;780
6;780
6;779
6;779
6;778
6;778
6;777
6;777
6;776
6;776
6;775
6;775
6;774
6;774
6;773
6;773
6;772
6;772
6;771
6;771
6;770
6;770
6;769
6;769
6;768
6;768
6;767
6;767
6;766
6;766
6;765
6;765
6;764
6;764
6;763
6;763
6;762
6;762
6;761
6;761
6;760
6;760
6;759
6;759
6;758
6;758
6;757
6;757
6;756
6;756
6;755
6;755
6;754
6;754
6;753
6;753
6;752
6;752
6;751
6;751
6;750
6;750
6;749
6;749
6;748
6;748
6;747
6;747
6;746
6;746
6;745
6;745
6;744
6;744
6;743
6;743
6;742
6;742
6;741
6;741
6;740
6;740
6;739
6;739
6;738
6;738
6;737
6;737
6;736
6;736
6;735
6;735
6;734
6;734
6;733
6;733
6;732
6;732
6;731
6;731
6;730
6;730
6;729
6;729
6;728
6;728
6;727
6;727
6;726
6;726
6;725
6;725
6;724
6;724
6;723
6;723
6;722
6;722
6;721
6;721
6;720
6;720
6;719
6;719
6;718
6;718
6;717
6;717
6;716
6;716
6;715
6;715
6;714
6;714
6;713
6;713
6;712
6;712
6;711
6;711
6;710
6;710
6;709
6;709
6;708
6;708
6;707
6;707
6;706
6;706
6;705
6;705
6;704
6;704
6;703
6;703
6;702
6;702
6;701
6;701
6;700
6;700
6;699
6;699
6;698
6;698
6;697
6;697
6;696
6;696
6;695
6;695
6;694
6;694
6;693
6;693
6;692
6;692
6;691
6;691
6;690
6;690
6;689
6;689
6;688
6;688
6;687
6;687
6;686
6;686
6;685
6;685
6;684
6;684
6;683
6;683
6;682
6;682
6;681
6;681
6;680
6;680
6;679
6;679
6;678
6;678
6;677
6;677
6;676
6;676
6;675
6;675
6;674
6;674
6;673
6;673
6;672
6;672
6;671
6;671
6;670
6;670
6;669
6;669
6;668
6;668
6;667
6;667
6;666
6;666
6;665
6;665
6;664
6;664
6;663
6;663
6;662
6;662
6;661
6;661
6;660
6;660
6;659
6;659
6;658
6;658
6;657
6;657
6;656
6;656
6;655
6;655
6;654
6;654
6;653
6;653
6;652
6;652
6;651
6;651
6;650
6;650
6;649
6;649
6;648
6;648
6;647
6;647
6;646
6;646
6;645
6;645
6;644
6;644
6;643
6;643
6;642
6;642
6;641
6;641
6;640
6;640
6;639
6;639
6;638
6;638
6;637
6;637
6;636
6;636
6;635
6;635
6;634
6;634
6;633
6;633
6;632
6;632
6;631
6;631
6;630
6;630
6;629
6;629
6;628
6;628
6;627
6;627
6;626
6;626
6;625
6;625
6;624
6;624
6;623
6;623
6;622
6;622
6;621
6;621
6;620
6;620
6;619
6;619
6;618
6;618
6;617
6;617
6;616
6;616
6;615
6;615
6;614
6;614
6;613
6;613
6;612
6;612
6;611
6;611
6;610
6;610
6;609
6;609
6;608
6;608
6;607
6;607
6;606
6;606
6;605
6;605
6;604
6;604
6;603
6;603
6;602
6;602
6;601
6;601
6;600
6;600
6;599
6;599
6;598
6;598
6;597
6;597
6;596
6;596
6;595
6;595
6;594
6;594
6;593
6;593
6;592
6;592
6;591
6;591
6;590
6;590
6;589
6;589
6;588
6;588
6;587
6;587
6;586
6;586
6;585
6;585
6;584
6;584
6;583
6;583
6;582
6;582
6;581
6;581
6;580
6;580
6;579
6;579
6;578
6;578
6;577
6;577
6;576
6;576
6;575
6;575
6;574
6;574
6;573
6;573
6;572
6;572
6;571
6;571
6;570
6;570
6;569
6;569
6;568
6;568
6;567
6;567
6;566
6;566
6;565
6;565
6;564
6;564
6;563
6;563
6;562
6;562
6;561
6;561
6;560
6;560
6;559
6;559
6;558
6;558
6;557
6;557
6;556
6;556
6;555
6;555
6;554
6;554
6;553
6;553
6;552
6;552
6;551
6;551
6;550
6;550
6;549
6;549
6;548
6;548
6;547
6;547
6;546
6;546
6;545
6;545
6;544
6;544
6;543
6;543
6;542
6;542
6;541
6;541
6;540
6;540
6;539
6;539
6;538
6;538
6;537
6;537
6;536
6;536
6;535
6;535
6;534
6;534
6;533
6;533
6;532
6;532
6;531
6;531
6;530
6;530
6;529
6;529
6;528
6;528
6;527
6;527
6;526
6;526
6;525
6;525
6;524
6;524
6;523
6;523
6;522
6;522
6;521
6;521
6;520
6;520
6;519
6;519
6;518
6;518
6;517
6;517
6;516
6;516
6;515
6;515
6;514
6;514
6;513
6;513
6;512
6;512
6;511
6;511
6;510
6;510
6;509
6;509
6;508
6;508
6;507
6;507
6;506
6;506
6;505
6;505
6;504
6;504
6;503
6;503
6;502
6;502
6;501
6;501
6;500
6;500
6;499
6;499
6;498
6;498
6;497
6;497
6;496
6;496
6;495
6;495
6;494
6;494
6;493
6;493
6;492
6;492
6;491
6;491
6;490
6;490
6;489
6;489
6;488
6;488
6;487
6;487
6;486
6;486
6;485
6;485
6;484
6;484
6;483
6;483
6;482
6;482
6;481
6;481
6;480
6;480
6;479
6;479
6;478
6;478
6;477
6;477
6;476
6;476
6;475
6;475
6;474
6;474
6;473
6;473
6;472
6;472
6;471
6;471
6;470
6;470
6;469
6;469
6;468
6;468
6;467
6;467
6;466
6;466
6;465
6;465
6;464
6;464
6;463
6;463
6;462
6;462
6;461
6;461
6;460
6;460
6;459
6;459
6;458
6;458
6;457
6;457
6;456
6;456
6;455
6;455
6;454
6;454
6;453
6;453
6;452
6;452
6;451
6;451
6;450
6;450
6;449
6;449
6;448
6;448
6;447
6;447
6;446
6;446
6;445
6;445
6;444
6;444
6;443
6;443
6;442
6;442
6;441
6;441
6;440
6;440
6;439
6;439
6;438
6;438
6;437
6;437
6;436
6;436
6;435
6;435
6;434
6;434
6;433
6;433
6;432
6;432
6;431
6;431
6;430
6;430
6;429
6;429
6;428
6;428
6;427
6;427
6;426
6;426
6;425
6;425
6;424
6;424
6;423
6;423
6;422
6;422
6;421
6;421
6;420
6;420
6;419
6;419
6;418
6;418
6;417
6;417
6;416
6;416
6;415
6;415
6;414
6;414
6;413
6;413
6;412
6;412
6;411
6;411
6;410
6;410
6;409
7;1894
7;1894
7;1893
7;1893
7;1892
7;1892
7;1891
7;1891
7;1890
7;1890
7;1889
7;1889
7;1888
7;1888
7;1887
7;1887
7;1886
7;1886
7;1885
7;1885
7;1884
7;1884
7;1883
7;1883
7;1882
7;1882
7;1881
7;1881
7;1880
7;1880
7;1879
7;1879
7;1878
7;1878
7;1877
7;1877
7;1876
7;1876
7;1875
7;1875
7;1874
7;1874
7;1873
7;1873
7;1872
7;1872
7;1871
7;1871
7;1870
7;1870
7;1869
7;1869
7;1868
7;1868
7;1867
7;1867
7;1866
7;1866
7;1865
7;1865
7;1864
7;1864
7;1863
7;1863
7;1862
7;1862
7;1861
7;1861
7;1860
7;1860
7;1859
7;1859
7;1858
7;1858
7;1857
7;1857
7;1856
7;1856
7;1855
7;1855
7;1854
7;1854
7;1853
7;1853
7;1852
7;1852
7;1851
7;1851
7;1850
7;1850
7;1849
7;1849
7;1848
7;1848
7;1847
7;1847
7;1846
7;1846
7;1845
7;1845
7;1844
7;1844
7;1843
7;1843
7;1842
7;1842
7;1841
7;1841
7;1840
7;1840
7;1839
7;1839
7;1838
7;1838
7;1837
7;1837
7;1836
7;1836
7;1835
7;1835
7;1834
7;1834
7;1833
7;1833
7;1832
7;1832
7;1831
7;1831
7;1830
7;1830
7;1829
7;1829
7;1828
7;1828
7;1827
7;1827
7;1826
7;1826
7;1825
7;1825
7;1824
7;1824
7;1823
7;1823
7;1822
7;1822
7;1821
7;1821
7;1820
7;1820
7;1819
7;1819
7;1818
7;1818
7;1817
7;1817
7;1816
7;1816
7;1815
7;1815
7;1814
7;1814
7;1813
7;1813
7;1812
7;1812
7;1811
7;1811
7;1810
7;1810
7;1809
7;1809
7;1808
7;1808
7;1807
7;1807
7;1806
7;1806
7;1805
7;1805
7;1804
7;1804
7;1803
7;1803
7;1802
7;1802
7;1801
7;1801
7;1800
7;1800
7;1799
7;1799
7;1798
7;1798
7;1797
7;1797
7;1796
7;1796
7;1795
7;1795
7;1794
7;1794
7;1793
7;1793
7;1792
7;1792
7;1791
7;1791
7;1790
7;1790
7;1789
7;1789
7;1788
7;1788
7;1787
7;1787
7;1786
7;1786
7;1785
7;1785
7;1784
7;1784
7;1783
7;1783
7;1782
7;1782
7;1781
7;1781
7;1780
7;1780
7;1779
7;1779
7;1778
7;1778
7;1777
7;1777
7;1776
7;1776
7;1775
7;1775
7;1774
7;1774
7;1773
7;1773
7;1772
7;1772
7;1771
7;1771
7;1770
7;1770
7;1769
7;1769
7;1768
7;1768
7;1767
7;1767
7;1766
7;1766
7;1765
7;1765
7;1764
7;1764
7;1763
7;1763
7;1762
7;1762
7;1761
7;1761
7;1760
7;1760
7;1759
7;1759
7;1758
7;1758
7;1757
7;1757
7;1756
7;1756
7;1755
7;1755
7;1754
7;1754
7;1753
7;1753
7;1752
7;1752
7;1751
7;1751
7;1750
7;1750
7;1749
7;1749
7;1748
7;1748
7;1747
7;1747
7;1746
7;1746
7;1745
7;1745
7;1744
7;1744
7;1743
7;1743
7;1742
7;1742
7;1741
7;1741
7;1740
7;1740
7;1739
7;1739
7;1738
7;1738
7;1737
7;1737
7;1736
7;1736
7;1735
7;1735
7;1734
7;1734
7;1733
7;1733
7;1732
7;1732
7;1731
7;1731
7;1730
7;1730
7;1729
7;1729
7;1728
7;1728
7;1727
7;1727
7;1726
7;1726
7;1725
7;1725
7;1724
7;1724
7;1723
7;1723
7;1722
7;1722
7;1721
7;1721
7;1720
7;1720
7;1719
7;1719
7;1718
7;1718
7;1717
7;1717
7;1716
7;1716
7;1715
7;1715
7;1714
7;1714
7;1713
7;1713
7;1712
7;1712
7;1711
7;1711
7;1710
7;1710
7;1709
7;1709
7;1708
7;1708
7;1707
7;1707
7;1706
7;1706
7;1705
7;1705
7;1704
7;1704
7;1703
7;1703
7;1702
7;1702
7;1701
7;1701
7;1700
7;1700
7;1699
7;1699
7;1698
7;1698
7;1697
7;1697
7;1696
7;1696
7;1695
7;1695
7;1694
7;1694
7;1693
7;1693
7;1692
7;1692
7;1691
7;1691
7;1690
7;1690
7;1689
7;1689
7;1688
7;1688
7;1687
7;1687
7;1686
7;1686
7;1685
7;1685
7;1684
7;1684
7;1683
7;1683
7;1682
7;1682
7;1681
7;1681
7;1680
7;1680
7;1679
7;1679
7;1678
7;1678
7;1677
7;1677
7;1676
7;1676
7;1675
7;1675
7;1674
7;1674
7;1673
7;1673
7;1672
7;1672
7;1671
7;1671
7;1670
7;1670
7;1669
7;1669
7;1668
7;1668
7;1667
7;1667
7;1666
7;1666
7;1665
7;1665
7;1664
7;1664
7;1663
7;1663
7;1662
7;1662
7;1661
7;1661
7;1660
7;1660
7;1659
7;1659
7;1658
7;1658
7;1657
7;1657
7;1656
7;1656
7;1655
7;1655
7;1654
7;1654
7;1653
7;1653
7;1652
7;1652
7;1651
7;1651
7;1650
7;1650
7;1649
7;1649
7;1648
7;1648
7;1647
7;1647
7;1646
7;1646
7;1645
7;1645
7;1644
7;1644
7;1643
7;1643
7;1642
7;1642
7;1641
7;1641
7;1640
7;1640
7;1639
7;1639
7;1638
7;1638
7;1637
7;1637
7;1636
7;1636
7;1635
7;1635
7;1634
7;1634
7;1633
7;1633
7;1632
7;1632
7;1631
7;1631
7;1630
7;1630
7;1629
7;1629
7;1628
7;1628
7;1627
7;1627
7;1626
7;1626
7;1625
7;1625
7;1624
7;1624
7;1623
7;1623
7;1622
7;1622
7;1621
7;1621
7;1620
7;1620
7;1619
7;1619
7;1618
7;1618
7;1617
7;1617
7;1616
7;1616
7;1615
7;1615
7;1614
7;1614
7;1613
7;1613
7;1612
7;1612
7;1611
7;1611
7;1610
7;1610
7;1609
7;1609
7;1608
7;1608
7;1607
7;1607
7;1606
7;1606
7;1605
7;1605
7;1604
7;1604
7;1603
7;1603
7;1602
7;1602
7;1601
7;1601
7;1600
7;1600
7;1599
7;1599
7;1598
7;1598
7;1597
7;1597
7;1596
7;1596
7;1595
7;1595
7;1594
7;1594
7;1593
7;1593
7;1592
7;1592
7;1591
7;1591
7;1590
7;1590
7;1589
7;1589
7;1588
7;1588
7;1587
7;1587
7;1586
7;1586
7;1585
7;1585
7;1584
7;1584
7;1583
7;1583
7;1582
7;1582
7;1581
7;1581
7;1580
7;1580
7;1579
7;1579
7;1578
7;1578
7;1577
7;1577
7;1576
7;1576
7;1575
7;1575
7;1574
7;1574
7;1573
7;1573
7;1572
7;1572
7;1571
7;1571
7;1570
7;1570
7;1569
7;1569
7;1568
7;1568
7;1567
7;1567
7;1566
7;1566
7;1565
7;1565
7;1564
7;1564
7;1563
7;1563
7;1562
7;1562
7;1561
7;1561
7;1560
7;1560
7;1559
7;1559
7;1558
7;1558
7;1557
7;1557
7;1556
7;1556
7;1555
7;1555
7;1554
7;1554
7;1553
7;1553
7;1552
7;1552
7;1551
7;1551
7;1550
7;1550
7;1549
7;1549
7;1548
7;1548
7;1547
7;1547
7;1546
7;1546
7;1545
7;1545
7;1544
7;1544
7;1543
7;1543
7;1542
7;1542
7;1541
7;1541
7;1540
7;1540
7;1539
7;1539
7;1538
7;1538
7;1537
7;1537
7;1536
7;1536
7;1535
7;1535
7;1534
7;1534
7;1533
7;1533
7;1532
7;1532
7;1531
7;1531
7;1530
7;1530
7;1529
7;1529
7;1528
7;1528
7;1527
7;1527
7;1526
7;1526
7;1525
7;1525
7;1524
7;1524
7;1523
7;1523
7;1522
7;1522
7;1521
7;1521
7;1520
7;1520
7;1519
7;1519
7;1518
7;1518
7;1517
7;1517
7;1516
7;1516
7;1515
7;1515
7;1514
7;1514
7;1513
7;1513
7;1512
7;1512
7;1511
7;1511
7;1510
7;1510
7;1509
7;1509
7;1508
7;1508
7;1507
7;1507
7;1506
7;1506
7;1505
7;1505
7;1504
7;1504
7;1503
7;1503
7;1502
7;1502
7;1501
7;1501
7;1500
7;1500
7;1499
7;1499
7;1498
7;1498
7;1497
7;1497
7;1496
7;1496
7;1495
7;1495
7;1494
7;1494
7;1493
7;1493
7;1492
7;1492
7;1491
7;1491
7;1490
7;1490
7;1489
7;1489
7;1488
7;1488
7;1487
7;1487
7;1486
7;1486
7;1485
7;1485
7;1484
7;1484
7;1483
7;1483
7;1482
7;1482
7;1481
7;1481
7;1480
7;1480
7;1479
7;1479
7;1478
7;1478
7;1477
7;1477
7;1476
7;1476
7;1475
7;1475
7;1474
7;1474
7;1473
7;1473
7;1472
7;1472
7;1471
7;1471
7;1470
7;1470
7;1469
7;1469
7;1468
7;1468
7;1467
7;1467
7;1466
7;1466
7;1465
7;1465
7;1464
7;1464
7;1463
7;1463
7;1462
7;1462
7;1461
7;1461
7;1460
7;1460
7;1459
7;1459
7;1458
7;1458
7;1457
7;1457
7;1456
7;1456
7;1455
7;1455
7;1454
7;1454
7;1453
7;1453
7;1452
7;1452
7;1451
7;1451
7;1450
7;1450
7;1449
7;1449
7;1448
7;1448
7;1447
7;1447
7;1446
7;1446
7;1445
7;1445
7;1444
7;1444
7;1443
7;1443
7;1442
7;1442
7;1441
7;1441
7;1440
7;1440
7;1439
7;1439
7;1438
7;1438
7;1437
7;1437
7;1436
7;1436
7;1435
7;1435
7;1434
7;1434
7;1433
7;1433
7;1432
7;1432
7;1431
7;1431
7;1430
7;1430
7;1429
7;1429
7;1428
7;1428
7;1427
7;1427
7;1426
7;1426
7;1425
7;1425
7;1424
7;1424
7;1423
7;1423
7;1422
7;1422
7;1421
7;1421
7;1420
7;1420
7;1419
7;1419
7;1418
7;1418
7;1417
7;1417
7;1416
7;1416
7;1415
7;1415
7;1414
7;1414
7;1413
7;1413
7;1412
7;1412
7;1411
7;1411
7;1410
7;1410
7;1409
7;1409
7;1408
7;1408
7;1407
7;1407
7;1406
7;1406
7;1405
7;1405
7;1404
7;1404
7;1403
7;1403
7;1402
7;1402
7;1401
7;1401
7;1400
7;1400
7;1399
7;1399
7;1398
7;1398
7;1397
7;1397
7;1396
7;1396
7;1395
7;1395
7;1394
7;1394
7;1393
7;1393
7;1392
7;1392
7;1391
7;1391
7;1390
7;1390
7;1389
7;1389
7;1388
7;1388
7;1387
7;1387
7;1386
7;1386
7;1385
7;1385
7;1384
7;1384
7;1383
7;1383
7;1382
7;1382
7;1381
7;1381
7;1380
7;1380
7;1379
7;1379
7;1378
7;1378
7;1377
7;1377
7;1376
7;1376
7;1375
7;1375
7;1374
7;1374
7;1373
7;1373
7;1372
7;1372
7;1371
7;1371
7;1370
7;1370
7;1369
7;1369
7;1368
7;1368
7;1367
7;1367
7;1366
7;1366
7;1365
7;1365
7;1364
7;1364
7;1363
7;1363
7;1362
7;1362
7;1361
7;1361
7;1360
7;1360
7;1359
7;1359
7;1358
7;1358
7;1357
7;1357
7;1356
7;1356
7;1355
7;1355
7;1354
7;1354
7;1353
7;1353
7;1352
7;1352
7;1351
7;1351
7;1350
7;1350
7;1349
7;1349
7;1348
7;1348
7;1347
7;1347
7;1346
7;1346
7;1345
7;1345
7;1344
7;1344
7;1343
7;1343
7;1342
7;1342
7;1341
7;1341
7;1340
7;1340
7;1339
7;1339
7;1338
7;1338
7;1337
7;1337
7;1336
7;1336
7;1335
7;1335
7;1334
7;1334
7;1333
7;1333
7;1332
7;1332
7;1331
7;1331
7;1330
7;1330
7;1329
7;1329
7;1328
7;1328
7;1327
8;1705
8;1705
8;1704
8;1704
8;1703
8;1703
8;1702
8;1702
8;1701
8;1701
8;1700
8;1700
8;1699
8;1699
8;1698
8;1698
8;1697
8;1697
8;1696
8;1696
8;1695
8;1695
8;1694
8;1694
8;1693
8;1693
8;1692
8;1692
8;1691
8;1691
8;1690
8;1690
8;1689
8;1689
8;1688
8;1688
8;1687
8;1687
8;1686
8;1686
8;1685
8;1685
8;1684
8;1684
8;1683
8;1683
8;1682
8;1682
8;1681
8;1681
8;1680
8;1680
8;1679
8;1679
8;1678
8;1678
8;1677
8;1677
8;1676
8;1676
8;1675
8;1675
8;1674
8;1674
8;1673
8;1673
8;1672
8;1672
8;1671
8;1671
8;1670
8;1670
8;1669
8;1669
8;1668
8;1668
8;1667
8;1667
8;1666
8;1666
8;1665
8;1665
8;1664
8;1664
8;1663
8;1663
8;1662
8;1662
8;1661
8;1661
8;1660
8;1660
8;1659
8;1659
8;1658
8;1658
8;1657
8;1657
8;1656
8;1656
8;1655
8;1655
8;1654
8;1654
8;1653
8;1653
8;1652
8;1652
8;1651
8;1651
8;1650
8;1650
8;1649
8;1649
8;1648
8;1648
8;1647
8;1647
8;1646
8;1646
8;1645
8;1645
8;1644
8;1644
8;1643
8;1643
8;1642
8;1642
8;1641
8;1641
8;1640
8;1640
8;1639
8;1639
8;1638
8;1638
8;1637
8;1637
8;1636
8;1636
8;1635
8;1635
8;1634
8;1634
8;1633
8;1633
8;1632
8;1632
8;1631
8;1631
8;1630
8;1630
8;1629
8;1629
8;1628
8;1628
8;1627
8;1627
8;1626
8;1626
8;1625
8;1625
8;1624
8;1624
8;1623
8;1623
8;1622
8;1622
8;1621
8;1621
8;1620
8;1620
8;1619
8;1619
8;1618
8;1618
8;1617
8;1617
8;1616
8;1616
8;1615
8;1615
8;1614
8;1614
8;1613
8;1613
8;1612
8;1612
8;1611
8;1611
8;1610
8;1610
8;1609
8;1609
8;1608
8;1608
8;1607
8;1607
8;1606
8;1606
8;1605
8;1605
8;1604
8;1604
8;1603
8;1603
8;1602
8;1602
8;1601
8;1601
8;1600
8;1600
8;1599
8;1599
8;1598
8;1598
8;1597
8;1597
8;1596
8;1596
8;1595
8;1595
8;1594
8;1594
8;1593
8;1593
8;1592
8;1592
8;1591
8;1591
8;1590
8;1590
8;1589
8;1589
8;1588
8;1588
8;1587
8;1587
8;1586
8;1586
8;1585
8;1585
8;1584
8;1584
8;1583
8;1583
8;1582
8;1582
8;1581
8;1581
8;1580
8;1580
8;1579
8;1579
8;1578
8;1578
8;1577
8;1577
8;1576
8;1576
8;1575
8;1575
8;1574
8;1574
8;1573
8;1573
8;1572
8;1572
8;1571
8;1571
8;1570
8;1570
8;1569
8;1569
8;1568
8;1568
8;1567
8;1567
8;1566
8;1566
8;1565
8;1565
8;1564
8;1564
8;1563
8;1563
8;1562
8;1562
8;1561
8;1561
8;1560
8;1560
8;1559
8;1559
8;1558
8;1558
8;1557
8;1557
8;1556
8;1556
8;1555
8;1555
8;1554
8;1554
8;1553
8;1553
8;1552
8;1552
8;1551
8;1551
8;1550
8;1550
8;1549
8;1549
8;1548
8;1548
8;1547
8;1547
8;1546
8;1546
8;1545
8;1545
8;1544
8;1544
8;1543
8;1543
8;1542
8;1542
8;1541
8;1541
8;1540
8;1540
8;1539
8;1539
8;1538
8;1538
8;1537
8;1537
8;1536
8;1536
8;1535
8;1535
8;1534
8;1534
8;1533
8;1533
8;1532
8;1532
8;1531
8;1531
8;1530
8;1530
8;1529
8;1529
8;1528
8;1528
8;1527
8;1527
8;1526
8;1526
8;1525
8;1525
8;1524
8;1524
8;1523
8;1523
8;1522
8;1522
8;1521
8;1521
8;1520
8;1520
8;1519
8;1519
8;1518
8;1518
8;1517
8;1517
8;1516
8;1516
8;1515
8;1515
8;1514
8;1514
8;1513
8;1513
8;1512
8;1512
8;1511
8;1511
8;1510
8;1510
8;1509
8;1509
8;1508
8;1508
8;1507
8;1507
8;1506
8;1506
8;1505
8;1505
8;1504
8;1504
8;1503
8;1503
8;1502
8;1502
8;1501
8;1501
8;1500
8;1500
8;1499
8;1499
8;1498
8;1498
8;1497
8;1497
8;1496
8;1496
8;1495
8;1495
8;1494
8;1494
8;1493
8;1493
8;1492
8;1492
8;1491
8;1491
8;1490
8;1490
8;1489
8;1489
8;1488
8;1488
8;1487
8;1487
8;1486
8;1486
8;1485
8;1485
8;1484
8;1484
8;1483
8;1483
8;1482
8;1482
8;1481
8;1481
8;1480
8;1480
8;1479
8;1479
8;1478
8;1478
8;1477
8;1477
8;1476
8;1476
8;1475
8;1475
8;1474
8;1474
8;1473
8;1473
8;1472
8;1472
8;1471
8;1471
8;1470
8;1470
8;1469
8;1469
8;1468
8;1468
8;1467
8;1467
8;1466
8;1466
8;1465
8;1465
8;1464
8;1464
8;1463
8;1463
8;1462
8;1462
8;1461
8;1461
8;1460
8;1460
8;1459
8;1459
8;1458
8;1458
8;1457
8;1457
8;1456
8;1456
8;1455
8;1455
8;1454
8;1454
8;1453
8;1453
8;1452
8;1452
8;1451
8;1451
8;1450
8;1450
8;1449
8;1449
8;1448
8;1448
8;1447
8;1447
8;1446
8;1446
8;1445
8;1445
8;1444
8;1444
8;1443
8;1443
8;1442
8;1442
8;1441
8;1441
8;1440
8;1440
8;1439
8;1439
8;1438
8;1438
8;1437
8;1437
8;1436
8;1436
8;1435
8;1435
8;1434
8;1434
8;1433
8;1433
8;1432
8;1432
8;1431
8;1431
8;1430
8;1430
8;1429
8;1429
8;1428
8;1428
8;1427
8;1427
8;1426
8;1426
8;1425
8;1425
8;1424
8;1424
8;1423
8;1423
8;1422
8;1422
8;1421
8;1421
8;1420
8;1420
8;1419
8;1419
8;1418
8;1418
8;1417
8;1417
8;1416
8;1416
8;1415
8;1415
8;1414
8;1414
8;1413
8;1413
8;1412
8;1412
8;1411
8;1411
8;1410
8;1410
8;1409
8;1409
8;1408
8;1408
8;1407
8;1407
8;1406
8;1406
8;1405
8;1405
8;1404
8;1404
8;1403
8;1403
8;1402
8;1402
8;1401
8;1401
8;1400
8;1400
8;1399
8;1399
8;1398
8;1398
8;1397
8;1397
8;1396
8;1396
8;1395
8;1395
8;1394
8;1394
8;1393
8;1393
8;1392
8;1392
8;1391
8;1391
8;1390
8;1390
8;1389
8;1389
8;1388
8;1388
8;1387
8;1387
8;1386
8;1386
8;1385
8;1385
8;1384
8;1384
8;1383
8;1383
8;1382
8;1382
8;1381
8;1381
8;1380
8;1380
8;1379
8;1379
8;1378
8;1378
8;1377
8;1377
8;1376
8;1376
8;1375
8;1375
8;1374
8;1374
8;1373
8;1373
8;1372
8;1372
8;1371
8;1371
8;1370
8;1370
8;1369
8;1369
8;1368
8;1368
8;1367
8;1367
8;1366
8;1366
8;1365
8;1365
8;1364
8;1364
8;1363
8;1363
8;1362
8;1362
8;1361
8;1361
8;1360
8;1360
8;1359
8;1359
8;1358
8;1358
8;1357
8;1357
8;1356
8;1356
8;1355
8;1355
8;1354
8;1354
8;1353
8;1353
8;1352
8;1352
8;1351
8;1351
8;1350
8;1350
8;1349
8;1349
8;1348
8;1348
8;1347
8;1347
8;1346
8;1346
8;1345
8;1345
8;1344
8;1344
8;1343
8;1343
8;1342
8;1342
8;1341
8;1341
8;1340
8;1340
8;1339
8;1339
8;1338
8;1338
8;1337
8;1337
8;1336
8;1336
8;1335
8;1335
8;1334
8;1334
8;1333
8;1333
8;1332
8;1332
8;1331
8;1331
8;1330
8;1330
8;1329
8;1329
8;1328
8;1328
8;1327
8;1327
8;1326
8;1326
8;1325
8;1325
8;1324
8;1324
8;1323
8;1323
8;1322
8;1322
8;1321
8;1321
8;1320
8;1320
8;1319
8;1319
8;1318
8;1318
8;1317
8;1317
8;1316
8;1316
8;1315
8;1315
8;1314
8;1314
8;1313
8;1313
8;1312
8;1312
8;1311
8;1311
8;1310
8;1310
8;1309
8;1309
8;1308
8;1308
8;1307
8;1307
8;1306
8;1306
8;1305
8;1305
8;1304
8;1304
8;1303
8;1303
8;1302
8;1302
8;1301
8;1301
8;1300
8;1300
8;1299
8;1299
8;1298
8;1298
8;1297
8;1297
8;1296
8;1296
8;1295
8;1295
8;1294
8;1294
8;1293
8;1293
8;1292
8;1292
8;1291
8;1291
8;1290
8;1290
8;1289
8;1289
8;1288
8;1288
8;1287
8;1287
8;1286
8;1286
8;1285
8;1285
8;1284
8;1284
8;1283
8;1283
8;1282
8;1282
8;1281
8;1281
8;1280
8;1280
8;1279
8;1279
8;1278
8;1278
8;1277
8;1277
8;1276
8;1276
8;1275
8;1275
8;1274
8;1274
8;1273
8;1273
8;1272
8;1272
8;1271
8;1271
8;1270
8;1270
8;1269
8;1269
8;1268
8;1268
8;1267
8;1267
8;1266
8;1266
8;1265
8;1265
8;1264
8;1264
8;1263
8;1263
8;1262
8;1262
8;1261
8;1261
8;1260
8;1260
8;1259
8;1259
8;1258
8;1258
8;1257
8;1257
8;1256
8;1256
8;1255
8;1255
8;1254
8;1254
8;1253
8;1253
8;1252
8;1252
8;1251
8;1251
8;1250
8;1250
8;1249
8;1249
8;1248
8;1248
8;1247
8;1247
8;1246
8;1246
8;1245
8;1245
8;1244
8;1244
8;1243
8;1243
8;1242
8;1242
8;1241
8;1241
8;1240
8;1240
8;1239
8;1239
8;1238
8;1238
8;1237
8;1237
8;1236
8;1236
8;1235
8;1235
8;1234
8;1234
8;1233
8;1233
8;1232
8;1232
8;1231
8;1231
8;1230
8;1230
8;1229
8;1229
8;1228
8;1228
8;1227
8;1227
8;1226
8;1226
8;1225
8;1225
8;1224
8;1224
8;1223
8;1223
8;1222
8;1222
8;1221
8;1221
8;1220
8;1220
8;1219
8;1219
8;1218
8;1218
8;1217
8;1217
8;1216
8;1216
8;1215
8;1215
8;1214
8;1214
8;1213
8;1213
8;1212
8;1212
8;1211
8;1211
8;1210
8;1210
8;1209
8;1209
8;1208
8;1208
8;1207
8;1207
8;1206
8;1206
8;1205
8;1205
8;1204
8;1204
8;1203
8;1203
8;1202
8;1202
8;1201
8;1201
8;1200
8;1200
8;1199
8;1199
8;1198
8;1198
8;1197
8;1197
8;1196
8;1196
8;1195
8;1195
8;1194
8;1194
8;1193
8;1193
8;1192
8;1192
8;1191
8;1191
8;1190
8;1190
8;1189
8;1189
8;1188
8;1188
8;1187
8;1187
8;1186
8;1186
8;1185
8;1185
8;1184
8;1184
8;1183
8;1183
8;1182
8;1182
8;1181
8;1181
8;1180
8;1180
8;1179
8;1179
8;1178
8;1178
8;1177
8;1177
8;1176
8;1176
8;1175
8;1175
8;1174
8;1174
8;1173
8;1173
8;1172
8;1172
8;1171
8;1171
8;1170
8;1170
8;1169
8;1169
8;1168
8;1168
8;1167
8;1167
8;1166
8;1166
8;1165
8;1165
8;1164
8;1164
8;1163
8;1163
8;1162
8;1162
8;1161
8;1161
8;1160
8;1160
8;1159
8;1159
8;1158
8;1158
8;1157
8;1157
8;1156
8;1156
8;1155
8;1155
8;1154
8;1154
8;1153
8;1153
8;1152
8;1152
8;1151
8;1151
8;1150
8;1150
8;1149
8;1149
8;1148
8;1148
8;1147
8;1147
8;1146
8;1146
8;1145
8;1145
8;1144
8;1144
8;1143
8;1143
8;1142
8;1142
8;1141
8;1141
8;1140
8;1140
8;1139
8;1139
8;1138
8;1138
8;1137
8;1137
8;1136
8;1136
8;1135
8;1135
8;1134
8;1134
8;1133
8;1133
8;1132
8;1132
8;1131
8;1131
8;1130
8;1130
8;1129
8;1129
8;1128
8;1128
8;1127
8;1127
8;1126
8;1126
8;1125
8;1125
8;1124
8;1124
8;1123
8;1123
8;1122
8;1122
8;1121
8;1121
8;1120
8;1120
8;1119
8;1119
8;1118
8;1118
8;1117
8;1117
8;1116
8;1116
8;1115
8;1115
8;1114
8;1114
8;1113
8;1113
8;1112
8;1112
8;1111
8;1111
8;1110
8;1110
8;1109
8;1109
8;1108
8;1108
8;1107
8;1107
8;1106
8;1106
8;1105
8;1105
8;1104
8;1104
8;1103
8;1103
8;1102
8;1102
8;1101
8;1101
8;1100
8;1100
8;1099
8;1099
8;1098
8;1098
8;1097
8;1097
8;1096
8;1096
8;1095
8;1095
8;1094
8;1094
8;1093
8;1093
8;1092
8;1092
8;1091
8;1091
8;1090
8;1090
8;1089
8;1089
8;1088
8;1088
8;1087
8;1087
8;1086
8;1086
8;1085
8;1085
8;1084
8;1084
8;1083
8;1083
8;1082
8;1082
8;1081
8;1081
8;1080
8;1080
8;1079
8;1079
8;1078
8;1078
8;1077
8;1077
8;1076
8;1076
8;1075
8;1075
8;1074
8;1074
8;1073
8;1073
8;1072
8;1072
8;1071
8;1071
8;1070
8;1070
8;1069
8;1069
8;1068
8;1068
8;1067
8;1067
8;1066
8;1066
8;1065
8;1065
8;1064
8;1064
8;1063
8;1063
8;1062
8;1062
8;1061
8;1061
8;1060
8;1060
8;1059
8;1059
8;1058
8;1058
8;1057
8;1057
8;1056
8;1056
8;1055
8;1055
8;1054
8;1054
8;1053
8;1053
8;1052
8;1052
8;1051
8;1051
8;1050
8;1050
8;1049
8;1049
8;1048
8;1048
8;1047
8;1047
8;1046
8;1046
8;1045
8;1045
8;1044
8;1044
8;1043
8;1043
8;1042
8;1042
8;1041
8;1041
8;1040
8;1040
8;1039
8;1039
8;1038
8;1038
8;1037
8;1037
8;1036
8;1036
8;1035
8;1035
8;1034
8;1034
8;1033
8;1033
8;1032
8;1032
8;1031
8;1031
8;1030
8;1030
8;1029
8;1029
8;1028
8;1028
8;1027
8;1027
8;1026
8;1026
8;1025
8;1025
8;1024
8;1024
8;1023
8;1023
8;1022
8;1022
8;1021
8;1021
8;1020
8;1020
8;1019
8;1019
8;1018
8;1018
8;1017
8;1017
8;1016
8;1016
8;1015
8;1015
8;1014
8;1014
8;1013
8;1013
8;1012
8;1012
8;1011
8;1011
8;1010
8;1010
8;1009
8;1009
8;1008
8;1008
8;1007
8;1007
8;1006
8;1006
8;1005
8;1005
8;1004
8;1004
8;1003
8;1003
8;1002
8;1002
8;1001
8;1001
8;1000
8;1000
8;999
8;999
8;998
8;998
8;997
8;997
8;996
8;996
8;995
8;995
8;994
8;994
8;993
8;993
8;992
8;992
8;991
8;991
8;990
8;990
8;989
8;989
8;988
8;988
8;987
8;987
8;986
8;986
8;985
8;985
8;984
8;984
8;983
8;983
8;982
8;982
8;981
8;981
8;980
8;980
8;979
8;979
8;978
8;978
8;977
8;977
8;976
8;976
8;975
8;975
8;974
8;974
8;973
8;973
8;972
8;972
8;971
8;971
8;970
8;970
8;969
8;969
8;968
8;968
8;967
8;967
8;966
8;966
8;965
8;965
8;964
8;964
8;963
8;963
8;962
8;962
8;961
8;961
8;960
8;960
8;959
8;959
8;958
8;958
8;957
8;957
8;956
8;956
8;955
8;955
8;954
8;954
8;953
8;953
8;952
8;952
8;951
8;951
8;950
8;950
8;949
8;949
8;948
8;948
8;947
8;947
8;946
8;946
8;945
8;945
8;944
8;944
8;943
8;943
8;942
8;942
8;941
8;941
8;940
8;940
8;939
8;939
8;938
8;938
8;937
8;937
8;936
8;936
8;935
8;935
8;934
8;934
8;933
8;933
8;932
8;932
8;931
8;931
8;930
8;930
8;929
8;929
8;928
8;928
8;927
8;927
8;926
8;926
8;925
8;925
8;924
8;924
8;923
8;923
8;922
8;922
8;921
8;921
8;920
8;920
8;919
8;919
8;918
8;918
8;917
8;917
8;916
8;916
8;915
8;915
8;914
8;914
8;913
8;913
8;912
8;912
8;911
8;911
8;910
8;910
8;909
8;909
8;908
8;908
8;907
8;907
8;906
8;906
8;905
8;905
8;904
8;904
8;903
8;903
8;902
8;902
8;901
8;901
8;900
8;900
8;899
8;899
8;898
8;898
8;897
8;897
8;896
8;896
8;895
8;895
8;894
8;894
8;893
8;893
8;892
8;892
8;891
8;891
8;890
8;890
8;889
8;889
8;888
8;888
8;887
8;887
8;886
8;886
8;885
8;885
8;884
8;884
8;883
8;883
8;882
8;882
8;881
8;881
8;880
8;880
8;879
8;879
8;878
8;878
8;877
8;877
8;876
8;876
8;875
8;875
8;874
8;874
8;873
8;873
8;872
8;872
8;871
8;871
8;870
8;870
8;869
8;869
8;868
8;868
8;867
8;867
8;866
8;866
8;865
8;865
8;864
8;864
8;863
8;863
8;862
8;862
8;861
8;861
8;860
8;860
8;859
8;859
8;858
8;858
8;857
8;857
8;856
8;856
8;855
8;855
8;854
8;854
8;853
8;853
8;852
8;852
8;851
8;851
8;850
8;850
8;849
8;849
8;848
8;848
8;847
8;847
8;846
8;846
8;845
8;845
8;844
8;844
8;843
8;843
8;842
8;842
8;841
8;841
8;840
8;840
8;839
8;839
8;838
8;838
8;837
8;837
8;836
8;836
8;835
8;835
8;834
8;834
8;833
8;833
8;832
8;832
8;831
8;831
8;830
8;830
8;829
8;829
8;828
8;828
8;827
8;827
8;826
8;826
8;825
8;825
8;824
8;824
8;823
8;823
8;822
8;822
8;821
8;821
8;820
8;820
8;819
8;819
8;818
8;818
8;817
8;817
8;816
8;816
8;815
8;815
8;814
8;814
8;813
8;813
8;812
8;812
8;811
8;811
8;810
8;810
8;809
8;809
8;808
8;808
8;807
8;807
8;806
8;806
8;805
8;805
8;804
8;804
8;803
8;803
8;802
8;802
8;801
8;801
8;800
8;800
8;799
8;799
8;798
8;798
8;797
8;797
8;796
8;796
8;795
8;795
8;794
8;794
8;793
8;793
8;792
8;792
8;791
8;791
8;790
8;790
8;789
8;789
8;788
8;788
8;787
8;787
8;786
8;786
8;785
8;785
8;784
8;784
8;783
8;783
8;782
8;782
8;781
8;781
8;780
8;780
8;779
8;779
8;778
9;1603
9;1603
9;1602
9;1602
9;1601
9;1601
9;1600
9;1600
9;1599
9;1599
9;1598
9;1598
9;1597
9;1597
9;1596
9;1596
9;1595
9;1595
9;1594
9;1594
9;1593
9;1593
9;1592
9;1592
9;1591
9;1591
9;1590
9;1590
9;1589
9;1589
9;1588
9;1588
9;1587
9;1587
9;1586
9;1586
9;1585
9;1585
9;1584
9;1584
9;1583
9;1583
9;1582
9;1582
9;1581
9;1581
9;1580
9;1580
9;1579
9;1579
9;1578
9;1578
9;1577
9;1577
9;1576
9;1576
9;1575
9;1575
9;1574
9;1574
9;1573
9;1573
9;1572
9;1572
9;1571
9;1571
9;1570
9;1570
9;1569
9;1569
9;1568
9;1568
9;1567
9;1567
9;1566
9;1566
9;1565
9;1565
9;1564
9;1564
9;1563
9;1563
9;1562
9;1562
9;1561
9;1561
9;1560
9;1560
9;1559
9;1559
9;1558
9;1558
9;1557
9;1557
9;1556
9;1556
9;1555
9;1555
9;1554
9;1554
9;1553
9;1553
9;1552
9;1552
9;1551
9;1551
9;1550
9;1550
9;1549
9;1549
9;1548
9;1548
9;1547
9;1547
9;1546
9;1546
9;1545
9;1545
9;1544
9;1544
9;1543
9;1543
9;1542
9;1542
9;1541
9;1541
9;1540
9;1540
9;1539
9;1539
9;1538
9;1538
9;1537
9;1537
9;1536
9;1536
9;1535
9;1535
9;1534
9;1534
9;1533
9;1533
9;1532
9;1532
9;1531
9;1531
9;1530
9;1530
9;1529
9;1529
9;1528
9;1528
9;1527
9;1527
9;1526
9;1526
9;1525
9;1525
9;1524
9;1524
9;1523
9;1523
9;1522
9;1522
9;1521
9;1521
9;1520
9;1520
9;1519
9;1519
9;1518
9;1518
9;1517
9;1517
9;1516
9;1516
9;1515
9;1515
9;1514
9;1514
9;1513
9;1513
9;1512
9;1512
9;1511
9;1511
9;1510
9;1510
9;1509
9;1509
9;1508
9;1508
9;1507
9;1507
9;1506
9;1506
9;1505
9;1505
9;1504
9;1504
9;1503
9;1503
9;1502
9;1502
9;1501
9;1501
9;1500
9;1500
9;1499
9;1499
9;1498
9;1498
9;1497
9;1497
9;1496
9;1496
9;1495
9;1495
9;1494
9;1494
9;1493
9;1493
9;1492
9;1492
9;1491
9;1491
9;1490
9;1490
9;1489
9;1489
9;1488
9;1488
9;1487
9;1487
9;1486
9;1486
9;1485
9;1485
9;1484
9;1484
9;1483
9;1483
9;1482
9;1482
9;1481
9;1481
9;1480
9;1480
9;1479
9;1479
9;1478
9;1478
9;1477
9;1477
9;1476
9;1476
9;1475
9;1475
9;1474
9;1474
9;1473
9;1473
9;1472
9;1472
9;1471
9;1471
9;1470
9;1470
9;1469
9;1469
9;1468
9;1468
9;1467
9;1467
9;1466
9;1466
9;1465
9;1465
9;1464
9;1464
9;1463
9;1463
9;1462
9;1462
9;1461
9;1461
9;1460
9;1460
9;1459
9;1459
9;1458
9;1458
9;1457
9;1457
9;1456
9;1456
9;1455
9;1455
9;1454
9;1454
9;1453
9;1453
9;1452
9;1452
9;1451
9;1451
9;1450
9;1450
9;1449
9;1449
9;1448
9;1448
9;1447
9;1447
9;1446
9;1446
9;1445
9;1445
9;1444
9;1444
9;1443
9;1443
9;1442
9;1442
9;1441
9;1441
9;1440
9;1440
9;1439
9;1439
9;1438
9;1438
9;1437
9;1437
9;1436
9;1436
9;1435
9;1435
9;1434
9;1434
9;1433
9;1433
9;1432
9;1432
9;1431
9;1431
9;1430
9;1430
9;1429
9;1429
9;1428
9;1428
9;1427
9;1427
9;1426
9;1426
9;1425
9;1425
9;1424
9;1424
9;1423
9;1423
9;1422
9;1422
9;1421
9;1421
9;1420
9;1420
9;1419
9;1419
9;1418
9;1418
9;1417
9;1417
9;1416
9;1416
9;1415
9;1415
9;1414
9;1414
9;1413
9;1413
9;1412
9;1412
9;1411
9;1411
9;1410
9;1410
9;1409
9;1409
9;1408
9;1408
9;1407
9;1407
9;1406
9;1406
9;1405
9;1405
9;1404
9;1404
9;1403
9;1403
9;1402
9;1402
9;1401
9;1401
9;1400
9;1400
9;1399
9;1399
9;1398
9;1398
9;1397
9;1397
9;1396
9;1396
9;1395
9;1395
9;1394
9;1394
9;1393
9;1393
9;1392
9;1392
9;1391
9;1391
9;1390
9;1390
9;1389
9;1389
9;1388
9;1388
9;1387
9;1387
9;1386
9;1386
9;1385
9;1385
9;1384
9;1384
9;1383
9;1383
9;1382
9;1382
9;1381
9;1381
9;1380
9;1380
9;1379
9;1379
9;1378
9;1378
9;1377
9;1377
9;1376
9;1376
9;1375
9;1375
9;1374
9;1374
9;1373
9;1373
9;1372
9;1372
9;1371
9;1371
9;1370
9;1370
9;1369
9;1369
9;1368
9;1368
9;1367
9;1367
9;1366
9;1366
9;1365
9;1365
9;1364
9;1364
9;1363
9;1363
9;1362
9;1362
9;1361
9;1361
9;1360
9;1360
9;1359
9;1359
9;1358
9;1358
9;1357
9;1357
9;1356
9;1356
9;1355
9;1355
9;1354
9;1354
9;1353
9;1353
9;1352
9;1352
9;1351
9;1351
9;1350
9;1350
9;1349
9;1349
9;1348
9;1348
9;1347
9;1347
9;1346
9;1346
9;1345
9;1345
9;1344
9;1344
9;1343
9;1343
9;1342
9;1342
9;1341
9;1341
9;1340
9;1340
9;1339
9;1339
9;1338
9;1338
9;1337
9;1337
9;1336
9;1336
9;1335
9;1335
9;1334
9;1334
9;1333
9;1333
9;1332
9;1332
9;1331
9;1331
9;1330
9;1330
9;1329
9;1329
9;1328
9;1328
9;1327
9;1327
9;1326
9;1326
9;1325
9;1325
9;1324
9;1324
9;1323
9;1323
9;1322
9;1322
9;1321
9;1321
9;1320
9;1320
9;1319
9;1319
9;1318
9;1318
9;1317
9;1317
9;1316
9;1316
9;1315
9;1315
9;1314
9;1314
9;1313
9;1313
9;1312
9;1312
9;1311
9;1311
9;1310
9;1310
9;1309
9;1309
9;1308
9;1308
9;1307
9;1307
9;1306
9;1306
9;1305
9;1305
9;1304
9;1304
9;1303
9;1303
9;1302
9;1302
9;1301
9;1301
9;1300
9;1300
9;1299
9;1299
9;1298
9;1298
9;1297
9;1297
9;1296
9;1296
9;1295
9;1295
9;1294
9;1294
9;1293
9;1293
9;1292
9;1292
9;1291
9;1291
9;1290
9;1290
9;1289
9;1289
9;1288
9;1288
9;1287
9;1287
9;1286
9;1286
9;1285
9;1285
9;1284
9;1284
9;1283
9;1283
9;1282
9;1282
9;1281
9;1281
9;1280
9;1280
9;1279
9;1279
9;1278
9;1278
9;1277
9;1277
9;1276
9;1276
9;1275
9;1275
9;1274
9;1274
9;1273
9;1273
9;1272
9;1272
9;1271
9;1271
9;1270
9;1270
9;1269
9;1269
9;1268
9;1268
9;1267
9;1267
9;1266
9;1266
9;1265
9;1265
9;1264
9;1264
9;1263
9;1263
9;1262
9;1262
9;1261
9;1261
9;1260
9;1260
9;1259
9;1259
9;1258
9;1258
9;1257
9;1257
9;1256
9;1256
9;1255
9;1255
9;1254
9;1254
9;1253
9;1253
9;1252
9;1252
9;1251
9;1251
9;1250
9;1250
9;1249
9;1249
9;1248
9;1248
9;1247
9;1247
9;1246
9;1246
9;1245
9;1245
9;1244
9;1244
9;1243
9;1243
9;1242
9;1242
9;1241
9;1241
9;1240
9;1240
9;1239
9;1239
9;1238
9;1238
9;1237
9;1237
9;1236
9;1236
9;1235
9;1235
9;1234
9;1234
9;1233
9;1233
9;1232
9;1232
9;1231
9;1231
9;1230
9;1230
9;1229
9;1229
9;1228
9;1228
9;1227
9;1227
9;1226
9;1226
9;1225
9;1225
9;1224
9;1224
9;1223
9;1223
9;1222
9;1222
9;1221
9;1221
9;1220
9;1220
9;1219
9;1219
9;1218
9;1218
9;1217
9;1217
9;1216
9;1216
9;1215
9;1215
9;1214
9;1214
9;1213
9;1213
9;1212
9;1212
9;1211
9;1211
9;1210
9;1210
9;1209
9;1209
9;1208
9;1208
9;1207
9;1207
9;1206
9;1206
9;1205
9;1205
9;1204
9;1204
9;1203
9;1203
9;1202
9;1202
9;1201
9;1201
9;1200
9;1200
9;1199
9;1199
9;1198
9;1198
9;1197
9;1197
9;1196
9;1196
9;1195
9;1195
9;1194
9;1194
9;1193
9;1193
9;1192
9;1192
9;1191
9;1191
9;1190
9;1190
9;1189
9;1189
9;1188
9;1188
9;1187
9;1187
9;1186
9;1186
9;1185
9;1185
9;1184
9;1184
9;1183
9;1183
9;1182
9;1182
9;1181
9;1181
9;1180
9;1180
9;1179
9;1179
9;1178
9;1178
9;1177
9;1177
9;1176
9;1176
9;1175
9;1175
9;1174
9;1174
9;1173
9;1173
9;1172
9;1172
9;1171
9;1171
9;1170
9;1170
9;1169
9;1169
9;1168
9;1168
9;1167
9;1167
9;1166
9;1166
9;1165
9;1165
9;1164
9;1164
9;1163
9;1163
9;1162
9;1162
9;1161
9;1161
9;1160
9;1160
9;1159
9;1159
9;1158
9;1158
9;1157
9;1157
9;1156
9;1156
9;1155
9;1155
9;1154
9;1154
9;1153
9;1153
9;1152
9;1152
9;1151
9;1151
9;1150
9;1150
9;1149
9;1149
9;1148
9;1148
9;1147
9;1147
9;1146
9;1146
9;1145
9;1145
9;1144
9;1144
9;1143
9;1143
9;1142
9;1142
9;1141
9;1141
9;1140
9;1140
9;1139
9;1139
9;1138
9;1138
9;1137
9;1137
9;1136
9;1136
9;1135
9;1135
9;1134
9;1134
9;1133
9;1133
9;1132
9;1132
9;1131
9;1131
9;1130
9;1130
9;1129
9;1129
9;1128
9;1128
9;1127
9;1127
9;1126
9;1126
9;1125
9;1125
9;1124
9;1124
9;1123
9;1123
9;1122
9;1122
9;1121
9;1121
9;1120
9;1120
9;1119
9;1119
9;1118
9;1118
9;1117
9;1117
9;1116
9;1116
9;1115
9;1115
9;1114
9;1114
9;1113
9;1113
9;1112
9;1112
9;1111
9;1111
9;1110
9;1110
9;1109
9;1109
9;1108
9;1108
9;1107
9;1107
9;1106
9;1106
9;1105
9;1105
9;1104
9;1104
9;1103
9;1103
9;1102
9;1102
9;1101
9;1101
9;1100
9;1100
9;1099
9;1099
9;1098
9;1098
9;1097
9;1097
9;1096
9;1096
9;1095
9;1095
9;1094
9;1094
9;1093
9;1093
9;1092
9;1092
9;1091
9;1091
9;1090
9;1090
9;1089
9;1089
9;1088
9;1088
9;1087
9;1087
9;1086
9;1086
9;1085
9;1085
9;1084
9;1084
9;1083
9;1083
9;1082
9;1082
9;1081
9;1081
9;1080
9;1080
9;1079
9;1079
9;1078
9;1078
9;1077
9;1077
9;1076
9;1076
9;1075
9;1075
9;1074
9;1074
9;1073
9;1073
9;1072
9;1072
9;1071
9;1071
9;1070
9;1070
9;1069
9;1069
9;1068
9;1068
9;1067
9;1067
9;1066
9;1066
9;1065
9;1065
9;1064
9;1064
9;1063
9;1063
9;1062
9;1062
9;1061
9;1061
9;1060
9;1060
9;1059
9;1059
9;1058
9;1058
9;1057
9;1057
9;1056
9;1056
9;1055
9;1055
9;1054
9;1054
9;1053
9;1053
9;1052
9;1052
9;1051
9;1051
9;1050
9;1050
9;1049
9;1049
9;1048
9;1048
9;1047
9;1047
9;1046
9;1046
9;1045
9;1045
9;1044
9;1044
9;1043
9;1043
9;1042
9;1042
9;1041
9;1041
9;1040
9;1040
9;1039
9;1039
9;1038
9;1038
9;1037
9;1037
9;1036
9;1036
9;1035
9;1035
9;1034
9;1034
9;1033
9;1033
9;1032
9;1032
9;1031
9;1031
9;1030
9;1030
9;1029
9;1029
9;1028
9;1028
9;1027
9;1027
9;1026
9;1026
9;1025
9;1025
9;1024
9;1024
9;1023
9;1023
9;1022
9;1022
9;1021
9;1021
9;1020
9;1020
9;1019
9;1019
9;1018
9;1018
9;1017
9;1017
9;1016
9;1016
9;1015
9;1015
9;1014
9;1014
9;1013
9;1013
9;1012
9;1012
9;1011
9;1011
9;1010
9;1010
9;1009
9;1009
9;1008
9;1008
9;1007
9;1007
9;1006
9;1006
9;1005
9;1005
9;1004
9;1004
9;1003
9;1003
9;1002
9;1002
9;1001
9;1001
9;1000
9;1000
9;999
9;999
9;998
9;998
9;997
9;997
9;996
9;996
9;995
9;995
9;994
9;994
9;993
9;993
9;992
9;992
9;991
9;991
9;990
9;990
9;989
9;989
9;988
9;988
9;987
9;987
9;986
9;986
9;985
9;985
9;984
9;984
9;983
9;983
9;982
9;982
9;981
9;981
9;980
9;980
9;979
9;979
9;978
9;978
9;977
9;977
9;976
9;976
9;975
9;975
9;974
9;974
9;973
9;973
9;972
9;972
9;971
9;971
9;970
9;970
9;969
9;969
9;968
9;968
9;967
9;967
9;966
9;966
9;965
9;965
9;964
9;964
9;963
9;963
9;962
9;962
9;961
9;961
9;960
9;960
9;959
9;959
9;958
9;958
9;957
9;957
9;956
9;956
9;955
9;955
9;954
9;954
9;953
9;953
9;952
9;952
9;951
9;951
9;950
9;950
9;949
9;949
9;948
9;948
9;947
9;947
9;946
9;946
9;945
9;945
9;944
9;944
9;943
9;943
9;942
9;942
9;941
9;941
9;940
9;940
9;939
9;939
9;938
9;938
9;937
9;937
9;936
9;936
9;935
9;935
9;934
9;934
9;933
9;933
9;932
9;932
9;931
9;931
9;930
9;930
9;929
9;929
9;928
9;928
9;927
9;927
9;926
9;926
9;925
9;925
9;924
9;924
9;923
9;923
9;922
9;922
9;921
9;921
9;920
9;920
9;919
9;919
9;918
9;918
9;917
9;917
9;916
9;916
9;915
9;915
9;914
9;914
9;913
9;913
9;912
9;912
9;911
9;911
9;910
9;910
9;909
9;909
9;908
9;908
9;907
9;907
9;906
9;906
9;905
9;905
9;904
9;904
9;903
9;903
9;902
9;902
9;901
9;901
9;900
9;900
9;899
9;899
9;898
9;898
9;897
9;897
9;896
9;896
9;895
9;895
9;894
9;894
9;893
9;893
9;892
9;892
9;891
9;891
9;890
9;890
9;889
9;889
9;888
9;888
9;887
9;887
9;886
9;886
9;885
9;885
9;884
9;884
9;883
9;883
9;882
9;882
9;881
9;881
9;880
9;880
9;879
9;879
9;878
9;878
9;877
9;877
9;876
9;876
9;875
9;875
9;874
9;874
9;873
9;873
9;872
9;872
9;871
9;871
9;870
9;870
9;869
9;869
9;868
9;868
9;867
9;867
9;866
9;866
9;865
9;865
9;864
9;864
9;863
9;863
9;862
9;862
9;861
9;861
9;860
9;860
9;859
9;859
9;858
9;858
9;857
9;857
9;856
9;856
9;855
9;855
9;854
9;854
9;853
9;853
9;852
9;852
9;851
9;851
9;850
9;850
9;849
9;849
9;848
9;848
9;847
9;847
9;846
9;846
9;845
9;845
9;844
9;844
9;843
9;843
9;842
9;842
9;841
9;841
9;840
9;840
9;839
9;839
9;838
9;838
9;837
9;837
9;836
9;836
9;835
9;835
9;834
9;834
9;833
9;833
9;832
9;832
9;831
9;831
9;830
9;830
9;829
9;829
9;828
9;828
9;827
9;827
9;826
9;826
9;825
9;825
9;824
9;824
9;823
9;823
9;822
9;822
9;821
9;821
9;820
9;820
9;819
9;819
9;818
9;818
9;817
9;817
9;816
9;816
9;815
9;815
9;814
9;814
9;813
9;813
9;812
9;812
9;811
9;811
9;810
9;810
9;809
9;809
9;808
9;808
9;807
9;807
9;806
9;806
9;805
9;805
9;804
9;804
9;803
9;803
9;802
9;802
9;801
9;801
9;800
9;800
9;799
9;799
9;798
9;798
9;797
9;797
9;796
9;796
9;795
9;795
9;794
9;794
9;793
9;793
9;792
9;792
9;791
9;791
9;790
9;790
9;789
9;789
9;788
9;788
9;787
9;787
9;786
9;786
9;785
9;785
9;784
9;784
9;783
9;783
9;782
9;782
9;781
9;781
9;780
9;780
9;779
9;779
9;778
9;778
9;777
9;777
9;776
9;776
9;775
9;775
9;774
9;774
9;773
9;773
9;772
9;772
9;771
9;771
9;770
9;770
9;769
9;769
9;768
9;768
9;767
9;767
9;766
9;766
9;765
9;765
9;764
9;764
9;763
9;763
9;762
9;762
9;761
9;761
9;760
9;760
9;759
9;759
9;758
9;758
9;757
9;757
9;756
9;756
9;755
9;755
9;754
9;754
9;753
9;753
9;752
9;752
9;751
9;751
9;750
9;750
9;749
9;749
9;748
9;748
9;747
9;747
9;746
9;746
9;745
9;745
9;744
9;744
9;743
9;743
9;742
9;742
9;741
9;741
9;740
9;740
9;739
9;739
9;738
9;738
9;737
9;737
9;736
9;736
9;735
9;735
9;734
9;734
9;733
9;733
9;732
9;732
9;731
9;731
9;730
9;730
9;729
9;729
9;728
9;728
9;727
9;727
9;726
9;726
9;725
9;725
9;724
9;724
9;723
9;723
9;722
9;722
9;721
9;721
9;720
9;720
9;719
9;719
9;718
9;718
9;717
9;717
9;716
9;716
9;715
9;715
10;3028
10;3028
10;3027
10;3027
10;3026
10;3026
10;3025
10;3025
10;3024
10;3024
10;3023
10;3023
10;3022
10;3022
10;3021
10;3021
10;3020
10;3020
10;3019
10;3019
10;3018
10;3018
10;3017
10;3017
10;3016
10;3016
10;3015
10;3015
10;3014
10;3014
10;3013
10;3013
10;3012
10;3012
10;3011
10;3011
10;3010
10;3010
10;3009
10;3009
10;3008
10;3008
10;3007
10;3007
10;3006
10;3006
10;3005
10;3005
10;3004
10;3004
10;3003
10;3003
10;3002
10;3002
10;3001
10;3001
10;3000
10;3000
10;2999
10;2999
10;2998
10;2998
10;2997
10;2997
10;2996
10;2996
10;2995
10;2995
10;2994
10;2994
10;2993
10;2993
10;2992
10;2992
10;2991
10;2991
10;2990
10;2990
10;2989
10;2989
10;2988
10;2988
10;2987
10;2987
10;2986
10;2986
10;2985
10;2985
10;2984
10;2984
10;2983
10;2983
10;2982
10;2982
10;2981
10;2981
10;2980
10;2980
10;2979
10;2979
10;2978
10;2978
10;2977
10;2977
10;2976
10;2976
10;2975
10;2975
10;2974
10;2974
10;2973
10;2973
10;2972
10;2972
10;2971
10;2971
10;2970
10;2970
10;2969
10;2969
10;2968
10;2968
10;2967
10;2967
10;2966
10;2966
10;2965
10;2965
10;2964
10;2964
10;2963
10;2963
10;2962
10;2962
10;2961
10;2961
10;2960
10;2960
10;2959
10;2959
10;2958
10;2958
10;2957
10;2957
10;2956
10;2956
10;2955
10;2955
10;2954
10;2954
10;2953
10;2953
10;2952
10;2952
10;2951
10;2951
10;2950
10;2950
10;2949
10;2949
10;2948
10;2948
10;2947
10;2947
10;2946
10;2946
10;2945
10;2945
10;2944
10;2944
10;2943
10;2943
10;2942
10;2942
10;2941
10;2941
10;2940
10;2940
10;2939
10;2939
10;2938
10;2938
10;2937
10;2937
10;2936
10;2936
10;2935
10;2935
10;2934
10;2934
10;2933
10;2933
10;2932
10;2932
10;2931
10;2931
10;2930
10;2930
10;2929
10;2929
10;2928
10;2928
10;2927
10;2927
10;2926
10;2926
10;2925
10;2925
10;2924
10;2924
10;2923
10;2923
10;2922
10;2922
10;2921
10;2921
10;2920
10;2920
10;2919
10;2919
10;2918
10;2918
10;2917
10;2917
10;2916
10;2916
10;2915
10;2915
10;2914
10;2914
10;2913
10;2913
10;2912
10;2912
10;2911
10;2911
10;2910
10;2910
10;2909
10;2909
10;2908
10;2908
10;2907
10;2907
10;2906
10;2906
10;2905
10;2905
10;2904
10;2904
10;2903
10;2903
10;2902
10;2902
10;2901
10;2901
10;2900
10;2900
10;2899
10;2899
10;2898
10;2898
10;2897
10;2897
10;2896
10;2896
10;2895
10;2895
10;2894
10;2894
10;2893
10;2893
10;2892
10;2892
10;2891
10;2891
10;2890
10;2890
10;2889
10;2889
10;2888
10;2888
10;2887
10;2887
10;2886
10;2886
10;2885
10;2885
10;2884
10;2884
10;2883
10;2883
10;2882
10;2882
10;2881
10;2881
10;2880
10;2880
10;2879
10;2879
10;2878
10;2878
10;2877
10;2877
10;2876
10;2876
10;2875
10;2875
10;2874
10;2874
10;2873
10;2873
10;2872
10;2872
10;2871
10;2871
10;2870
10;2870
10;2869
10;2869
10;2868
10;2868
10;2867
10;2867
10;2866
10;2866
10;2865
10;2865
10;2864
10;2864
10;2863
10;2863
10;2862
10;2862
10;2861
10;2861
10;2860
10;2860
10;2859
10;2859
10;2858
10;2858
10;2857
10;2857
10;2856
10;2856
10;2855
10;2855
10;2854
10;2854
10;2853
10;2853
10;2852
10;2852
10;2851
10;2851
10;2850
10;2850
10;2849
10;2849
10;2848
10;2848
10;2847
10;2847
10;2846
10;2846
10;2845
10;2845
10;2844
10;2844
10;2843
10;2843
10;2842
10;2842
10;2841
10;2841
10;2840
10;2840
10;2839
10;2839
10;2838
10;2838
10;2837
10;2837
10;2836
10;2836
10;2835
10;2835
10;2834
10;2834
10;2833
10;2833
10;2832
10;2832
10;2831
10;2831
10;2830
10;2830
10;2829
10;2829
10;2828
10;2828
10;2827
10;2827
10;2826
10;2826
10;2825
10;2825
10;2824
10;2824
10;2823
10;2823
10;2822
10;2822
10;2821
10;2821
10;2820
10;2820
10;2819
10;2819
10;2818
10;2818
10;2817
10;2817
10;2816
10;2816
10;2815
10;2815
10;2814
10;2814
10;2813
10;2813
10;2812
10;2812
10;2811
10;2811
10;2810
10;2810
10;2809
10;2809
10;2808
10;2808
10;2807
10;2807
10;2806
10;2806
10;2805
10;2805
10;2804
10;2804
10;2803
10;2803
10;2802
10;2802
10;2801
10;2801
10;2800
10;2800
10;2799
10;2799
10;2798
10;2798
10;2797
10;2797
10;2796
10;2796
10;2795
10;2795
10;2794
10;2794
10;2793
10;2793
10;2792
10;2792
10;2791
10;2791
10;2790
10;2790
10;2789
10;2789
10;2788
10;2788
10;2787
10;2787
10;2786
10;2786
10;2785
10;2785
10;2784
10;2784
10;2783
10;2783
10;2782
10;2782
10;2781
10;2781
10;2780
10;2780
10;2779
10;2779
10;2778
10;2778
10;2777
10;2777
10;2776
10;2776
10;2775
10;2775
10;2774
10;2774
10;2773
10;2773
10;2772
10;2772
10;2771
10;2771
10;2770
10;2770
10;2769
10;2769
10;2768
10;2768
10;2767
10;2767
10;2766
10;2766
10;2765
10;2765
10;2764
10;2764
10;2763
10;2763
10;2762
10;2762
10;2761
10;2761
10;2760
10;2760
10;2759
10;2759
10;2758
10;2758
10;2757
10;2757
10;2756
10;2756
10;2755
10;2755
10;2754
10;2754
10;2753
10;2753
10;2752
10;2752
10;2751
10;2751
10;2750
10;2750
10;2749
10;2749
10;2748
10;2748
10;2747
10;2747
10;2746
10;2746
10;2745
10;2745
10;2744
10;2744
10;2743
10;2743
10;2742
10;2742
10;2741
10;2741
10;2740
10;2740
10;2739
10;2739
10;2738
10;2738
10;2737
10;2737
10;2736
10;2736
10;2735
10;2735
10;2734
10;2734
10;2733
10;2733
10;2732
10;2732
10;2731
10;2731
10;2730
10;2730
10;2729
10;2729
10;2728
10;2728
10;2727
10;2727
10;2726
10;2726
10;2725
10;2725
10;2724
10;2724
10;2723
10;2723
10;2722
10;2722
10;2721
10;2721
10;2720
10;2720
10;2719
10;2719
10;2718
10;2718
10;2717
10;2717
10;2716
10;2716
10;2715
10;2715
10;2714
10;2714
10;2713
10;2713
10;2712
10;2712
10;2711
10;2711
10;2710
10;2710
10;2709
10;2709
10;2708
10;2708
10;2707
10;2707
10;2706
10;2706
10;2705
10;2705
10;2704
10;2704
10;2703
10;2703
10;2702
10;2702
10;2701
10;2701
10;2700
10;2700
10;2699
10;2699
10;2698
10;2698
10;2697
10;2697
10;2696
10;2696
10;2695
10;2695
10;2694
10;2694
10;2693
10;2693
10;2692
10;2692
10;2691
10;2691
10;2690
10;2690
10;2689
10;2689
10;2688
10;2688
10;2687
10;2687
10;2686
10;2686
10;2685
10;2685
10;2684
10;2684
10;2683
10;2683
10;2682
10;2682
10;2681
10;2681
10;2680
10;2680
10;2679
10;2679
10;2678
10;2678
10;2677
10;2677
10;2676
10;2676
10;2675
10;2675
10;2674
10;2674
10;2673
10;2673
10;2672
10;2672
10;2671
10;2671
10;2670
10;2670
10;2669
10;2669
10;2668
10;2668
10;2667
10;2667
10;2666
10;2666
10;2665
10;2665
10;2664
10;2664
10;2663
10;2663
10;2662
10;2662
10;2661
10;2661
10;2660
10;2660
10;2659
10;2659
10;2658
10;2658
10;2657
10;2657
10;2656
10;2656
10;2655
10;2655
10;2654
10;2654
10;2653
10;2653
10;2652
10;2652
10;2651
10;2651
10;2650
10;2650
10;2649
10;2649
10;2648
10;2648
10;2647
10;2647
10;2646
10;2646
10;2645
10;2645
10;2644
10;2644
10;2643
10;2643
10;2642
10;2642
10;2641
10;2641
10;2640
10;2640
10;2639
10;2639
10;2638
10;2638
10;2637
10;2637
10;2636
10;2636
10;2635
10;2635
10;2634
10;2634
10;2633
10;2633
10;2632
10;2632
10;2631
10;2631
10;2630
10;2630
10;2629
10;2629
10;2628
10;2628
10;2627
10;2627
10;2626
10;2626
10;2625
10;2625
10;2624
10;2624
10;2623
10;2623
10;2622
10;2622
10;2621
10;2621
10;2620
10;2620
10;2619
10;2619
10;2618
10;2618
10;2617
10;2617
10;2616
10;2616
10;2615
10;2615
10;2614
10;2614
10;2613
10;2613
10;2612
10;2612
10;2611
10;2611
10;2610
10;2610
10;2609
10;2609
10;2608
10;2608
10;2607
10;2607
10;2606
10;2606
10;2605
10;2605
10;2604
10;2604
10;2603
10;2603
10;2602
10;2602
10;2601
10;2601
10;2600
10;2600
10;2599
10;2599
10;2598
10;2598
10;2597
10;2597
10;2596
10;2596
10;2595
10;2595
10;2594
10;2594
10;2593
10;2593
10;2592
10;2592
10;2591
10;2591
10;2590
10;2590
10;2589
10;2589
10;2588
10;2588
10;2587
10;2587
10;2586
10;2586
10;2585
10;2585
10;2584
10;2584
10;2583
10;2583
10;2582
10;2582
10;2581
10;2581
10;2580
10;2580
10;2579
10;2579
10;2578
10;2578
10;2577
10;2577
10;2576
10;2576
10;2575
10;2575
10;2574
10;2574
10;2573
10;2573
10;2572
10;2572
10;2571
10;2571
10;2570
10;2570
10;2569
10;2569
10;2568
10;2568
10;2567
10;2567
10;2566
10;2566
10;2565
10;2565
10;2564
10;2564
10;2563
10;2563
10;2562
10;2562
10;2561
10;2561
10;2560
10;2560
10;2559
10;2559
10;2558
10;2558
10;2557
10;2557
10;2556
10;2556
10;2555
10;2555
10;2554
10;2554
10;2553
10;2553
10;2552
10;2552
10;2551
10;2551
10;2550
10;2550
10;2549
10;2549
10;2548
10;2548
10;2547
10;2547
10;2546
10;2546
10;2545
10;2545
10;2544
10;2544
10;2543
10;2543
10;2542
10;2542
10;2541
10;2541
10;2540
10;2540
10;2539
10;2539
10;2538
10;2538
10;2537
10;2537
10;2536
10;2536
10;2535
10;2535
10;2534
10;2534
10;2533
10;2533
10;2532
10;2532
10;2531
10;2531
10;2530
10;2530
10;2529
10;2529
10;2528
10;2528
10;2527
10;2527
10;2526
10;2526
10;2525
10;2525
10;2524
10;2524
10;2523
10;2523
10;2522
10;2522
10;2521
10;2521
10;2520
10;2520
10;2519
10;2519
10;2518
10;2518
10;2517
10;2517
10;2516
10;2516
10;2515
10;2515
10;2514
10;2514
10;2513
10;2513
10;2512
10;2512
10;2511
10;2511
10;2510
10;2510
10;2509
10;2509
10;2508
10;2508
10;2507
10;2507
10;2506
10;2506
10;2505
10;2505
10;2504
10;2504
10;2503
10;2503
10;2502
10;2502
10;2501
10;2501
10;2500
10;2500
10;2499
10;2499
10;2498
10;2498
10;2497
10;2497
10;2496
10;2496
10;2495
10;2495
10;2494
10;2494
10;2493
10;2493
10;2492
10;2492
10;2491
10;2491
10;2490
10;2490
10;2489
10;2489
10;2488
10;2488
10;2487
10;2487
10;2486
10;2486
10;2485
10;2485
10;2484
10;2484
10;2483
10;2483
10;2482
10;2482
10;2481
10;2481
10;2480
10;2480
10;2479
10;2479
10;2478
10;2478
10;2477
10;2477
10;2476
10;2476
10;2475
10;2475
10;2474
10;2474
10;2473
10;2473
10;2472
10;2472
10;2471
10;2471
10;2470
10;2470
10;2469
10;2469
10;2468
10;2468
10;2467
10;2467
10;2466
10;2466
10;2465
10;2465
10;2464
10;2464
10;2463
10;2463
10;2462
10;2462
10;2461
10;2461
10;2460
10;2460
10;2459
10;2459
10;2458
10;2458
10;2457
10;2457
10;2456
10;2456
10;2455
10;2455
10;2454
10;2454
10;2453
10;2453
10;2452
10;2452
10;2451
10;2451
10;2450
10;2450
10;2449
10;2449
10;2448
10;2448
10;2447
10;2447
10;2446
10;2446
10;2445
10;2445
10;2444
10;2444
10;2443
10;2443
10;2442
10;2442
10;2441
10;2441
10;2440
10;2440
10;2439
10;2439
10;2438
10;2438
10;2437
10;2437
10;2436
10;2436
10;2435
10;2435
10;2434
10;2434
10;2433
10;2433
10;2432
10;2432
10;2431
10;2431
10;2430
10;2430
10;2429
10;2429
10;2428
10;2428
10;2427
10;2427
10;2426
10;2426
10;2425
10;2425
10;2424
10;2424
10;2423
10;2423
10;2422
10;2422
10;2421
10;2421
10;2420
10;2420
10;2419
10;2419
10;2418
10;2418
10;2417
10;2417
10;2416
10;2416
10;2415
10;2415
10;2414
10;2414
10;2413
10;2413
10;2412
10;2412
10;2411
10;2411
10;2410
10;2410
10;2409
10;2409
10;2408
10;2408
10;2407
10;2407
10;2406
10;2406
10;2405
10;2405
10;2404
10;2404
10;2403
10;2403
10;2402
10;2402
10;2401
10;2401
10;2400
10;2400
10;2399
10;2399
10;2398
10;2398
10;2397
10;2397
10;2396
10;2396
10;2395
10;2395
10;2394
10;2394
10;2393
10;2393
10;2392
10;2392
10;2391
10;2391
10;2390
10;2390
10;2389
10;2389
10;2388
10;2388
10;2387
10;2387
10;2386
10;2386
10;2385
10;2385
10;2384
10;2384
10;2383
10;2383
10;2382
10;2382
10;2381
10;2381
10;2380
10;2380
10;2379
10;2379
10;2378
10;2378
10;2377
10;2377
10;2376
10;2376
10;2375
10;2375
10;2374
10;2374
10;2373
10;2373
10;2372
10;2372
10;2371
10;2371
10;2370
10;2370
10;2369
10;2369
10;2368
10;2368
10;2367
10;2367
10;2366
10;2366
10;2365
10;2365
10;2364
10;2364
10;2363
10;2363
10;2362
10;2362
10;2361
10;2361
10;2360
10;2360
10;2359
10;2359
10;2358
10;2358
10;2357
10;2357
10;2356
10;2356
10;2355
10;2355
10;2354
10;2354
10;2353
10;2353
10;2352
10;2352
10;2351
10;2351
10;2350
10;2350
10;2349
10;2349
10;2348
10;2348
10;2347
10;2347
10;2346
10;2346
10;2345
10;2345
10;2344
10;2344
10;2343
10;2343
10;2342
10;2342
10;2341
10;2341
10;2340
10;2340
10;2339
10;2339
10;2338
10;2338
10;2337
10;2337
10;2336
10;2336
10;2335
10;2335
10;2334
10;2334
10;2333
10;2333
10;2332
10;2332
10;2331
10;2331
10;2330
10;2330
10;2329
10;2329
10;2328
10;2328
10;2327
10;2327
10;2326
10;2326
10;2325
10;2325
10;2324
10;2324
10;2323
10;2323
10;2322
10;2322
10;2321
10;2321
10;2320
10;2320
10;2319
10;2319
10;2318
10;2318
10;2317
10;2317
10;2316
10;2316
10;2315
10;2315
10;2314
10;2314
10;2313
10;2313
10;2312
10;2312
10;2311
10;2311
10;2310
10;2310
10;2309
10;2309
10;2308
10;2308
10;2307
10;2307
10;2306
10;2306
10;2305
10;2305
10;2304
10;2304
10;2303
10;2303
10;2302
10;2302
10;2301
10;2301
10;2300
10;2300
10;2299
10;2299
10;2298
10;2298
10;2297
10;2297
10;2296
10;2296
10;2295
10;2295
10;2294
10;2294
10;2293
10;2293
10;2292
10;2292
10;2291
10;2291
10;2290
10;2290
10;2289
10;2289
10;2288
10;2288
10;2287
10;2287
10;2286
10;2286
10;2285
10;2285
10;2284
10;2284
10;2283
10;2283
10;2282
10;2282
10;2281
10;2281
10;2280
10;2280
10;2279
10;2279
10;2278
10;2278
10;2277
10;2277
10;2276
10;2276
10;2275
10;2275
10;2274
10;2274
10;2273
10;2273
10;2272
10;2272
10;2271
10;2271
10;2270
10;2270
10;2269
10;2269
10;2268
10;2268
10;2267
10;2267
10;2266
10;2266
10;2265
10;2265
10;2264
10;2264
10;2263
10;2263
10;2262
10;2262
10;2261
10;2261
10;2260
10;2260
10;2259
10;2259
10;2258
10;2258
10;2257
10;2257
10;2256
10;2256
10;2255
10;2255
10;2254
10;2254
10;2253
10;2253
10;2252
10;2252
10;2251
10;2251
10;2250
10;2250
10;2249
10;2249
10;2248
10;2248
10;2247
10;2247
10;2246
10;2246
10;2245
10;2245
10;2244
10;2244
10;2243
10;2243
10;2242
10;2242
10;2241
10;2241
10;2240
10;2240
10;2239
10;2239
10;2238
10;2238
10;2237
10;2237
10;2236
10;2236
10;2235
10;2235
10;2234
10;2234
10;2233
10;2233
10;2232
10;2232
10;2231
10;2231
10;2230
10;2230
10;2229
10;2229
10;2228
10;2228
10;2227
10;2227
10;2226
10;2226
10;2225
10;2225
10;2224
10;2224
10;2223
10;2223
10;2222
10;2222
10;2221
10;2221
10;2220
10;2220
10;2219
10;2219
10;2218
10;2218
10;2217
10;2217
10;2216
10;2216
10;2215
10;2215
10;2214
10;2214
10;2213
10;2213
10;2212
10;2212
10;2211
10;2211
10;2210
10;2210
10;2209
10;2209
10;2208
10;2208
10;2207
10;2207
10;2206
10;2206
10;2205
10;2205
10;2204
10;2204
10;2203
10;2203
10;2202
10;2202
10;2201
10;2201
10;2200
10;2200
10;2199
10;2199
10;2198
10;2198
10;2197
10;2197
10;2196
10;2196
10;2195
10;2195
10;2194
10;2194
10;2193
10;2193
10;2192
10;2192
10;2191
10;2191
10;2190
10;2190
10;2189
10;2189
10;2188
10;2188
10;2187
10;2187
10;2186
10;2186
10;2185
10;2185
10;2184
10;2184
10;2183
10;2183
10;2182
10;2182
10;2181
10;2181
10;2180
10;2180
10;2179
10;2179
10;2178
10;2178
10;2177
10;2177
10;2176
10;2176
10;2175
10;2175
10;2174
10;2174
10;2173
10;2173
10;2172
10;2172
10;2171
10;2171
10;2170
10;2170
10;2169
10;2169
10;2168
10;2168
10;2167
10;2167
10;2166
10;2166
10;2165
10;2165
10;2164
10;2164
10;2163
10;2163
10;2162
10;2162
10;2161
10;2161
10;2160
10;2160
10;2159
10;2159
10;2158
10;2158
10;2157
10;2157
10;2156
10;2156
10;2155
10;2155
10;2154
10;2154
10;2153
10;2153
10;2152
10;2152
10;2151
10;2151
10;2150
10;2150
10;2149
10;2149
10;2148
10;2148
10;2147
10;2147
10;2146
10;2146
10;2145
10;2145
10;2144
10;2144
10;2143
10;2143
10;2142
10;2142
10;2141
10;2141
10;2140
10;2140
10;2139
10;2139
10;2138
10;2138
10;2137
10;2137
10;2136
10;2136
10;2135
10;2135
10;2134
10;2134
10;2133
10;2133
10;2132
10;2132
10;2131
10;2131
10;2130
10;2130
10;2129
10;2129
10;2128
10;2128
10;2127
10;2127
10;2126
10;2126
10;2125
10;2125
10;2124
10;2124
10;2123
10;2123
10;2122
10;2122
10;2121
10;2121
10;2120
10;2120
10;2119
10;2119
10;2118
10;2118
10;2117
10;2117
10;2116
10;2116
10;2115
10;2115
10;2114
10;2114
10;2113
10;2113
10;2112
10;2112
10;2111
10;2111
10;2110
10;2110
10;2109
10;2109
10;2108
10;2108
10;2107
10;2107
10;2106
10;2106
10;2105
10;2105
10;2104
10;2104
10;2103
10;2103
10;2102
10;2102
10;2101
10;2101
10;2100
10;2100
10;2099
10;2099
10;2098
10;2098
10;2097
10;2097
10;2096
10;2096
10;2095
10;2095
10;2094
10;2094
10;2093
10;2093
10;2092
10;2092
10;2091
10;2091
10;2090
10;2090
10;2089
10;2089
10;2088
10;2088
10;2087
10;2087
10;2086
10;2086
10;2085
10;2085
10;2084
10;2084
10;2083
10;2083
10;2082
10;2082
10;2081
10;2081
10;2080
10;2080
10;2079
10;2079
10;2078
10;2078
10;2077
10;2077
10;2076
10;2076
10;2075
10;2075
10;2074
10;2074
10;2073
10;2073
10;2072
10;2072
10;2071
10;2071
10;2070
10;2070
10;2069
10;2069
10;2068
10;2068
10;2067
10;2067
10;2066
10;2066
10;2065
10;2065
10;2064
10;2064
10;2063
10;2063
10;2062
10;2062
10;2061
10;2061
10;2060
10;2060
10;2059
10;2059
10;2058
10;2058
10;2057
10;2057
10;2056
10;2056
10;2055
10;2055
10;2054
10;2054
10;2053
10;2053
10;2052
10;2052
10;2051
10;2051
10;2050
10;2050
10;2049
10;2049
10;2048
10;2048
10;2047
10;2047
10;2046
10;2046
10;2045
10;2045
10;2044
10;2044
10;2043
10;2043
10;2042
10;2042
10;2041
10;2041
10;2040
10;2040
10;2039
10;2039
10;2038
10;2038
10;2037
10;2037
10;2036
10;2036
10;2035
10;2035
10;2034
10;2034
10;2033
10;2033
10;2032
10;2032
10;2031
10;2031
10;2030
10;2030
10;2029
10;2029
10;2028
10;2028
10;2027
10;2027
10;2026
10;2026
10;2025
10;2025
10;2024
10;2024
10;2023
10;2023
10;2022
10;2022
10;2021
10;2021
10;2020
10;2020
10;2019
10;2019
10;2018
10;2018
10;2017
10;2017
10;2016
10;2016
10;2015
10;2015
10;2014
10;2014
10;2013
10;2013
10;2012
10;2012
10;2011
10;2011
10;2010
10;2010
10;2009
10;2009
10;2008
10;2008
10;2007
10;2007
10;2006
10;2006
10;2005
10;2005
10;2004
10;2004
10;2003
10;2003
10;2002
10;2002
10;2001
10;2001
10;2000
10;2000
10;1999
10;1999
10;1998
10;1998
10;1997
10;1997
10;1996
10;1996
10;1995
10;1995
10;1994
10;1994
10;1993
10;1993
10;1992
10;1992
10;1991
10;1991
10;1990
10;1990
10;1989
10;1989
10;1988
10;1988
10;1987
10;1987
10;1986
10;1986
10;1985
10;1985
10;1984
10;1984
10;1983
10;1983
10;1982
10;1982
10;1981
10;1981
10;1980
10;1980
10;1979
10;1979
10;1978
10;1978
10;1977
10;1977
10;1976
10;1976
10;1975
10;1975
10;1974
10;1974
10;1973
10;1973
10;1972
10;1972
10;1971
10;1971
10;1970
10;1970
10;1969
10;1969
10;1968
10;1968
10;1967
10;1967
10;1966
10;1966
10;1965
10;1965
10;1964
10;1964
10;1963
10;1963
10;1962
10;1962
10;1961
10;1961
10;1960
10;1960
10;1959
10;1959
10;1958
10;1958
10;1957
10;1957
10;1956
10;1956
10;1955
10;1955
10;1954
10;1954
10;1953
10;1953
10;1952
10;1952
10;1951
10;1951
10;1950
10;1950
10;1949
10;1949
10;1948
10;1948
10;1947
10;1947
10;1946
10;1946
10;1945
10;1945
10;1944
10;1944
10;1943
10;1943
10;1942
10;1942
10;1941
10;1941
10;1940
10;1940
10;1939
10;1939
10;1938
10;1938
10;1937
10;1937
10;1936
10;1936
10;1935
10;1935
10;1934
10;1934
10;1933
10;1933
10;1932
10;1932
10;1931
10;1931
10;1930
10;1930
10;1929
10;1929
10;1928
10;1928
10;1927
10;1927
10;1926
10;1926
10;1925
10;1925
10;1924
10;1924
10;1923
10;1923
10;1922
10;1922
10;1921
10;1921
10;1920
10;1920
10;1919
10;1919
10;1918
10;1918
10;1917
10;1917
10;1916
10;1916
10;1915
10;1915
10;1914
10;1914
10;1913
10;1913
10;1912
10;1912
10;1911
10;1911
10;1910
10;1910
10;1909
10;1909
10;1908
10;1908
10;1907
10;1907
10;1906
10;1906
10;1905
10;1905
10;1904
10;1904
10;1903
10;1903
10;1902
10;1902
10;1901
10;1901
10;1900
10;1900
10;1899
10;1899
10;1898
10;1898
10;1897
10;1897
10;1896
10;1896
10;1895
10;1895
10;1894
10;1894
10;1893
10;1893
10;1892
10;1892
10;1891
10;1891
10;1890
10;1890
10;1889
10;1889
10;1888
10;1888
10;1887
10;1887
10;1886
10;1886
10;1885
10;1885
10;1884
10;1884
10;1883
10;1883
10;1882
10;1882
10;1881
10;1881
10;1880
10;1880
10;1879
10;1879
10;1878
10;1878
10;1877
10;1877
10;1876
10;1876
10;1875
10;1875
10;1874
10;1874
10;1873
10;1873
10;1872
10;1872
10;1871
10;1871
10;1870
10;1870
10;1869
10;1869
10;1868
10;1868
10;1867
10;1867
10;1866
10;1866
10;1865
10;1865
10;1864
10;1864
10;1863
10;1863
10;1862
10;1862
10;1861
10;1861
10;1860
10;1860
10;1859
10;1859
10;1858
10;1858
10;1857
10;1857
10;1856
10;1856
10;1855
10;1855
10;1854
10;1854
10;1853
10;1853
10;1852
10;1852
10;1851
10;1851
10;1850
10;1850
10;1849
10;1849
10;1848
10;1848
10;1847
10;1847
10;1846
10;1846
10;1845
10;1845
10;1844
10;1844
10;1843
10;1843
10;1842
10;1842
10;1841
10;1841
10;1840
10;1840
10;1839
10;1839
10;1838
10;1838
10;1837
10;1837
10;1836
10;1836
10;1835
10;1835
10;1834
10;1834
10;1833
10;1833
10;1832
10;1832
10;1831
10;1831
10;1830
10;1830
10;1829
10;1829
10;1828
10;1828
10;1827
10;1827
10;1826
10;1826
10;1825
10;1825
10;1824
10;1824
10;1823
10;1823
10;1822
10;1822
10;1821
10;1821
10;1820
10;1820
10;1819
10;1819
10;1818
10;1818
10;1817
10;1817
10;1816
10;1816
10;1815
10;1815
10;1814
10;1814
10;1813
10;1813
10;1812
10;1812
10;1811
10;1811
10;1810
10;1810
10;1809
10;1809
10;1808
10;1808
10;1807
10;1807
10;1806
10;1806
10;1805
10;1805
10;1804
10;1804
10;1803
10;1803
10;1802
10;1802
10;1801
10;1801
10;1800
10;1800
10;1799
10;1799
10;1798
10;1798
10;1797
10;1797
10;1796
10;1796
10;1795
10;1795
10;1794
10;1794
10;1793
10;1793
10;1792
10;1792
10;1791
10;1791
10;1790
10;1790
10;1789
10;1789
10;1788
10;1788
10;1787
10;1787
10;1786
10;1786
10;1785
10;1785
10;1784
10;1784
10;1783
10;1783
10;1782
10;1782
10;1781
10;1781
10;1780
10;1780
10;1779
10;1779
10;1778
10;1778
10;1777
10;1777
10;1776
10;1776
10;1775
10;1775
10;1774
10;1774
10;1773
10;1773
10;1772
10;1772
10;1771
10;1771
10;1770
10;1770
10;1769
10;1769
10;1768
10;1768
10;1767
10;1767
10;1766
10;1766
10;1765
10;1765
10;1764
10;1764
10;1763
10;1763
10;1762
10;1762
10;1761
10;1761
10;1760
10;1760
10;1759
10;1759
10;1758
10;1758
10;1757
10;1757
10;1756
10;1756
10;1755
10;1755
10;1754
10;1754
10;1753
10;1753
10;1752
10;1752
10;1751
10;1751
10;1750
10;1750
10;1749
10;1749
10;1748
10;1748
10;1747
10;1747
10;1746
10;1746
10;1745
10;1745
10;1744
10;1744
10;1743
10;1743
10;1742
10;1742
10;1741
10;1741
10;1740
10;1740
10;1739
10;1739
10;1738
10;1738
10;1737
10;1737
10;1736
10;1736
10;1735
10;1735
10;1734
10;1734
10;1733
10;1733
10;1732
10;1732
10;1731
10;1731
10;1730
10;1730
10;1729
10;1729
10;1728
10;1728
10;1727
10;1727
10;1726
10;1726
10;1725
10;1725
10;1724
10;1724
10;1723
10;1723
10;1722
10;1722
10;1721
10;1721
10;1720
10;1720
10;1719
10;1719
10;1718
10;1718
10;1717
10;1717
10;1716
10;1716
10;1715
10;1715
10;1714
10;1714
10;1713
10;1713
10;1712
10;1712
10;1711
10;1711
10;1710
10;1710
10;1709
10;1709
10;1708
10;1708
10;1707
10;1707
10;1706
10;1706
10;1705
10;1705
10;1704
10;1704
10;1703
10;1703
10;1702
10;1702
10;1701
10;1701
10;1700
10;1700
10;1699
10;1699
10;1698
10;1698
10;1697
10;1697
10;1696
10;1696
10;1695
10;1695
10;1694
10;1694
10;1693
10;1693
10;1692
10;1692
10;1691
10;1691
10;1690
10;1690
10;1689
10;1689
10;1688
10;1688
10;1687
10;1687
10;1686
10;1686
10;1685
10;1685
10;1684
10;1684
10;1683
10;1683
10;1682
10;1682
10;1681
10;1681
10;1680
10;1680
10;1679
10;1679
10;1678
10;1678
10;1677
10;1677
10;1676
10;1676
10;1675
10;1675
10;1674
10;1674
10;1673
10;1673
10;1672
10;1672
10;1671
10;1671
10;1670
10;1670
10;1669
10;1669
10;1668
10;1668
10;1667
10;1667
10;1666
10;1666
10;1665
10;1665
10;1664
10;1664
10;1663
10;1663
10;1662
10;1662
10;1661
10;1661
10;1660
10;1660
10;1659
10;1659
10;1658
10;1658
10;1657
10;1657
10;1656
10;1656
10;1655
10;1655
10;1654
10;1654
10;1653
10;1653
10;1652
10;1652
10;1651
10;1651
10;1650
10;1650
10;1649
10;1649
10;1648
10;1648
10;1647
10;1647
10;1646
10;1646
10;1645
10;1645
10;1644
10;1644
10;1643
10;1643
10;1642
10;1642
10;1641
10;1641
10;1640
10;1640
10;1639
10;1639
10;1638
10;1638
10;1637
10;1637
10;1636
10;1636
10;1635
10;1635
10;1634
10;1634
10;1633
10;1633
10;1632
10;1632
10;1631
10;1631
10;1630
10;1630
10;1629
10;1629
10;1628
10;1628
10;1627
10;1627
10;1626
10;1626
10;1625
10;1625
10;1624
10;1624
10;1623
10;1623
10;1622
10;1622
10;1621
10;1621
10;1620
10;1620
10;1619
10;1619
10;1618
10;1618
10;1617
10;1617
10;1616
10;1616
10;1615
10;1615
10;1614
10;1614
10;1613
10;1613
10;1612
10;1612
10;1611
10;1611
10;1610
10;1610
10;1609
10;1609
10;1608
10;1608
10;1607
10;1607
10;1606
10;1606
10;1605
10;1605
10;1604
10;1604
10;1603
10;1603
10;1602
10;1602
10;1601
10;1601
10;1600
10;1600
10;1599
10;1599
10;1598
10;1598
10;1597
10;1597
10;1596
10;1596
10;1595
10;1595
10;1594
10;1594
10;1593
10;1593
10;1592
10;1592
10;1591
10;1591
10;1590
10;1590
10;1589
10;1589
10;1588
10;1588
10;1587
10;1587
10;1586
10;1586
10;1585
10;1585
10;1584
10;1584
10;1583
10;1583
10;1582
10;1582
10;1581
10;1581
10;1580
10;1580
10;1579
10;1579
10;1578
10;1578
10;1577
10;1577
10;1576
10;1576
10;1575
10;1575
10;1574
10;1574
10;1573
10;1573
10;1572
10;1572
10;1571
10;1571
10;1570
10;1570
10;1569
10;1569
10;1568
10;1568
10;1567
10;1567
10;1566
10;1566
10;1565
10;1565
10;1564
10;1564
10;1563
10;1563
10;1562
10;1562
10;1561
10;1561
10;1560
10;1560
10;1559
10;1559
10;1558
10;1558
10;1557
10;1557
10;1556
10;1556
10;1555
10;1555
10;1554
10;1554
10;1553
10;1553
10;1552
10;1552
10;1551
10;1551
10;1550
10;1550
10;1549
10;1549
10;1548
10;1548
10;1547
10;1547
10;1546
10;1546
10;1545
10;1545
10;1544
10;1544
10;1543
10;1543
10;1542
10;1542
10;1541
10;1541
10;1540
10;1540
10;1539
10;1539
10;1538
10;1538
10;1537
10;1537
10;1536
10;1536
10;1535
10;1535
10;1534
10;1534
10;1533
10;1533
10;1532
10;1532
10;1531
10;1531
10;1530
10;1530
10;1529
10;1529
10;1528
10;1528
10;1527
10;1527
10;1526
10;1526
10;1525
10;1525
10;1524
10;1524
10;1523
10;1523
10;1522
10;1522
10;1521
10;1521
10;1520
10;1520
10;1519
10;1519
10;1518
10;1518
10;1517
10;1517
10;1516
10;1516
10;1515
10;1515
10;1514
10;1514
10;1513
10;1513
10;1512
10;1512
10;1511
10;1511
10;1510
10;1510
10;1509
10;1509
10;1508
10;1508
10;1507
10;1507
10;1506
10;1506
10;1505
10;1505
10;1504
10;1504
10;1503
10;1503
10;1502
10;1502
10;1501
10;1501
10;1500
10;1500
10;1499
10;1499
10;1498
10;1498
10;1497
10;1497
10;1496
10;1496
10;1495
10;1495
10;1494
10;1494
10;1493
10;1493
10;1492
10;1492
10;1491
10;1491
10;1490
10;1490
10;1489
10;1489
10;1488
10;1488
10;1487
10;1487
10;1486
10;1486
10;1485
10;1485
10;1484
10;1484
10;1483
10;1483
10;1482
10;1482
10;1481
10;1481
10;1480
10;1480
10;1479
10;1479
10;1478
10;1478
10;1477
10;1477
10;1476
10;1476
10;1475
10;1475
10;1474
10;1474
10;1473
10;1473
10;1472
10;1472
10;1471
10;1471
10;1470
10;1470
10;1469
10;1469
10;1468
10;1468
10;1467
10;1467
10;1466
10;1466
10;1465
10;1465
10;1464
10;1464
10;1463
10;1463
10;1462
10;1462
10;1461
10;1461
10;1460
10;1460
10;1459
10;1459
10;1458
10;1458
10;1457
10;1457
10;1456
10;1456
10;1455
10;1455
10;1454
10;1454
10;1453
10;1453
10;1452
10;1452
10;1451
10;1451
10;1450
10;1450
10;1449
10;1449
10;1448
10;1448
10;1447
10;1447
10;1446
10;1446
10;1445
10;1445
10;1444
10;1444
10;1443
10;1443
10;1442
10;1442
10;1441
10;1441
10;1440
10;1440
10;1439
10;1439
10;1438
10;1438
10;1437
10;1437
10;1436
10;1436
10;1435
10;1435
10;1434
10;1434
10;1433
10;1433
10;1432
10;1432
10;1431
10;1431
10;1430
10;1430
10;1429
10;1429
10;1428
10;1428
10;1427
10;1427
10;1426
10;1426
10;1425
10;1425
10;1424
10;1424
10;1423
10;1423
10;1422
10;1422
10;1421
10;1421
10;1420
10;1420
10;1419
10;1419
10;1418
10;1418
10;1417
10;1417
10;1416
10;1416
10;1415
10;1415
10;1414
10;1414
10;1413
10;1413
10;1412
10;1412
10;1411
10;1411
10;1410
10;1410
10;1409
10;1409
10;1408
10;1408
10;1407
10;1407
10;1406
10;1406
10;1405
10;1405
10;1404
10;1404
10;1403
10;1403
10;1402
10;1402
10;1401
10;1401
10;1400
10;1400
10;1399
10;1399
10;1398
10;1398
10;1397
10;1397
10;1396
10;1396
10;1395
10;1395
10;1394
10;1394
10;1393
10;1393
10;1392
10;1392
10;1391
10;1391
10;1390
10;1390
10;1389
10;1389
10;1388
10;1388
10;1387
10;1387
10;1386
10;1386
10;1385
10;1385
10;1384
10;1384
10;1383
10;1383
10;1382
10;1382
10;1381
10;1381
10;1380
10;1380
10;1379
10;1379
10;1378
10;1378
10;1377
10;1377
10;1376
10;1376
10;1375
10;1375
10;1374
10;1374
10;1373
10;1373
10;1372
10;1372
10;1371
10;1371
10;1370
10;1370
10;1369
10;1369
10;1368
10;1368
10;1367
10;1367
10;1366
10;1366
10;1365
10;1365
10;1364
10;1364
10;1363
10;1363
10;1362
10;1362
10;1361
10;1361
10;1360
10;1360
10;1359
10;1359
10;1358
10;1358
10;1357
10;1357
10;1356
10;1356
10;1355
10;1355
10;1354
10;1354
10;1353
10;1353
10;1352
10;1352
10;1351
10;1351
10;1350
10;1350
10;1349
10;1349
10;1348
10;1348
10;1347
10;1347
10;1346
10;1346
10;1345
10;1345
10;1344
10;1344
10;1343
10;1343
10;1342
10;1342
10;1341
10;1341
10;1340
10;1340
10;1339
10;1339
10;1338
10;1338
10;1337
10;1337
11;2659
11;2659
11;2658
11;2658
11;2657
11;2657
11;2656
11;2656
11;2655
11;2655
11;2654
11;2654
11;2653
11;2653
11;2652
11;2652
11;2651
11;2651
11;2650
11;2650
11;2649
11;2649
11;2648
11;2648
11;2647
11;2647
11;2646
11;2646
11;2645
11;2645
11;2644
11;2644
11;2643
11;2643
11;2642
11;2642
11;2641
11;2641
11;2640
11;2640
11;2639
11;2639
11;2638
11;2638
11;2637
11;2637
11;2636
11;2636
11;2635
11;2635
11;2634
11;2634
11;2633
11;2633
11;2632
11;2632
11;2631
11;2631
11;2630
11;2630
11;2629
11;2629
11;2628
11;2628
11;2627
11;2627
11;2626
11;2626
11;2625
11;2625
11;2624
11;2624
11;2623
11;2623
11;2622
11;2622
11;2621
11;2621
11;2620
11;2620
11;2619
11;2619
11;2618
11;2618
11;2617
11;2617
11;2616
11;2616
11;2615
11;2615
11;2614
11;2614
11;2613
11;2613
11;2612
11;2612
11;2611
11;2611
11;2610
11;2610
11;2609
11;2609
11;2608
11;2608
11;2607
11;2607
11;2606
11;2606
11;2605
11;2605
11;2604
11;2604
11;2603
11;2603
11;2602
11;2602
11;2601
11;2601
11;2600
11;2600
11;2599
11;2599
11;2598
11;2598
11;2597
11;2597
11;2596
11;2596
11;2595
11;2595
11;2594
11;2594
11;2593
11;2593
11;2592
11;2592
11;2591
11;2591
11;2590
11;2590
11;2589
11;2589
11;2588
11;2588
11;2587
11;2587
11;2586
11;2586
11;2585
11;2585
11;2584
11;2584
11;2583
11;2583
11;2582
11;2582
11;2581
11;2581
11;2580
11;2580
11;2579
11;2579
11;2578
11;2578
11;2577
11;2577
11;2576
11;2576
11;2575
11;2575
11;2574
11;2574
11;2573
11;2573
11;2572
11;2572
11;2571
11;2571
11;2570
11;2570
11;2569
11;2569
11;2568
11;2568
11;2567
11;2567
11;2566
11;2566
11;2565
11;2565
11;2564
11;2564
11;2563
11;2563
11;2562
11;2562
11;2561
11;2561
11;2560
11;2560
11;2559
11;2559
11;2558
11;2558
11;2557
11;2557
11;2556
11;2556
11;2555
11;2555
11;2554
11;2554
11;2553
11;2553
11;2552
11;2552
11;2551
11;2551
11;2550
11;2550
11;2549
11;2549
11;2548
11;2548
11;2547
11;2547
11;2546
11;2546
11;2545
11;2545
11;2544
11;2544
11;2543
11;2543
11;2542
11;2542
11;2541
11;2541
11;2540
11;2540
11;2539
11;2539
11;2538
11;2538
11;2537
11;2537
11;2536
11;2536
11;2535
11;2535
11;2534
11;2534
11;2533
11;2533
11;2532
11;2532
11;2531
11;2531
11;2530
11;2530
11;2529
11;2529
11;2528
11;2528
11;2527
11;2527
11;2526
11;2526
11;2525
11;2525
11;2524
11;2524
11;2523
11;2523
11;2522
11;2522
11;2521
11;2521
11;2520
11;2520
11;2519
11;2519
11;2518
11;2518
11;2517
11;2517
11;2516
11;2516
11;2515
11;2515
11;2514
11;2514
11;2513
11;2513
11;2512
11;2512
11;2511
11;2511
11;2510
11;2510
11;2509
11;2509
11;2508
11;2508
11;2507
11;2507
11;2506
11;2506
11;2505
11;2505
11;2504
11;2504
11;2503
11;2503
11;2502
11;2502
11;2501
11;2501
11;2500
11;2500
11;2499
11;2499
11;2498
11;2498
11;2497
11;2497
11;2496
11;2496
11;2495
11;2495
11;2494
11;2494
11;2493
11;2493
11;2492
11;2492
11;2491
11;2491
11;2490
11;2490
11;2489
11;2489
11;2488
11;2488
11;2487
11;2487
11;2486
11;2486
11;2485
11;2485
11;2484
11;2484
11;2483
11;2483
11;2482
11;2482
11;2481
11;2481
11;2480
11;2480
11;2479
11;2479
11;2478
11;2478
11;2477
11;2477
11;2476
11;2476
11;2475
11;2475
11;2474
11;2474
11;2473
11;2473
11;2472
11;2472
11;2471
11;2471
11;2470
11;2470
11;2469
11;2469
11;2468
11;2468
11;2467
11;2467
11;2466
11;2466
11;2465
11;2465
11;2464
11;2464
11;2463
11;2463
11;2462
11;2462
11;2461
11;2461
11;2460
11;2460
11;2459
11;2459
11;2458
11;2458
11;2457
11;2457
11;2456
11;2456
11;2455
11;2455
11;2454
11;2454
11;2453
11;2453
11;2452
11;2452
11;2451
11;2451
11;2450
11;2450
11;2449
11;2449
11;2448
11;2448
11;2447
11;2447
11;2446
11;2446
11;2445
11;2445
11;2444
11;2444
11;2443
11;2443
11;2442
11;2442
11;2441
11;2441
11;2440
11;2440
11;2439
11;2439
11;2438
11;2438
11;2437
11;2437
11;2436
11;2436
11;2435
11;2435
11;2434
11;2434
11;2433
11;2433
11;2432
11;2432
11;2431
11;2431
11;2430
11;2430
11;2429
11;2429
11;2428
11;2428
11;2427
11;2427
11;2426
11;2426
11;2425
11;2425
11;2424
11;2424
11;2423
11;2423
11;2422
11;2422
11;2421
11;2421
11;2420
11;2420
11;2419
11;2419
11;2418
11;2418
11;2417
11;2417
11;2416
11;2416
11;2415
11;2415
11;2414
11;2414
11;2413
11;2413
11;2412
11;2412
11;2411
11;2411
11;2410
11;2410
11;2409
11;2409
11;2408
11;2408
11;2407
11;2407
11;2406
11;2406
11;2405
11;2405
11;2404
11;2404
11;2403
11;2403
11;2402
11;2402
11;2401
11;2401
11;2400
11;2400
11;2399
11;2399
11;2398
11;2398
11;2397
11;2397
11;2396
11;2396
11;2395
11;2395
11;2394
11;2394
11;2393
11;2393
11;2392
11;2392
11;2391
11;2391
11;2390
11;2390
11;2389
11;2389
11;2388
11;2388
11;2387
11;2387
11;2386
11;2386
11;2385
11;2385
11;2384
11;2384
11;2383
11;2383
11;2382
11;2382
11;2381
11;2381
11;2380
11;2380
11;2379
11;2379
11;2378
11;2378
11;2377
11;2377
11;2376
11;2376
11;2375
11;2375
11;2374
11;2374
11;2373
11;2373
11;2372
11;2372
11;2371
11;2371
11;2370
11;2370
11;2369
11;2369
11;2368
11;2368
11;2367
11;2367
11;2366
11;2366
11;2365
11;2365
11;2364
11;2364
11;2363
11;2363
11;2362
11;2362
11;2361
11;2361
11;2360
11;2360
11;2359
11;2359
11;2358
11;2358
11;2357
11;2357
11;2356
11;2356
11;2355
11;2355
11;2354
11;2354
11;2353
11;2353
11;2352
11;2352
11;2351
11;2351
11;2350
11;2350
11;2349
11;2349
11;2348
11;2348
11;2347
11;2347
11;2346
11;2346
11;2345
11;2345
11;2344
11;2344
11;2343
11;2343
11;2342
11;2342
11;2341
11;2341
11;2340
11;2340
11;2339
11;2339
11;2338
11;2338
11;2337
11;2337
11;2336
11;2336
11;2335
11;2335
11;2334
11;2334
11;2333
11;2333
11;2332
11;2332
11;2331
11;2331
11;2330
11;2330
11;2329
11;2329
11;2328
11;2328
11;2327
11;2327
11;2326
11;2326
11;2325
11;2325
11;2324
11;2324
11;2323
11;2323
11;2322
11;2322
11;2321
11;2321
11;2320
11;2320
11;2319
11;2319
11;2318
11;2318
11;2317
11;2317
11;2316
11;2316
11;2315
11;2315
11;2314
11;2314
11;2313
11;2313
11;2312
11;2312
11;2311
11;2311
11;2310
11;2310
11;2309
11;2309
11;2308
11;2308
11;2307
11;2307
11;2306
11;2306
11;2305
11;2305
11;2304
11;2304
11;2303
11;2303
11;2302
11;2302
11;2301
11;2301
11;2300
11;2300
11;2299
11;2299
11;2298
11;2298
11;2297
11;2297
11;2296
11;2296
11;2295
11;2295
11;2294
11;2294
11;2293
11;2293
11;2292
11;2292
11;2291
11;2291
11;2290
11;2290
11;2289
11;2289
11;2288
11;2288
11;2287
11;2287
11;2286
11;2286
11;2285
11;2285
11;2284
11;2284
11;2283
11;2283
11;2282
11;2282
11;2281
11;2281
11;2280
11;2280
11;2279
11;2279
11;2278
11;2278
11;2277
11;2277
11;2276
11;2276
11;2275
11;2275
11;2274
11;2274
11;2273
11;2273
11;2272
11;2272
11;2271
11;2271
11;2270
11;2270
11;2269
11;2269
11;2268
11;2268
11;2267
11;2267
11;2266
11;2266
11;2265
11;2265
11;2264
11;2264
11;2263
11;2263
11;2262
11;2262
11;2261
11;2261
11;2260
11;2260
11;2259
11;2259
11;2258
11;2258
11;2257
11;2257
11;2256
11;2256
11;2255
11;2255
11;2254
11;2254
11;2253
11;2253
11;2252
11;2252
11;2251
11;2251
11;2250
11;2250
11;2249
11;2249
11;2248
11;2248
11;2247
11;2247
11;2246
11;2246
11;2245
11;2245
11;2244
11;2244
11;2243
11;2243
11;2242
11;2242
11;2241
11;2241
11;2240
11;2240
11;2239
11;2239
11;2238
11;2238
11;2237
11;2237
11;2236
11;2236
11;2235
11;2235
11;2234
11;2234
11;2233
11;2233
11;2232
11;2232
11;2231
11;2231
11;2230
11;2230
11;2229
11;2229
11;2228
11;2228
11;2227
11;2227
11;2226
11;2226
11;2225
11;2225
11;2224
11;2224
11;2223
11;2223
11;2222
11;2222
11;2221
11;2221
11;2220
11;2220
11;2219
11;2219
11;2218
11;2218
11;2217
11;2217
11;2216
11;2216
11;2215
11;2215
11;2214
11;2214
11;2213
11;2213
11;2212
11;2212
11;2211
11;2211
11;2210
11;2210
11;2209
11;2209
11;2208
11;2208
11;2207
11;2207
11;2206
11;2206
11;2205
11;2205
11;2204
11;2204
11;2203
11;2203
11;2202
11;2202
11;2201
11;2201
11;2200
11;2200
11;2199
11;2199
11;2198
11;2198
11;2197
11;2197
11;2196
11;2196
11;2195
11;2195
11;2194
11;2194
11;2193
11;2193
11;2192
11;2192
11;2191
11;2191
11;2190
11;2190
11;2189
11;2189
11;2188
11;2188
11;2187
11;2187
11;2186
11;2186
11;2185
11;2185
11;2184
11;2184
11;2183
11;2183
11;2182
11;2182
11;2181
11;2181
11;2180
11;2180
11;2179
11;2179
11;2178
11;2178
11;2177
11;2177
11;2176
11;2176
11;2175
11;2175
11;2174
11;2174
11;2173
11;2173
11;2172
11;2172
11;2171
11;2171
11;2170
11;2170
11;2169
11;2169
11;2168
11;2168
11;2167
11;2167
11;2166
11;2166
11;2165
11;2165
11;2164
11;2164
11;2163
11;2163
11;2162
11;2162
11;2161
11;2161
11;2160
11;2160
11;2159
11;2159
11;2158
11;2158
11;2157
11;2157
11;2156
11;2156
11;2155
11;2155
11;2154
11;2154
11;2153
11;2153
11;2152
11;2152
11;2151
11;2151
11;2150
11;2150
11;2149
11;2149
11;2148
11;2148
11;2147
11;2147
11;2146
11;2146
11;2145
11;2145
11;2144
11;2144
11;2143
11;2143
11;2142
11;2142
11;2141
11;2141
11;2140
11;2140
11;2139
11;2139
11;2138
11;2138
11;2137
11;2137
11;2136
11;2136
11;2135
11;2135
11;2134
11;2134
11;2133
11;2133
11;2132
11;2132
11;2131
11;2131
11;2130
11;2130
11;2129
11;2129
11;2128
11;2128
11;2127
11;2127
11;2126
11;2126
11;2125
11;2125
11;2124
11;2124
11;2123
11;2123
11;2122
11;2122
11;2121
11;2121
11;2120
11;2120
11;2119
11;2119
11;2118
11;2118
11;2117
11;2117
11;2116
11;2116
11;2115
11;2115
11;2114
11;2114
11;2113
11;2113
11;2112
11;2112
11;2111
11;2111
11;2110
11;2110
11;2109
11;2109
11;2108
11;2108
11;2107
11;2107
11;2106
11;2106
11;2105
11;2105
11;2104
11;2104
11;2103
11;2103
11;2102
11;2102
11;2101
11;2101
11;2100
11;2100
11;2099
11;2099
11;2098
11;2098
11;2097
11;2097
11;2096
11;2096
11;2095
11;2095
11;2094
11;2094
11;2093
11;2093
11;2092
11;2092
11;2091
11;2091
11;2090
11;2090
11;2089
11;2089
11;2088
11;2088
11;2087
11;2087
11;2086
11;2086
11;2085
11;2085
11;2084
11;2084
11;2083
11;2083
11;2082
11;2082
11;2081
11;2081
11;2080
11;2080
11;2079
11;2079
11;2078
11;2078
11;2077
11;2077
11;2076
11;2076
11;2075
11;2075
11;2074
11;2074
11;2073
11;2073
11;2072
11;2072
11;2071
11;2071
11;2070
11;2070
11;2069
11;2069
11;2068
11;2068
11;2067
11;2067
11;2066
11;2066
11;2065
11;2065
11;2064
11;2064
11;2063
11;2063
11;2062
11;2062
11;2061
11;2061
11;2060
11;2060
11;2059
11;2059
11;2058
11;2058
11;2057
11;2057
11;2056
11;2056
11;2055
11;2055
11;2054
11;2054
11;2053
11;2053
11;2052
11;2052
11;2051
11;2051
11;2050
11;2050
11;2049
11;2049
11;2048
11;2048
11;2047
11;2047
11;2046
11;2046
11;2045
11;2045
11;2044
11;2044
11;2043
11;2043
11;2042
11;2042
11;2041
11;2041
11;2040
11;2040
11;2039
11;2039
11;2038
11;2038
11;2037
11;2037
11;2036
11;2036
11;2035
11;2035
11;2034
11;2034
11;2033
11;2033
11;2032
11;2032
11;2031
11;2031
11;2030
11;2030
11;2029
11;2029
11;2028
11;2028
11;2027
11;2027
11;2026
11;2026
11;2025
11;2025
11;2024
11;2024
11;2023
11;2023
11;2022
11;2022
11;2021
11;2021
11;2020
11;2020
11;2019
11;2019
11;2018
11;2018
11;2017
11;2017
11;2016
11;2016
11;2015
11;2015
11;2014
11;2014
11;2013
11;2013
11;2012
11;2012
11;2011
11;2011
11;2010
11;2010
11;2009
11;2009
11;2008
11;2008
11;2007
11;2007
11;2006
11;2006
11;2005
11;2005
11;2004
11;2004
11;2003
11;2003
11;2002
11;2002
11;2001
11;2001
11;2000
11;2000
11;1999
11;1999
11;1998
11;1998
11;1997
11;1997
11;1996
11;1996
11;1995
11;1995
11;1994
11;1994
11;1993
11;1993
11;1992
11;1992
11;1991
11;1991
11;1990
11;1990
11;1989
11;1989
11;1988
11;1988
11;1987
11;1987
11;1986
11;1986
11;1985
11;1985
11;1984
11;1984
11;1983
11;1983
11;1982
11;1982
11;1981
11;1981
11;1980
11;1980
11;1979
11;1979
11;1978
11;1978
11;1977
11;1977
11;1976
11;1976
11;1975
11;1975
11;1974
11;1974
11;1973
11;1973
11;1972
11;1972
11;1971
11;1971
11;1970
11;1970
11;1969
11;1969
11;1968
11;1968
11;1967
11;1967
11;1966
11;1966
11;1965
11;1965
11;1964
11;1964
11;1963
11;1963
11;1962
11;1962
11;1961
11;1961
11;1960
11;1960
11;1959
11;1959
11;1958
11;1958
11;1957
11;1957
11;1956
11;1956
11;1955
11;1955
11;1954
11;1954
11;1953
11;1953
11;1952
11;1952
11;1951
11;1951
11;1950
11;1950
11;1949
11;1949
11;1948
11;1948
11;1947
11;1947
11;1946
11;1946
11;1945
11;1945
11;1944
11;1944
11;1943
11;1943
11;1942
11;1942
11;1941
11;1941
11;1940
11;1940
11;1939
11;1939
11;1938
11;1938
11;1937
11;1937
11;1936
11;1936
11;1935
11;1935
11;1934
11;1934
11;1933
11;1933
11;1932
11;1932
11;1931
11;1931
11;1930
11;1930
11;1929
11;1929
11;1928
11;1928
11;1927
11;1927
11;1926
11;1926
11;1925
11;1925
11;1924
11;1924
11;1923
11;1923
11;1922
11;1922
11;1921
11;1921
11;1920
11;1920
11;1919
11;1919
11;1918
11;1918
11;1917
11;1917
11;1916
11;1916
11;1915
11;1915
11;1914
11;1914
11;1913
11;1913
11;1912
11;1912
11;1911
11;1911
11;1910
11;1910
11;1909
11;1909
11;1908
11;1908
11;1907
11;1907
11;1906
11;1906
11;1905
11;1905
11;1904
11;1904
11;1903
11;1903
11;1902
11;1902
11;1901
11;1901
11;1900
11;1900
11;1899
11;1899
11;1898
11;1898
11;1897
11;1897
11;1896
11;1896
11;1895
11;1895
11;1894
11;1894
11;1893
11;1893
11;1892
11;1892
11;1891
11;1891
11;1890
11;1890
11;1889
11;1889
11;1888
11;1888
11;1887
11;1887
11;1886
11;1886
11;1885
11;1885
11;1884
11;1884
11;1883
11;1883
11;1882
11;1882
11;1881
11;1881
11;1880
11;1880
11;1879
11;1879
11;1878
11;1878
11;1877
11;1877
11;1876
11;1876
11;1875
11;1875
11;1874
11;1874
11;1873
11;1873
11;1872
11;1872
11;1871
11;1871
11;1870
11;1870
11;1869
11;1869
11;1868
11;1868
11;1867
11;1867
11;1866
11;1866
11;1865
11;1865
11;1864
11;1864
11;1863
11;1863
11;1862
11;1862
11;1861
11;1861
11;1860
11;1860
11;1859
11;1859
11;1858
11;1858
11;1857
11;1857
11;1856
11;1856
11;1855
11;1855
11;1854
11;1854
11;1853
11;1853
11;1852
11;1852
11;1851
11;1851
11;1850
11;1850
11;1849
11;1849
11;1848
11;1848
11;1847
11;1847
11;1846
11;1846
11;1845
11;1845
11;1844
11;1844
11;1843
11;1843
11;1842
11;1842
11;1841
11;1841
11;1840
11;1840
11;1839
11;1839
11;1838
11;1838
11;1837
11;1837
11;1836
11;1836
11;1835
11;1835
11;1834
11;1834
11;1833
11;1833
11;1832
11;1832
11;1831
11;1831
11;1830
11;1830
11;1829
11;1829
11;1828
11;1828
11;1827
11;1827
11;1826
11;1826
11;1825
11;1825
11;1824
11;1824
11;1823
11;1823
11;1822
11;1822
11;1821
11;1821
11;1820
11;1820
11;1819
11;1819
11;1818
11;1818
11;1817
11;1817
11;1816
11;1816
11;1815
11;1815
11;1814
11;1814
11;1813
11;1813
11;1812
11;1812
11;1811
11;1811
11;1810
11;1810
11;1809
11;1809
11;1808
11;1808
11;1807
11;1807
11;1806
11;1806
11;1805
11;1805
11;1804
11;1804
11;1803
11;1803
11;1802
11;1802
11;1801
11;1801
11;1800
11;1800
11;1799
11;1799
11;1798
11;1798
11;1797
11;1797
11;1796
11;1796
11;1795
11;1795
11;1794
11;1794
11;1793
11;1793
11;1792
11;1792
11;1791
11;1791
11;1790
11;1790
11;1789
11;1789
11;1788
11;1788
11;1787
11;1787
11;1786
11;1786
11;1785
11;1785
11;1784
11;1784
11;1783
11;1783
11;1782
11;1782
11;1781
11;1781
11;1780
11;1780
11;1779
11;1779
11;1778
11;1778
11;1777
11;1777
11;1776
11;1776
11;1775
11;1775
11;1774
11;1774
11;1773
11;1773
11;1772
11;1772
11;1771
11;1771
11;1770
11;1770
11;1769
11;1769
11;1768
11;1768
11;1767
11;1767
11;1766
11;1766
11;1765
11;1765
11;1764
11;1764
11;1763
11;1763
11;1762
11;1762
11;1761
11;1761
11;1760
11;1760
11;1759
11;1759
11;1758
11;1758
11;1757
11;1757
11;1756
11;1756
11;1755
11;1755
11;1754
11;1754
11;1753
11;1753
11;1752
11;1752
11;1751
11;1751
11;1750
11;1750
11;1749
11;1749
11;1748
11;1748
11;1747
11;1747
11;1746
11;1746
11;1745
11;1745
11;1744
11;1744
11;1743
11;1743
11;1742
11;1742
11;1741
11;1741
11;1740
11;1740
11;1739
11;1739
11;1738
11;1738
11;1737
11;1737
11;1736
11;1736
11;1735
11;1735
11;1734
11;1734
11;1733
11;1733
11;1732
11;1732
11;1731
11;1731
11;1730
11;1730
11;1729
11;1729
11;1728
11;1728
11;1727
11;1727
11;1726
11;1726
11;1725
11;1725
11;1724
11;1724
11;1723
11;1723
11;1722
11;1722
11;1721
11;1721
11;1720
11;1720
11;1719
11;1719
11;1718
11;1718
11;1717
11;1717
11;1716
11;1716
11;1715
11;1715
11;1714
11;1714
11;1713
11;1713
11;1712
11;1712
11;1711
11;1711
11;1710
11;1710
11;1709
11;1709
11;1708
11;1708
11;1707
11;1707
11;1706
11;1706
11;1705
11;1705
11;1704
11;1704
11;1703
11;1703
11;1702
11;1702
11;1701
11;1701
11;1700
11;1700
11;1699
11;1699
11;1698
11;1698
11;1697
11;1697
11;1696
11;1696
11;1695
11;1695
11;1694
11;1694
11;1693
11;1693
11;1692
11;1692
11;1691
11;1691
11;1690
11;1690
11;1689
11;1689
11;1688
11;1688
11;1687
11;1687
11;1686
11;1686
11;1685
11;1685
11;1684
11;1684
11;1683
11;1683
11;1682
11;1682
11;1681
11;1681
11;1680
11;1680
11;1679
11;1679
11;1678
11;1678
11;1677
11;1677
11;1676
11;1676
11;1675
11;1675
11;1674
11;1674
11;1673
11;1673
11;1672
11;1672
11;1671
11;1671
11;1670
11;1670
11;1669
11;1669
11;1668
11;1668
11;1667
11;1667
11;1666
11;1666
11;1665
11;1665
11;1664
11;1664
11;1663
11;1663
11;1662
11;1662
11;1661
11;1661
11;1660
11;1660
11;1659
11;1659
11;1658
11;1658
11;1657
11;1657
11;1656
11;1656
11;1655
11;1655
11;1654
11;1654
11;1653
11;1653
11;1652
11;1652
11;1651
11;1651
11;1650
11;1650
11;1649
11;1649
11;1648
11;1648
11;1647
11;1647
11;1646
11;1646
11;1645
11;1645
11;1644
11;1644
11;1643
11;1643
11;1642
11;1642
11;1641
11;1641
11;1640
11;1640
11;1639
11;1639
11;1638
11;1638
11;1637
11;1637
11;1636
11;1636
11;1635
11;1635
11;1634
11;1634
11;1633
11;1633
11;1632
11;1632
11;1631
11;1631
11;1630
11;1630
11;1629
11;1629
11;1628
11;1628
11;1627
11;1627
11;1626
11;1626
11;1625
11;1625
11;1624
11;1624
11;1623
11;1623
11;1622
11;1622
11;1621
11;1621
11;1620
11;1620
11;1619
11;1619
11;1618
11;1618
11;1617
11;1617
11;1616
11;1616
11;1615
11;1615
11;1614
11;1614
11;1613
11;1613
11;1612
11;1612
11;1611
11;1611
11;1610
11;1610
11;1609
11;1609
11;1608
11;1608
11;1607
11;1607
11;1606
11;1606
11;1605
11;1605
11;1604
11;1604
11;1603
11;1603
11;1602
11;1602
11;1601
11;1601
11;1600
11;1600
11;1599
11;1599
11;1598
11;1598
11;1597
11;1597
11;1596
11;1596
11;1595
11;1595
11;1594
11;1594
11;1593
11;1593
11;1592
11;1592
11;1591
11;1591
11;1590
11;1590
11;1589
11;1589
11;1588
11;1588
11;1587
11;1587
11;1586
11;1586
11;1585
11;1585
11;1584
11;1584
11;1583
11;1583
11;1582
11;1582
11;1581
11;1581
11;1580
11;1580
11;1579
11;1579
11;1578
11;1578
11;1577
11;1577
11;1576
11;1576
11;1575
11;1575
11;1574
11;1574
11;1573
11;1573
11;1572
11;1572
11;1571
11;1571
11;1570
11;1570
11;1569
11;1569
11;1568
11;1568
11;1567
11;1567
11;1566
11;1566
11;1565
11;1565
11;1564
11;1564
11;1563
11;1563
11;1562
11;1562
11;1561
11;1561
11;1560
11;1560
11;1559
11;1559
11;1558
11;1558
11;1557
11;1557
11;1556
11;1556
11;1555
11;1555
11;1554
11;1554
11;1553
11;1553
11;1552
11;1552
11;1551
11;1551
11;1550
11;1550
11;1549
11;1549
11;1548
11;1548
11;1547
11;1547
11;1546
11;1546
11;1545
11;1545
11;1544
11;1544
11;1543
11;1543
11;1542
11;1542
11;1541
11;1541
11;1540
11;1540
11;1539
11;1539
11;1538
11;1538
11;1537
11;1537
11;1536
11;1536
11;1535
11;1535
11;1534
11;1534
11;1533
11;1533
11;1532
11;1532
11;1531
11;1531
11;1530
11;1530
11;1529
11;1529
11;1528
11;1528
11;1527
11;1527
11;1526
11;1526
11;1525
11;1525
11;1524
11;1524
11;1523
11;1523
11;1522
11;1522
11;1521
11;1521
11;1520
11;1520
11;1519
11;1519
11;1518
11;1518
11;1517
11;1517
11;1516
11;1516
11;1515
11;1515
11;1514
11;1514
11;1513
11;1513
11;1512
11;1512
11;1511
11;1511
11;1510
11;1510
11;1509
11;1509
11;1508
11;1508
11;1507
11;1507
11;1506
11;1506
11;1505
11;1505
11;1504
11;1504
11;1503
11;1503
11;1502
11;1502
11;1501
11;1501
11;1500
11;1500
11;1499
11;1499
11;1498
11;1498
11;1497
11;1497
11;1496
11;1496
11;1495
11;1495
11;1494
11;1494
11;1493
11;1493
11;1492
11;1492
11;1491
11;1491
11;1490
11;1490
11;1489
11;1489
11;1488
11;1488
11;1487
11;1487
11;1486
11;1486
11;1485
11;1485
11;1484
11;1484
11;1483
11;1483
11;1482
11;1482
11;1481
11;1481
11;1480
11;1480
11;1479
11;1479
11;1478
11;1478
11;1477
11;1477
11;1476
11;1476
11;1475
11;1475
11;1474
11;1474
11;1473
11;1473
11;1472
11;1472
11;1471
11;1471
11;1470
11;1470
11;1469
11;1469
11;1468
11;1468
11;1467
11;1467
11;1466
11;1466
11;1465
11;1465
11;1464
11;1464
11;1463
11;1463
11;1462
11;1462
11;1461
11;1461
11;1460
11;1460
11;1459
11;1459
11;1458
11;1458
11;1457
11;1457
11;1456
11;1456
11;1455
11;1455
11;1454
11;1454
11;1453
11;1453
11;1452
11;1452
11;1451
11;1451
11;1450
11;1450
11;1449
11;1449
11;1448
11;1448
11;1447
11;1447
11;1446
11;1446
11;1445
11;1445
11;1444
11;1444
11;1443
11;1443
11;1442
11;1442
11;1441
11;1441
11;1440
11;1440
11;1439
11;1439
11;1438
11;1438
11;1437
11;1437
11;1436
11;1436
11;1435
11;1435
11;1434
11;1434
11;1433
11;1433
11;1432
11;1432
11;1431
11;1431
11;1430
11;1430
11;1429
11;1429
11;1428
11;1428
11;1427
11;1427
11;1426
11;1426
11;1425
11;1425
11;1424
11;1424
11;1423
11;1423
11;1422
11;1422
11;1421
11;1421
11;1420
11;1420
11;1419
11;1419
11;1418
11;1418
11;1417
11;1417
11;1416
11;1416
11;1415
11;1415
11;1414
11;1414
11;1413
11;1413
11;1412
11;1412
11;1411
11;1411
11;1410
11;1410
11;1409
11;1409
11;1408
11;1408
11;1407
11;1407
11;1406
11;1406
11;1405
11;1405
11;1404
11;1404
11;1403
11;1403
11;1402
11;1402
11;1401
11;1401
11;1400
11;1400
11;1399
11;1399
11;1398
11;1398
11;1397
11;1397
11;1396
11;1396
11;1395
11;1395
11;1394
11;1394
11;1393
11;1393
11;1392
11;1392
11;1391
11;1391
11;1390
11;1390
11;1389
11;1389
11;1388
11;1388
11;1387
11;1387
11;1386
11;1386
11;1385
11;1385
11;1384
11;1384
11;1383
11;1383
11;1382
11;1382
11;1381
11;1381
11;1380
11;1380
11;1379
11;1379
11;1378
11;1378
11;1377
11;1377
11;1376
11;1376
11;1375
11;1375
11;1374
11;1374
11;1373
11;1373
11;1372
11;1372
11;1371
11;1371
11;1370
11;1370
11;1369
11;1369
11;1368
11;1368
11;1367
11;1367
11;1366
11;1366
11;1365
11;1365
11;1364
11;1364
11;1363
11;1363
11;1362
11;1362
11;1361
11;1361
11;1360
11;1360
11;1359
11;1359
11;1358
11;1358
11;1357
11;1357
11;1356
11;1356
11;1355
11;1355
11;1354
11;1354
11;1353
11;1353
11;1352
11;1352
11;1351
11;1351
11;1350
11;1350
11;1349
11;1349
11;1348
11;1348
11;1347
11;1347
11;1346
11;1346
11;1345
11;1345
11;1344
11;1344
11;1343
11;1343
11;1342
11;1342
11;1341
11;1341
11;1340
11;1340
11;1339
11;1339
11;1338
11;1338
11;1337
11;1337
11;1336
11;1336
11;1335
11;1335
11;1334
11;1334
11;1333
11;1333
11;1332
11;1332
11;1331
11;1331
11;1330
11;1330
11;1329
11;1329
11;1328
11;1328
11;1327
11;1327
11;1326
11;1326
11;1325
11;1325
11;1324
11;1324
11;1323
11;1323
11;1322
11;1322
11;1321
11;1321
11;1320
11;1320
11;1319
11;1319
11;1318
11;1318
11;1317
11;1317
11;1316
11;1316
11;1315
11;1315
11;1314
11;1314
11;1313
11;1313
11;1312
11;1312
11;1311
11;1311
11;1310
11;1310
11;1309
11;1309
11;1308
11;1308
11;1307
11;1307
11;1306
11;1306
11;1305
11;1305
11;1304
11;1304
11;1303
11;1303
11;1302
11;1302
11;1301
11;1301
11;1300
11;1300
11;1299
11;1299
11;1298
11;1298
11;1297
11;1297
11;1296
11;1296
11;1295
11;1295
11;1294
11;1294
11;1293
11;1293
11;1292
11;1292
11;1291
11;1291
11;1290
11;1290
11;1289
11;1289
11;1288
11;1288
11;1287
11;1287
11;1286
11;1286
11;1285
11;1285
11;1284
11;1284
11;1283
11;1283
11;1282
11;1282
11;1281
11;1281
11;1280
11;1280
11;1279
11;1279
11;1278
11;1278
11;1277
11;1277
11;1276
11;1276
11;1275
11;1275
11;1274
11;1274
11;1273
11;1273
11;1272
11;1272
11;1271
11;1271
11;1270
11;1270
11;1269
11;1269
11;1268
11;1268
11;1267
11;1267
11;1266
11;1266
11;1265
11;1265
11;1264
11;1264
11;1263
11;1263
11;1262
11;1262
11;1261
11;1261
11;1260
11;1260
11;1259
11;1259
11;1258
11;1258
11;1257
11;1257
11;1256
11;1256
11;1255
11;1255
11;1254
11;1254
11;1253
11;1253
11;1252
11;1252
11;1251
11;1251
11;1250
11;1250
11;1249
11;1249
11;1248
11;1248
11;1247
11;1247
11;1246
11;1246
11;1245
11;1245
11;1244
11;1244
11;1243
11;1243
11;1242
11;1242
11;1241
11;1241
11;1240
11;1240
11;1239
11;1239
11;1238
11;1238
11;1237
11;1237
11;1236
11;1236
11;1235
11;1235
11;1234
11;1234
11;1233
11;1233
11;1232
11;1232
11;1231
11;1231
11;1230
11;1230
11;1229
11;1229
11;1228
11;1228
11;1227
11;1227
11;1226
11;1226
11;1225
11;1225
11;1224
11;1224
11;1223
11;1223
11;1222
11;1222
11;1221
11;1221
11;1220
11;1220
11;1219
11;1219
11;1218
11;1218
11;1217
11;1217
11;1216
11;1216
11;1215
11;1215
11;1214
11;1214
11;1213
11;1213
11;1212
11;1212
11;1211
11;1211
11;1210
11;1210
11;1209
11;1209
11;1208
11;1208
11;1207
11;1207
11;1206
11;1206
11;1205
11;1205
11;1204
11;1204
11;1203
11;1203
11;1202
11;1202
11;1201
11;1201
11;1200
11;1200
11;1199
11;1199
11;1198
11;1198
11;1197
11;1197
11;1196
11;1196
11;1195
11;1195
11;1194
11;1194
11;1193
11;1193
11;1192
11;1192
11;1191
11;1191
11;1190
11;1190
11;1189
11;1189
11;1188
11;1188
11;1187
11;1187
11;1186
11;1186
11;1185
11;1185
11;1184
11;1184
11;1183
11;1183
11;1182
11;1182
11;1181
11;1181
11;1180
11;1180
11;1179
11;1179
11;1178
11;1178
11;1177
11;1177
11;1176
11;1176
11;1175
11;1175
11;1174
11;1174
11;1173
11;1173
11;1172
11;1172
11;1171
11;1171
11;1170
11;1170
11;1169
11;1169
11;1168
11;1168
11;1167
11;1167
11;1166
11;1166
11;1165
11;1165
11;1164
11;1164
11;1163
11;1163
11;1162
11;1162
11;1161
11;1161
11;1160
11;1160
11;1159
11;1159
11;1158
11;1158
11;1157
11;1157
11;1156
11;1156
11;1155
11;1155
11;1154
11;1154
11;1153
11;1153
11;1152
11;1152
11;1151
11;1151
11;1150
11;1150
11;1149
11;1149
11;1148
11;1148
11;1147
11;1147
11;1146
11;1146
11;1145
11;1145
11;1144
11;1144
11;1143
11;1143
11;1142
11;1142
11;1141
11;1141
11;1140
11;1140
11;1139
11;1139
11;1138
11;1138
11;1137
11;1137
11;1136
11;1136
11;1135
11;1135
11;1134
11;1134
11;1133
11;1133
11;1132
11;1132
11;1131
11;1131
11;1130
11;1130
11;1129
11;1129
11;1128
11;1128
11;1127
11;1127
11;1126
11;1126
11;1125
11;1125
11;1124
11;1124
11;1123
11;1123
11;1122
11;1122
11;1121
11;1121
11;1120
11;1120
11;1119
11;1119
11;1118
11;1118
11;1117
11;1117
11;1116
11;1116
11;1115
11;1115
11;1114
11;1114
11;1113
11;1113
11;1112
11;1112
11;1111
11;1111
11;1110
11;1110
11;1109
11;1109
11;1108
11;1108
11;1107
11;1107
11;1106
11;1106
11;1105
11;1105
11;1104
11;1104
11;1103
11;1103
11;1102
11;1102
11;1101
11;1101
11;1100
11;1100
11;1099
11;1099
11;1098
11;1098
11;1097
11;1097
11;1096
11;1096
11;1095
11;1095
11;1094
11;1094
11;1093
11;1093
11;1092
11;1092
11;1091
11;1091
11;1090
11;1090
11;1089
11;1089
11;1088
11;1088
11;1087
11;1087
11;1086
11;1086
11;1085
11;1085
11;1084
11;1084
11;1083
11;1083
11;1082
11;1082
11;1081
11;1081
11;1080
11;1080
11;1079
11;1079
11;1078
11;1078
11;1077
11;1077
11;1076
11;1076
11;1075
11;1075
11;1074
11;1074
11;1073
11;1073
11;1072
11;1072
11;1071
11;1071
11;1070
11;1070
11;1069
11;1069
11;1068
11;1068
11;1067
11;1067
11;1066
11;1066
11;1065
11;1065
11;1064
11;1064
11;1063
11;1063
11;1062
11;1062
11;1061
11;1061
11;1060
11;1060
11;1059
11;1059
11;1058
11;1058
11;1057
11;1057
11;1056
11;1056
11;1055
11;1055
11;1054
11;1054
11;1053
11;1053
11;1052
11;1052
11;1051
11;1051
11;1050
11;1050
11;1049
11;1049
11;1048
11;1048
11;1047
11;1047
11;1046
11;1046
11;1045
11;1045
11;1044
11;1044
11;1043
11;1043
11;1042
11;1042
11;1041
11;1041
11;1040
11;1040
11;1039
11;1039
11;1038
11;1038
11;1037
11;1037
11;1036
11;1036
11;1035
11;1035
11;1034
11;1034
11;1033
11;1033
11;1032
11;1032
11;1031
11;1031
11;1030
11;1030
11;1029
11;1029
11;1028
11;1028
11;1027
11;1027
11;1026
11;1026
11;1025
11;1025
11;1024
11;1024
11;1023
11;1023
11;1022
11;1022
11;1021
11;1021
11;1020
11;1020
11;1019
11;1019
11;1018
11;1018
11;1017
11;1017
11;1016
11;1016
11;1015
11;1015
11;1014
11;1014
11;1013
11;1013
11;1012
11;1012
11;1011
11;1011
11;1010
11;1010
11;1009
11;1009
11;1008
11;1008
11;1007
11;1007
11;1006
11;1006
11;1005
11;1005
11;1004
11;1004
11;1003
11;1003
11;1002
11;1002
11;1001
11;1001
11;1000
11;1000
11;999
11;999
11;998
11;998
11;997
11;997
11;996
11;996
11;995
11;995
11;994
11;994
11;993
11;993
11;992
11;992
11;991
11;991
11;990
11;990
11;989
11;989
11;988
11;988
11;987
11;987
11;986
11;986
11;985
11;985
11;984
11;984
11;983
11;983
11;982
11;982
11;981
11;981
11;980
11;980
11;979
11;979
11;978
11;978
11;977
11;977
11;976
11;976
11;975
11;975
11;974
11;974
11;973
11;973
11;972
11;972
11;971
11;971
11;970
11;970
11;969
11;969
11;968
11;968
11;967
11;967
11;966
11;966
11;965
11;965
11;964
11;964
11;963
11;963
11;962
11;962
11;961
11;961
11;960
11;960
11;959
11;959
11;958
11;958
11;957
11;957
11;956
11;956
11;955
11;955
11;954
11;954
11;953
11;953
11;952
11;952
11;951
11;951
11;950
11;950
11;949
11;949
11;948
11;948
11;947
11;947
11;946
11;946
11;945
11;945
11;944
11;944
11;943
11;943
11;942
11;942
11;941
11;941
11;940
11;940
11;939
11;939
11;938
11;938
11;937
11;937
11;936
11;936
11;935
11;935
11;934
11;934
11;933
11;933
11;932
11;932
11;931
11;931
11;930
11;930
11;929
11;929
11;928
11;928
11;927
11;927
11;926
11;926
11;925
11;925
11;924
11;924
11;923
11;923
11;922
11;922
11;921
11;921
11;920
11;920
11;919
11;919
11;918
11;918
11;917
11;917
11;916
11;916
11;915
11;915
11;914
11;914
11;913
11;913
11;912
11;912
11;911
11;911
11;910
11;910
11;909
11;909
11;908
11;908
11;907
11;907
11;906
11;906
11;905
11;905
11;904
11;904
11;903
11;903
11;902
11;902
11;901
11;901
11;900
11;900
11;899
11;899
11;898
11;898
11;897
11;897
11;896
11;896
11;895
11;895
11;894
11;894
12;2288
12;2288
12;2287
12;2287
12;2286
12;2286
12;2285
12;2285
12;2284
12;2284
12;2283
12;2283
12;2282
12;2282
12;2281
12;2281
12;2280
12;2280
12;2279
12;2279
12;2278
12;2278
12;2277
12;2277
12;2276
12;2276
12;2275
12;2275
12;2274
12;2274
12;2273
12;2273
12;2272
12;2272
12;2271
12;2271
12;2270
12;2270
12;2269
12;2269
12;2268
12;2268
12;2267
12;2267
12;2266
12;2266
12;2265
12;2265
12;2264
12;2264
12;2263
12;2263
12;2262
12;2262
12;2261
12;2261
12;2260
12;2260
12;2259
12;2259
12;2258
12;2258
12;2257
12;2257
12;2256
12;2256
12;2255
12;2255
12;2254
12;2254
12;2253
12;2253
12;2252
12;2252
12;2251
12;2251
12;2250
12;2250
12;2249
12;2249
12;2248
12;2248
12;2247
12;2247
12;2246
12;2246
12;2245
12;2245
12;2244
12;2244
12;2243
12;2243
12;2242
12;2242
12;2241
12;2241
12;2240
12;2240
12;2239
12;2239
12;2238
12;2238
12;2237
12;2237
12;2236
12;2236
12;2235
12;2235
12;2234
12;2234
12;2233
12;2233
12;2232
12;2232
12;2231
12;2231
12;2230
12;2230
12;2229
12;2229
12;2228
12;2228
12;2227
12;2227
12;2226
12;2226
12;2225
12;2225
12;2224
12;2224
12;2223
12;2223
12;2222
12;2222
12;2221
12;2221
12;2220
12;2220
12;2219
12;2219
12;2218
12;2218
12;2217
12;2217
12;2216
12;2216
12;2215
12;2215
12;2214
12;2214
12;2213
12;2213
12;2212
12;2212
12;2211
12;2211
12;2210
12;2210
12;2209
12;2209
12;2208
12;2208
12;2207
12;2207
12;2206
12;2206
12;2205
12;2205
12;2204
12;2204
12;2203
12;2203
12;2202
12;2202
12;2201
12;2201
12;2200
12;2200
12;2199
12;2199
12;2198
12;2198
12;2197
12;2197
12;2196
12;2196
12;2195
12;2195
12;2194
12;2194
12;2193
12;2193
12;2192
12;2192
12;2191
12;2191
12;2190
12;2190
12;2189
12;2189
12;2188
12;2188
12;2187
12;2187
12;2186
12;2186
12;2185
12;2185
12;2184
12;2184
12;2183
12;2183
12;2182
12;2182
12;2181
12;2181
12;2180
12;2180
12;2179
12;2179
12;2178
12;2178
12;2177
12;2177
12;2176
12;2176
12;2175
12;2175
12;2174
12;2174
12;2173
12;2173
12;2172
12;2172
12;2171
12;2171
12;2170
12;2170
12;2169
12;2169
12;2168
12;2168
12;2167
12;2167
12;2166
12;2166
12;2165
12;2165
12;2164
12;2164
12;2163
12;2163
12;2162
12;2162
12;2161
12;2161
12;2160
12;2160
12;2159
12;2159
12;2158
12;2158
12;2157
12;2157
12;2156
12;2156
12;2155
12;2155
12;2154
12;2154
12;2153
12;2153
12;2152
12;2152
12;2151
12;2151
12;2150
12;2150
12;2149
12;2149
12;2148
12;2148
12;2147
12;2147
12;2146
12;2146
12;2145
12;2145
12;2144
12;2144
12;2143
12;2143
12;2142
12;2142
12;2141
12;2141
12;2140
12;2140
12;2139
12;2139
12;2138
12;2138
12;2137
12;2137
12;2136
12;2136
12;2135
12;2135
12;2134
12;2134
12;2133
12;2133
12;2132
12;2132
12;2131
12;2131
12;2130
12;2130
12;2129
12;2129
12;2128
12;2128
12;2127
12;2127
12;2126
12;2126
12;2125
12;2125
12;2124
12;2124
12;2123
12;2123
12;2122
12;2122
12;2121
12;2121
12;2120
12;2120
12;2119
12;2119
12;2118
12;2118
12;2117
12;2117
12;2116
12;2116
12;2115
12;2115
12;2114
12;2114
12;2113
12;2113
12;2112
12;2112
12;2111
12;2111
12;2110
12;2110
12;2109
12;2109
12;2108
12;2108
12;2107
12;2107
12;2106
12;2106
12;2105
12;2105
12;2104
12;2104
12;2103
12;2103
12;2102
12;2102
12;2101
12;2101
12;2100
12;2100
12;2099
12;2099
12;2098
12;2098
12;2097
12;2097
12;2096
12;2096
12;2095
12;2095
12;2094
12;2094
12;2093
12;2093
12;2092
12;2092
12;2091
12;2091
12;2090
12;2090
12;2089
12;2089
12;2088
12;2088
12;2087
12;2087
12;2086
12;2086
12;2085
12;2085
12;2084
12;2084
12;2083
12;2083
12;2082
12;2082
12;2081
12;2081
12;2080
12;2080
12;2079
12;2079
12;2078
12;2078
12;2077
12;2077
12;2076
12;2076
12;2075
12;2075
12;2074
12;2074
12;2073
12;2073
12;2072
12;2072
12;2071
12;2071
12;2070
12;2070
12;2069
12;2069
12;2068
12;2068
12;2067
12;2067
12;2066
12;2066
12;2065
12;2065
12;2064
12;2064
12;2063
12;2063
12;2062
12;2062
12;2061
12;2061
12;2060
12;2060
12;2059
12;2059
12;2058
12;2058
12;2057
12;2057
12;2056
12;2056
12;2055
12;2055
12;2054
12;2054
12;2053
12;2053
12;2052
12;2052
12;2051
12;2051
12;2050
12;2050
12;2049
12;2049
12;2048
12;2048
12;2047
12;2047
12;2046
12;2046
12;2045
12;2045
12;2044
12;2044
12;2043
12;2043
12;2042
12;2042
12;2041
12;2041
12;2040
12;2040
12;2039
12;2039
12;2038
12;2038
12;2037
12;2037
12;2036
12;2036
12;2035
12;2035
12;2034
12;2034
12;2033
12;2033
12;2032
12;2032
12;2031
12;2031
12;2030
12;2030
12;2029
12;2029
12;2028
12;2028
12;2027
12;2027
12;2026
12;2026
12;2025
12;2025
12;2024
12;2024
12;2023
12;2023
12;2022
12;2022
12;2021
12;2021
12;2020
12;2020
12;2019
12;2019
12;2018
12;2018
12;2017
12;2017
12;2016
12;2016
12;2015
12;2015
12;2014
12;2014
12;2013
12;2013
12;2012
12;2012
12;2011
12;2011
12;2010
12;2010
12;2009
12;2009
12;2008
12;2008
12;2007
12;2007
12;2006
12;2006
12;2005
12;2005
12;2004
12;2004
12;2003
12;2003
12;2002
12;2002
12;2001
12;2001
12;2000
12;2000
12;1999
12;1999
12;1998
12;1998
12;1997
12;1997
12;1996
12;1996
12;1995
12;1995
12;1994
12;1994
12;1993
12;1993
12;1992
12;1992
12;1991
12;1991
12;1990
12;1990
12;1989
12;1989
12;1988
12;1988
12;1987
12;1987
12;1986
12;1986
12;1985
12;1985
12;1984
12;1984
12;1983
12;1983
12;1982
12;1982
12;1981
12;1981
12;1980
12;1980
12;1979
12;1979
12;1978
12;1978
12;1977
12;1977
12;1976
12;1976
12;1975
12;1975
12;1974
12;1974
12;1973
12;1973
12;1972
12;1972
12;1971
12;1971
12;1970
12;1970
12;1969
12;1969
12;1968
12;1968
12;1967
12;1967
12;1966
12;1966
12;1965
12;1965
12;1964
12;1964
12;1963
12;1963
12;1962
12;1962
12;1961
12;1961
12;1960
12;1960
12;1959
12;1959
12;1958
12;1958
12;1957
12;1957
12;1956
12;1956
12;1955
12;1955
12;1954
12;1954
12;1953
12;1953
12;1952
12;1952
12;1951
12;1951
12;1950
12;1950
12;1949
12;1949
12;1948
12;1948
12;1947
12;1947
12;1946
12;1946
12;1945
12;1945
12;1944
12;1944
12;1943
12;1943
12;1942
12;1942
12;1941
12;1941
12;1940
12;1940
12;1939
12;1939
12;1938
12;1938
12;1937
12;1937
12;1936
12;1936
12;1935
12;1935
12;1934
12;1934
12;1933
12;1933
12;1932
12;1932
12;1931
12;1931
12;1930
12;1930
12;1929
12;1929
12;1928
12;1928
12;1927
12;1927
12;1926
12;1926
12;1925
12;1925
12;1924
12;1924
12;1923
12;1923
12;1922
12;1922
12;1921
12;1921
12;1920
12;1920
12;1919
12;1919
12;1918
12;1918
12;1917
12;1917
12;1916
12;1916
12;1915
12;1915
12;1914
12;1914
12;1913
12;1913
12;1912
12;1912
12;1911
12;1911
12;1910
12;1910
12;1909
12;1909
12;1908
12;1908
12;1907
12;1907
12;1906
12;1906
12;1905
12;1905
12;1904
12;1904
12;1903
12;1903
12;1902
12;1902
12;1901
12;1901
12;1900
12;1900
12;1899
12;1899
12;1898
12;1898
12;1897
12;1897
12;1896
12;1896
12;1895
12;1895
12;1894
12;1894
12;1893
12;1893
12;1892
12;1892
12;1891
12;1891
12;1890
12;1890
12;1889
12;1889
12;1888
12;1888
12;1887
12;1887
12;1886
12;1886
12;1885
12;1885
12;1884
12;1884
12;1883
12;1883
12;1882
12;1882
12;1881
12;1881
12;1880
12;1880
12;1879
12;1879
12;1878
12;1878
12;1877
12;1877
12;1876
12;1876
12;1875
12;1875
12;1874
12;1874
12;1873
12;1873
12;1872
12;1872
12;1871
12;1871
12;1870
12;1870
12;1869
12;1869
12;1868
12;1868
12;1867
12;1867
12;1866
12;1866
12;1865
12;1865
12;1864
12;1864
12;1863
12;1863
12;1862
12;1862
12;1861
12;1861
12;1860
12;1860
12;1859
12;1859
12;1858
12;1858
12;1857
12;1857
12;1856
12;1856
12;1855
12;1855
12;1854
12;1854
12;1853
12;1853
12;1852
12;1852
12;1851
12;1851
12;1850
12;1850
12;1849
12;1849
12;1848
12;1848
12;1847
12;1847
12;1846
12;1846
12;1845
12;1845
12;1844
12;1844
12;1843
12;1843
12;1842
12;1842
12;1841
12;1841
12;1840
12;1840
12;1839
12;1839
12;1838
12;1838
12;1837
12;1837
12;1836
12;1836
12;1835
12;1835
12;1834
12;1834
12;1833
12;1833
12;1832
12;1832
12;1831
12;1831
12;1830
12;1830
12;1829
12;1829
12;1828
12;1828
12;1827
12;1827
12;1826
12;1826
12;1825
12;1825
12;1824
12;1824
12;1823
12;1823
12;1822
12;1822
12;1821
12;1821
12;1820
12;1820
12;1819
12;1819
12;1818
12;1818
12;1817
12;1817
12;1816
12;1816
12;1815
12;1815
12;1814
12;1814
12;1813
12;1813
12;1812
12;1812
12;1811
12;1811
12;1810
12;1810
12;1809
12;1809
12;1808
12;1808
12;1807
12;1807
12;1806
12;1806
12;1805
12;1805
12;1804
12;1804
12;1803
12;1803
12;1802
12;1802
12;1801
12;1801
12;1800
12;1800
12;1799
12;1799
12;1798
12;1798
12;1797
12;1797
12;1796
12;1796
12;1795
12;1795
12;1794
12;1794
12;1793
12;1793
12;1792
12;1792
12;1791
12;1791
12;1790
12;1790
12;1789
12;1789
12;1788
12;1788
12;1787
12;1787
12;1786
12;1786
12;1785
12;1785
12;1784
12;1784
12;1783
12;1783
12;1782
12;1782
12;1781
12;1781
12;1780
12;1780
12;1779
12;1779
12;1778
12;1778
12;1777
12;1777
12;1776
12;1776
12;1775
12;1775
12;1774
12;1774
12;1773
12;1773
12;1772
12;1772
12;1771
12;1771
12;1770
12;1770
12;1769
12;1769
12;1768
12;1768
12;1767
12;1767
12;1766
12;1766
12;1765
12;1765
12;1764
12;1764
12;1763
12;1763
12;1762
12;1762
12;1761
12;1761
12;1760
12;1760
12;1759
12;1759
12;1758
12;1758
12;1757
12;1757
12;1756
12;1756
12;1755
12;1755
12;1754
12;1754
12;1753
12;1753
12;1752
12;1752
12;1751
12;1751
12;1750
12;1750
12;1749
12;1749
12;1748
12;1748
12;1747
12;1747
12;1746
12;1746
12;1745
12;1745
12;1744
12;1744
12;1743
12;1743
12;1742
12;1742
12;1741
12;1741
12;1740
12;1740
12;1739
12;1739
12;1738
12;1738
12;1737
12;1737
12;1736
12;1736
12;1735
12;1735
12;1734
12;1734
12;1733
12;1733
12;1732
12;1732
12;1731
12;1731
12;1730
12;1730
12;1729
12;1729
12;1728
12;1728
12;1727
12;1727
12;1726
12;1726
12;1725
12;1725
12;1724
12;1724
12;1723
12;1723
12;1722
12;1722
12;1721
12;1721
12;1720
12;1720
12;1719
12;1719
12;1718
12;1718
12;1717
12;1717
12;1716
12;1716
12;1715
12;1715
12;1714
12;1714
12;1713
12;1713
12;1712
12;1712
12;1711
12;1711
12;1710
12;1710
12;1709
12;1709
12;1708
12;1708
12;1707
12;1707
12;1706
12;1706
12;1705
12;1705
12;1704
12;1704
12;1703
12;1703
12;1702
12;1702
12;1701
12;1701
12;1700
12;1700
12;1699
12;1699
12;1698
12;1698
12;1697
12;1697
12;1696
12;1696
12;1695
12;1695
12;1694
12;1694
12;1693
12;1693
12;1692
12;1692
12;1691
12;1691
12;1690
12;1690
12;1689
12;1689
12;1688
12;1688
12;1687
12;1687
12;1686
12;1686
12;1685
12;1685
12;1684
12;1684
12;1683
12;1683
12;1682
12;1682
12;1681
12;1681
12;1680
12;1680
12;1679
12;1679
12;1678
12;1678
12;1677
12;1677
12;1676
12;1676
12;1675
12;1675
12;1674
12;1674
12;1673
12;1673
12;1672
12;1672
12;1671
12;1671
12;1670
12;1670
12;1669
12;1669
12;1668
12;1668
12;1667
12;1667
12;1666
12;1666
12;1665
12;1665
12;1664
12;1664
12;1663
12;1663
12;1662
12;1662
12;1661
12;1661
12;1660
12;1660
12;1659
12;1659
12;1658
12;1658
12;1657
12;1657
12;1656
12;1656
12;1655
12;1655
12;1654
12;1654
12;1653
12;1653
12;1652
12;1652
12;1651
12;1651
12;1650
12;1650
12;1649
12;1649
12;1648
12;1648
12;1647
12;1647
12;1646
12;1646
12;1645
12;1645
12;1644
12;1644
12;1643
12;1643
12;1642
12;1642
12;1641
12;1641
12;1640
12;1640
12;1639
12;1639
12;1638
12;1638
12;1637
12;1637
12;1636
12;1636
12;1635
12;1635
12;1634
12;1634
12;1633
12;1633
12;1632
12;1632
12;1631
12;1631
12;1630
12;1630
12;1629
12;1629
12;1628
12;1628
12;1627
12;1627
12;1626
12;1626
12;1625
12;1625
12;1624
12;1624
12;1623
12;1623
12;1622
12;1622
12;1621
12;1621
12;1620
12;1620
12;1619
12;1619
12;1618
12;1618
12;1617
12;1617
12;1616
12;1616
12;1615
12;1615
12;1614
12;1614
12;1613
12;1613
12;1612
12;1612
12;1611
12;1611
12;1610
12;1610
12;1609
12;1609
12;1608
12;1608
12;1607
12;1607
12;1606
12;1606
12;1605
12;1605
12;1604
12;1604
12;1603
12;1603
12;1602
12;1602
12;1601
12;1601
12;1600
12;1600
12;1599
12;1599
12;1598
12;1598
12;1597
12;1597
12;1596
12;1596
12;1595
12;1595
12;1594
12;1594
12;1593
12;1593
12;1592
12;1592
12;1591
12;1591
12;1590
12;1590
12;1589
12;1589
12;1588
12;1588
12;1587
12;1587
12;1586
12;1586
12;1585
12;1585
12;1584
12;1584
12;1583
12;1583
12;1582
12;1582
12;1581
12;1581
12;1580
12;1580
12;1579
12;1579
12;1578
12;1578
12;1577
12;1577
12;1576
12;1576
12;1575
12;1575
12;1574
12;1574
12;1573
12;1573
12;1572
12;1572
12;1571
12;1571
12;1570
12;1570
12;1569
12;1569
12;1568
12;1568
12;1567
12;1567
12;1566
12;1566
12;1565
12;1565
12;1564
12;1564
12;1563
12;1563
12;1562
12;1562
12;1561
12;1561
12;1560
12;1560
12;1559
12;1559
12;1558
12;1558
12;1557
12;1557
12;1556
12;1556
12;1555
12;1555
12;1554
12;1554
12;1553
12;1553
12;1552
12;1552
12;1551
12;1551
12;1550
12;1550
12;1549
12;1549
12;1548
12;1548
12;1547
12;1547
12;1546
12;1546
12;1545
12;1545
12;1544
12;1544
12;1543
12;1543
12;1542
12;1542
12;1541
12;1541
12;1540
12;1540
12;1539
12;1539
12;1538
12;1538
12;1537
12;1537
12;1536
12;1536
12;1535
12;1535
12;1534
12;1534
12;1533
12;1533
12;1532
12;1532
12;1531
12;1531
12;1530
12;1530
12;1529
12;1529
12;1528
12;1528
12;1527
12;1527
12;1526
12;1526
12;1525
12;1525
12;1524
12;1524
12;1523
12;1523
12;1522
12;1522
12;1521
12;1521
12;1520
12;1520
12;1519
12;1519
12;1518
12;1518
12;1517
12;1517
12;1516
12;1516
12;1515
12;1515
12;1514
12;1514
12;1513
12;1513
12;1512
12;1512
12;1511
12;1511
12;1510
12;1510
12;1509
12;1509
12;1508
12;1508
12;1507
12;1507
12;1506
12;1506
12;1505
12;1505
12;1504
12;1504
12;1503
12;1503
12;1502
12;1502
12;1501
12;1501
12;1500
12;1500
12;1499
12;1499
12;1498
12;1498
12;1497
12;1497
12;1496
12;1496
12;1495
12;1495
12;1494
12;1494
12;1493
12;1493
12;1492
12;1492
12;1491
12;1491
12;1490
12;1490
12;1489
12;1489
12;1488
12;1488
12;1487
12;1487
12;1486
12;1486
12;1485
12;1485
12;1484
12;1484
12;1483
12;1483
12;1482
12;1482
12;1481
12;1481
12;1480
12;1480
12;1479
12;1479
12;1478
12;1478
12;1477
12;1477
12;1476
12;1476
12;1475
12;1475
12;1474
12;1474
12;1473
12;1473
12;1472
12;1472
12;1471
12;1471
12;1470
12;1470
12;1469
12;1469
12;1468
12;1468
12;1467
12;1467
12;1466
12;1466
12;1465
12;1465
12;1464
12;1464
12;1463
12;1463
12;1462
12;1462
12;1461
12;1461
12;1460
12;1460
12;1459
12;1459
12;1458
12;1458
12;1457
12;1457
12;1456
12;1456
12;1455
12;1455
12;1454
12;1454
12;1453
12;1453
12;1452
12;1452
12;1451
12;1451
12;1450
12;1450
12;1449
12;1449
12;1448
12;1448
12;1447
12;1447
12;1446
12;1446
12;1445
12;1445
12;1444
12;1444
12;1443
12;1443
12;1442
12;1442
12;1441
12;1441
12;1440
12;1440
12;1439
12;1439
12;1438
12;1438
12;1437
12;1437
12;1436
12;1436
12;1435
12;1435
12;1434
12;1434
12;1433
12;1433
12;1432
12;1432
12;1431
12;1431
12;1430
12;1430
12;1429
12;1429
12;1428
12;1428
12;1427
12;1427
12;1426
12;1426
12;1425
12;1425
12;1424
12;1424
12;1423
12;1423
12;1422
12;1422
12;1421
12;1421
12;1420
12;1420
12;1419
12;1419
12;1418
12;1418
12;1417
12;1417
12;1416
12;1416
12;1415
12;1415
12;1414
12;1414
12;1413
12;1413
12;1412
12;1412
12;1411
12;1411
12;1410
12;1410
12;1409
12;1409
12;1408
12;1408
12;1407
12;1407
12;1406
12;1406
12;1405
12;1405
12;1404
12;1404
12;1403
12;1403
12;1402
12;1402
12;1401
12;1401
12;1400
12;1400
12;1399
12;1399
12;1398
12;1398
12;1397
12;1397
12;1396
12;1396
12;1395
12;1395
12;1394
12;1394
12;1393
12;1393
12;1392
12;1392
12;1391
12;1391
12;1390
12;1390
12;1389
12;1389
12;1388
12;1388
12;1387
12;1387
12;1386
12;1386
12;1385
12;1385
12;1384
12;1384
12;1383
12;1383
12;1382
12;1382
12;1381
12;1381
12;1380
12;1380
12;1379
12;1379
12;1378
12;1378
12;1377
12;1377
12;1376
12;1376
12;1375
12;1375
12;1374
12;1374
12;1373
12;1373
12;1372
12;1372
12;1371
12;1371
12;1370
12;1370
12;1369
12;1369
12;1368
12;1368
12;1367
12;1367
12;1366
12;1366
12;1365
12;1365
12;1364
12;1364
12;1363
12;1363
12;1362
12;1362
12;1361
12;1361
12;1360
12;1360
12;1359
12;1359
12;1358
12;1358
12;1357
12;1357
12;1356
12;1356
12;1355
12;1355
12;1354
12;1354
12;1353
12;1353
12;1352
12;1352
12;1351
12;1351
12;1350
12;1350
12;1349
12;1349
12;1348
12;1348
12;1347
12;1347
12;1346
12;1346
12;1345
12;1345
12;1344
12;1344
12;1343
12;1343
12;1342
12;1342
12;1341
12;1341
12;1340
12;1340
12;1339
12;1339
12;1338
12;1338
12;1337
12;1337
12;1336
12;1336
12;1335
12;1335
12;1334
12;1334
12;1333
12;1333
12;1332
12;1332
12;1331
12;1331
12;1330
12;1330
12;1329
12;1329
12;1328
12;1328
12;1327
12;1327
12;1326
12;1326
12;1325
12;1325
12;1324
12;1324
12;1323
12;1323
12;1322
12;1322
12;1321
12;1321
12;1320
12;1320
12;1319
12;1319
12;1318
12;1318
12;1317
12;1317
12;1316
12;1316
12;1315
12;1315
12;1314
12;1314
12;1313
12;1313
12;1312
12;1312
12;1311
12;1311
12;1310
12;1310
12;1309
12;1309
12;1308
12;1308
12;1307
12;1307
12;1306
12;1306
12;1305
12;1305
12;1304
12;1304
12;1303
12;1303
12;1302
12;1302
12;1301
12;1301
12;1300
12;1300
12;1299
12;1299
12;1298
12;1298
12;1297
12;1297
12;1296
12;1296
12;1295
12;1295
12;1294
12;1294
12;1293
12;1293
12;1292
12;1292
12;1291
12;1291
12;1290
12;1290
12;1289
12;1289
12;1288
12;1288
12;1287
12;1287
12;1286
12;1286
12;1285
12;1285
12;1284
12;1284
12;1283
12;1283
12;1282
12;1282
12;1281
12;1281
12;1280
12;1280
12;1279
12;1279
12;1278
12;1278
12;1277
12;1277
12;1276
12;1276
12;1275
12;1275
12;1274
12;1274
12;1273
12;1273
12;1272
12;1272
12;1271
12;1271
12;1270
12;1270
12;1269
12;1269
12;1268
12;1268
12;1267
12;1267
12;1266
12;1266
12;1265
12;1265
12;1264
12;1264
12;1263
12;1263
12;1262
12;1262
12;1261
12;1261
12;1260
12;1260
12;1259
12;1259
12;1258
12;1258
12;1257
12;1257
12;1256
12;1256
12;1255
12;1255
12;1254
12;1254
12;1253
12;1253
12;1252
12;1252
12;1251
12;1251
12;1250
12;1250
12;1249
12;1249
12;1248
12;1248
12;1247
12;1247
12;1246
12;1246
12;1245
12;1245
12;1244
12;1244
12;1243
12;1243
12;1242
12;1242
12;1241
12;1241
12;1240
12;1240
12;1239
12;1239
12;1238
12;1238
12;1237
12;1237
12;1236
12;1236
12;1235
12;1235
12;1234
12;1234
12;1233
12;1233
12;1232
12;1232
12;1231
12;1231
12;1230
12;1230
12;1229
12;1229
12;1228
12;1228
12;1227
12;1227
12;1226
12;1226
12;1225
12;1225
12;1224
12;1224
12;1223
12;1223
12;1222
12;1222
12;1221
12;1221
12;1220
12;1220
12;1219
12;1219
12;1218
12;1218
12;1217
12;1217
12;1216
12;1216
12;1215
12;1215
12;1214
12;1214
12;1213
12;1213
12;1212
12;1212
12;1211
12;1211
12;1210
12;1210
12;1209
12;1209
12;1208
12;1208
12;1207
12;1207
12;1206
12;1206
12;1205
12;1205
12;1204
12;1204
12;1203
12;1203
12;1202
12;1202
12;1201
12;1201
12;1200
12;1200
12;1199
12;1199
12;1198
12;1198
12;1197
12;1197
12;1196
12;1196
12;1195
12;1195
12;1194
12;1194
12;1193
12;1193
12;1192
12;1192
12;1191
12;1191
12;1190
12;1190
12;1189
12;1189
12;1188
12;1188
12;1187
12;1187
12;1186
12;1186
12;1185
12;1185
12;1184
12;1184
12;1183
12;1183
12;1182
12;1182
12;1181
12;1181
12;1180
12;1180
12;1179
12;1179
12;1178
12;1178
12;1177
12;1177
12;1176
12;1176
12;1175
12;1175
12;1174
12;1174
12;1173
12;1173
12;1172
12;1172
12;1171
12;1171
12;1170
12;1170
12;1169
12;1169
12;1168
12;1168
12;1167
12;1167
12;1166
12;1166
12;1165
12;1165
12;1164
12;1164
12;1163
12;1163
12;1162
12;1162
12;1161
12;1161
12;1160
12;1160
12;1159
12;1159
12;1158
12;1158
12;1157
12;1157
12;1156
12;1156
12;1155
12;1155
12;1154
12;1154
12;1153
12;1153
12;1152
12;1152
12;1151
12;1151
12;1150
12;1150
12;1149
12;1149
12;1148
12;1148
12;1147
12;1147
12;1146
12;1146
12;1145
12;1145
12;1144
12;1144
12;1143
12;1143
12;1142
12;1142
12;1141
12;1141
12;1140
12;1140
12;1139
12;1139
12;1138
12;1138
12;1137
12;1137
12;1136
12;1136
12;1135
12;1135
12;1134
12;1134
12;1133
12;1133
12;1132
12;1132
12;1131
12;1131
12;1130
12;1130
12;1129
12;1129
12;1128
12;1128
12;1127
12;1127
12;1126
12;1126
12;1125
12;1125
12;1124
12;1124
12;1123
12;1123
12;1122
12;1122
12;1121
12;1121
12;1120
12;1120
12;1119
12;1119
12;1118
12;1118
12;1117
12;1117
12;1116
12;1116
12;1115
12;1115
12;1114
12;1114
12;1113
12;1113
12;1112
12;1112
12;1111
12;1111
12;1110
12;1110
12;1109
12;1109
12;1108
12;1108
12;1107
12;1107
12;1106
12;1106
12;1105
12;1105
12;1104
12;1104
12;1103
12;1103
12;1102
12;1102
12;1101
12;1101
12;1100
12;1100
12;1099
12;1099
12;1098
12;1098
12;1097
12;1097
12;1096
12;1096
12;1095
12;1095
12;1094
12;1094
12;1093
12;1093
12;1092
12;1092
12;1091
12;1091
12;1090
12;1090
12;1089
12;1089
12;1088
12;1088
12;1087
12;1087
12;1086
12;1086
12;1085
12;1085
12;1084
12;1084
12;1083
12;1083
12;1082
12;1082
12;1081
12;1081
12;1080
12;1080
12;1079
12;1079
12;1078
12;1078
12;1077
12;1077
12;1076
12;1076
12;1075
12;1075
12;1074
12;1074
12;1073
12;1073
12;1072
12;1072
12;1071
12;1071
12;1070
12;1070
12;1069
12;1069
12;1068
12;1068
12;1067
12;1067
12;1066
12;1066
12;1065
12;1065
12;1064
12;1064
12;1063
12;1063
12;1062
12;1062
12;1061
12;1061
12;1060
12;1060
12;1059
12;1059
12;1058
12;1058
12;1057
12;1057
12;1056
12;1056
12;1055
12;1055
12;1054
13;2058
13;2058
13;2057
13;2057
13;2056
13;2056
13;2055
13;2055
13;2054
13;2054
13;2053
13;2053
13;2052
13;2052
13;2051
13;2051
13;2050
13;2050
13;2049
13;2049
13;2048
13;2048
13;2047
13;2047
13;2046
13;2046
13;2045
13;2045
13;2044
13;2044
13;2043
13;2043
13;2042
13;2042
13;2041
13;2041
13;2040
13;2040
13;2039
13;2039
13;2038
13;2038
13;2037
13;2037
13;2036
13;2036
13;2035
13;2035
13;2034
13;2034
13;2033
13;2033
13;2032
13;2032
13;2031
13;2031
13;2030
13;2030
13;2029
13;2029
13;2028
13;2028
13;2027
13;2027
13;2026
13;2026
13;2025
13;2025
13;2024
13;2024
13;2023
13;2023
13;2022
13;2022
13;2021
13;2021
13;2020
13;2020
13;2019
13;2019
13;2018
13;2018
13;2017
13;2017
13;2016
13;2016
13;2015
13;2015
13;2014
13;2014
13;2013
13;2013
13;2012
13;2012
13;2011
13;2011
13;2010
13;2010
13;2009
13;2009
13;2008
13;2008
13;2007
13;2007
13;2006
13;2006
13;2005
13;2005
13;2004
13;2004
13;2003
13;2003
13;2002
13;2002
13;2001
13;2001
13;2000
13;2000
13;1999
13;1999
13;1998
13;1998
13;1997
13;1997
13;1996
13;1996
13;1995
13;1995
13;1994
13;1994
13;1993
13;1993
13;1992
13;1992
13;1991
13;1991
13;1990
13;1990
13;1989
13;1989
13;1988
13;1988
13;1987
13;1987
13;1986
13;1986
13;1985
13;1985
13;1984
13;1984
13;1983
13;1983
13;1982
13;1982
13;1981
13;1981
13;1980
13;1980
13;1979
13;1979
13;1978
13;1978
13;1977
13;1977
13;1976
13;1976
13;1975
13;1975
13;1974
13;1974
13;1973
13;1973
13;1972
13;1972
13;1971
13;1971
13;1970
13;1970
13;1969
13;1969
13;1968
13;1968
13;1967
13;1967
13;1966
13;1966
13;1965
13;1965
13;1964
13;1964
13;1963
13;1963
13;1962
13;1962
13;1961
13;1961
13;1960
13;1960
13;1959
13;1959
13;1958
13;1958
13;1957
13;1957
13;1956
13;1956
13;1955
13;1955
13;1954
13;1954
13;1953
13;1953
13;1952
13;1952
13;1951
13;1951
13;1950
13;1950
13;1949
13;1949
13;1948
13;1948
13;1947
13;1947
13;1946
13;1946
13;1945
13;1945
13;1944
13;1944
13;1943
13;1943
13;1942
13;1942
13;1941
13;1941
13;1940
13;1940
13;1939
13;1939
13;1938
13;1938
13;1937
13;1937
13;1936
13;1936
13;1935
13;1935
13;1934
13;1934
13;1933
13;1933
13;1932
13;1932
13;1931
13;1931
13;1930
13;1930
13;1929
13;1929
13;1928
13;1928
13;1927
13;1927
13;1926
13;1926
13;1925
13;1925
13;1924
13;1924
13;1923
13;1923
13;1922
13;1922
13;1921
13;1921
13;1920
13;1920
13;1919
13;1919
13;1918
13;1918
13;1917
13;1917
13;1916
13;1916
13;1915
13;1915
13;1914
13;1914
13;1913
13;1913
13;1912
13;1912
13;1911
13;1911
13;1910
13;1910
13;1909
13;1909
13;1908
13;1908
13;1907
13;1907
13;1906
13;1906
13;1905
13;1905
13;1904
13;1904
13;1903
13;1903
13;1902
13;1902
13;1901
13;1901
13;1900
13;1900
13;1899
13;1899
13;1898
13;1898
13;1897
13;1897
13;1896
13;1896
13;1895
13;1895
13;1894
13;1894
13;1893
13;1893
13;1892
13;1892
13;1891
13;1891
13;1890
13;1890
13;1889
13;1889
13;1888
13;1888
13;1887
13;1887
13;1886
13;1886
13;1885
13;1885
13;1884
13;1884
13;1883
13;1883
13;1882
13;1882
13;1881
13;1881
13;1880
13;1880
13;1879
13;1879
13;1878
13;1878
13;1877
13;1877
13;1876
13;1876
13;1875
13;1875
13;1874
13;1874
13;1873
13;1873
13;1872
13;1872
13;1871
13;1871
13;1870
13;1870
13;1869
13;1869
13;1868
13;1868
13;1867
13;1867
13;1866
13;1866
13;1865
13;1865
13;1864
13;1864
13;1863
13;1863
13;1862
13;1862
13;1861
13;1861
13;1860
13;1860
13;1859
13;1859
13;1858
13;1858
13;1857
13;1857
13;1856
13;1856
13;1855
13;1855
13;1854
13;1854
13;1853
13;1853
13;1852
13;1852
13;1851
13;1851
13;1850
13;1850
13;1849
13;1849
13;1848
13;1848
13;1847
13;1847
13;1846
13;1846
13;1845
13;1845
13;1844
13;1844
13;1843
13;1843
13;1842
13;1842
13;1841
13;1841
13;1840
13;1840
13;1839
13;1839
13;1838
13;1838
13;1837
13;1837
13;1836
13;1836
13;1835
13;1835
13;1834
13;1834
13;1833
13;1833
13;1832
13;1832
13;1831
13;1831
13;1830
13;1830
13;1829
13;1829
13;1828
13;1828
13;1827
13;1827
13;1826
13;1826
13;1825
13;1825
13;1824
13;1824
13;1823
13;1823
13;1822
13;1822
13;1821
13;1821
13;1820
13;1820
13;1819
13;1819
13;1818
13;1818
13;1817
13;1817
13;1816
13;1816
13;1815
13;1815
13;1814
13;1814
13;1813
13;1813
13;1812
13;1812
13;1811
13;1811
13;1810
13;1810
13;1809
13;1809
13;1808
13;1808
13;1807
13;1807
13;1806
13;1806
13;1805
13;1805
13;1804
13;1804
13;1803
13;1803
13;1802
13;1802
13;1801
13;1801
13;1800
13;1800
13;1799
13;1799
13;1798
13;1798
13;1797
13;1797
13;1796
13;1796
13;1795
13;1795
13;1794
13;1794
13;1793
13;1793
13;1792
13;1792
13;1791
13;1791
13;1790
13;1790
13;1789
13;1789
13;1788
13;1788
13;1787
13;1787
13;1786
13;1786
13;1785
13;1785
13;1784
13;1784
13;1783
13;1783
13;1782
13;1782
13;1781
13;1781
13;1780
13;1780
13;1779
13;1779
13;1778
13;1778
13;1777
13;1777
13;1776
13;1776
13;1775
13;1775
13;1774
13;1774
13;1773
13;1773
13;1772
13;1772
13;1771
13;1771
13;1770
13;1770
13;1769
13;1769
13;1768
13;1768
13;1767
13;1767
13;1766
13;1766
13;1765
13;1765
13;1764
13;1764
13;1763
13;1763
13;1762
13;1762
13;1761
13;1761
13;1760
13;1760
13;1759
13;1759
13;1758
13;1758
13;1757
13;1757
13;1756
13;1756
13;1755
13;1755
13;1754
13;1754
13;1753
13;1753
13;1752
13;1752
13;1751
13;1751
13;1750
13;1750
13;1749
13;1749
13;1748
13;1748
13;1747
13;1747
13;1746
13;1746
13;1745
13;1745
13;1744
13;1744
13;1743
13;1743
13;1742
13;1742
13;1741
13;1741
13;1740
13;1740
13;1739
13;1739
13;1738
13;1738
13;1737
13;1737
13;1736
13;1736
13;1735
13;1735
13;1734
13;1734
13;1733
13;1733
13;1732
13;1732
13;1731
13;1731
13;1730
13;1730
13;1729
13;1729
13;1728
13;1728
13;1727
13;1727
13;1726
13;1726
13;1725
13;1725
13;1724
13;1724
13;1723
13;1723
13;1722
13;1722
13;1721
13;1721
13;1720
13;1720
13;1719
13;1719
13;1718
13;1718
13;1717
13;1717
13;1716
13;1716
13;1715
13;1715
13;1714
13;1714
13;1713
13;1713
13;1712
13;1712
13;1711
13;1711
13;1710
13;1710
13;1709
13;1709
13;1708
13;1708
13;1707
13;1707
13;1706
13;1706
13;1705
13;1705
13;1704
13;1704
13;1703
13;1703
13;1702
13;1702
13;1701
13;1701
13;1700
13;1700
13;1699
13;1699
13;1698
13;1698
13;1697
13;1697
13;1696
13;1696
13;1695
13;1695
13;1694
13;1694
13;1693
13;1693
13;1692
13;1692
13;1691
13;1691
13;1690
13;1690
13;1689
13;1689
13;1688
13;1688
13;1687
13;1687
13;1686
13;1686
13;1685
13;1685
13;1684
13;1684
13;1683
13;1683
13;1682
13;1682
13;1681
13;1681
13;1680
13;1680
13;1679
13;1679
13;1678
13;1678
13;1677
13;1677
13;1676
13;1676
13;1675
13;1675
13;1674
13;1674
13;1673
13;1673
13;1672
13;1672
13;1671
13;1671
13;1670
13;1670
13;1669
13;1669
13;1668
13;1668
13;1667
13;1667
13;1666
13;1666
13;1665
13;1665
13;1664
13;1664
13;1663
13;1663
13;1662
13;1662
13;1661
13;1661
13;1660
13;1660
13;1659
13;1659
13;1658
13;1658
13;1657
13;1657
13;1656
13;1656
13;1655
13;1655
13;1654
13;1654
13;1653
13;1653
13;1652
13;1652
13;1651
13;1651
13;1650
13;1650
13;1649
13;1649
13;1648
13;1648
13;1647
13;1647
13;1646
13;1646
13;1645
13;1645
13;1644
13;1644
13;1643
13;1643
13;1642
13;1642
13;1641
13;1641
13;1640
13;1640
13;1639
13;1639
13;1638
13;1638
13;1637
13;1637
13;1636
13;1636
13;1635
13;1635
13;1634
13;1634
13;1633
13;1633
13;1632
13;1632
13;1631
13;1631
13;1630
13;1630
13;1629
13;1629
13;1628
13;1628
13;1627
13;1627
13;1626
13;1626
13;1625
13;1625
13;1624
13;1624
13;1623
13;1623
13;1622
13;1622
13;1621
13;1621
13;1620
13;1620
13;1619
13;1619
13;1618
13;1618
13;1617
13;1617
13;1616
13;1616
13;1615
13;1615
13;1614
13;1614
13;1613
13;1613
13;1612
13;1612
13;1611
13;1611
13;1610
13;1610
13;1609
13;1609
13;1608
13;1608
13;1607
13;1607
13;1606
13;1606
13;1605
13;1605
13;1604
13;1604
13;1603
13;1603
13;1602
13;1602
13;1601
13;1601
13;1600
13;1600
13;1599
13;1599
13;1598
13;1598
13;1597
13;1597
13;1596
13;1596
13;1595
13;1595
13;1594
13;1594
13;1593
13;1593
13;1592
13;1592
13;1591
13;1591
13;1590
13;1590
13;1589
13;1589
13;1588
13;1588
13;1587
13;1587
13;1586
13;1586
13;1585
13;1585
13;1584
13;1584
13;1583
13;1583
13;1582
13;1582
13;1581
13;1581
13;1580
13;1580
13;1579
13;1579
13;1578
13;1578
13;1577
13;1577
13;1576
13;1576
13;1575
13;1575
13;1574
13;1574
13;1573
13;1573
13;1572
13;1572
13;1571
13;1571
13;1570
13;1570
13;1569
13;1569
13;1568
13;1568
13;1567
13;1567
13;1566
13;1566
13;1565
13;1565
13;1564
13;1564
13;1563
13;1563
13;1562
13;1562
13;1561
13;1561
13;1560
13;1560
13;1559
13;1559
13;1558
13;1558
13;1557
13;1557
13;1556
13;1556
13;1555
13;1555
13;1554
13;1554
13;1553
13;1553
13;1552
13;1552
13;1551
13;1551
13;1550
13;1550
13;1549
13;1549
13;1548
13;1548
13;1547
13;1547
13;1546
13;1546
13;1545
13;1545
13;1544
13;1544
13;1543
13;1543
13;1542
13;1542
13;1541
13;1541
13;1540
13;1540
13;1539
13;1539
13;1538
13;1538
13;1537
13;1537
13;1536
13;1536
13;1535
13;1535
13;1534
13;1534
13;1533
13;1533
13;1532
13;1532
13;1531
13;1531
13;1530
13;1530
13;1529
13;1529
13;1528
13;1528
13;1527
13;1527
13;1526
13;1526
13;1525
13;1525
13;1524
13;1524
13;1523
13;1523
13;1522
13;1522
13;1521
13;1521
13;1520
13;1520
13;1519
13;1519
13;1518
13;1518
13;1517
13;1517
13;1516
13;1516
13;1515
13;1515
13;1514
13;1514
13;1513
13;1513
13;1512
13;1512
13;1511
13;1511
13;1510
13;1510
13;1509
13;1509
13;1508
13;1508
13;1507
13;1507
13;1506
13;1506
13;1505
13;1505
13;1504
13;1504
13;1503
13;1503
13;1502
13;1502
13;1501
13;1501
13;1500
13;1500
13;1499
13;1499
13;1498
13;1498
13;1497
13;1497
13;1496
13;1496
13;1495
13;1495
13;1494
13;1494
13;1493
13;1493
13;1492
13;1492
13;1491
13;1491
13;1490
13;1490
13;1489
13;1489
13;1488
13;1488
13;1487
13;1487
13;1486
13;1486
13;1485
13;1485
13;1484
13;1484
13;1483
13;1483
13;1482
13;1482
13;1481
13;1481
13;1480
13;1480
13;1479
13;1479
13;1478
13;1478
13;1477
13;1477
13;1476
13;1476
13;1475
13;1475
13;1474
13;1474
13;1473
13;1473
13;1472
13;1472
13;1471
13;1471
13;1470
13;1470
13;1469
13;1469
13;1468
13;1468
13;1467
13;1467
13;1466
13;1466
13;1465
13;1465
13;1464
13;1464
13;1463
13;1463
13;1462
13;1462
13;1461
13;1461
13;1460
13;1460
13;1459
13;1459
13;1458
13;1458
13;1457
13;1457
13;1456
13;1456
13;1455
13;1455
13;1454
13;1454
13;1453
13;1453
13;1452
13;1452
13;1451
13;1451
13;1450
13;1450
13;1449
13;1449
13;1448
13;1448
13;1447
13;1447
13;1446
13;1446
13;1445
13;1445
13;1444
13;1444
13;1443
13;1443
13;1442
13;1442
13;1441
13;1441
13;1440
13;1440
13;1439
13;1439
13;1438
13;1438
13;1437
13;1437
13;1436
13;1436
13;1435
13;1435
13;1434
13;1434
13;1433
13;1433
13;1432
13;1432
13;1431
13;1431
13;1430
13;1430
13;1429
13;1429
13;1428
13;1428
13;1427
13;1427
13;1426
13;1426
13;1425
13;1425
13;1424
13;1424
13;1423
13;1423
13;1422
13;1422
13;1421
13;1421
13;1420
13;1420
13;1419
13;1419
13;1418
13;1418
13;1417
13;1417
13;1416
13;1416
13;1415
13;1415
13;1414
13;1414
13;1413
13;1413
13;1412
13;1412
13;1411
13;1411
13;1410
13;1410
13;1409
13;1409
13;1408
13;1408
13;1407
13;1407
13;1406
13;1406
13;1405
13;1405
13;1404
13;1404
13;1403
13;1403
13;1402
13;1402
13;1401
13;1401
13;1400
13;1400
13;1399
13;1399
13;1398
13;1398
13;1397
13;1397
13;1396
13;1396
13;1395
13;1395
13;1394
13;1394
13;1393
13;1393
13;1392
13;1392
13;1391
13;1391
13;1390
13;1390
13;1389
13;1389
13;1388
13;1388
13;1387
13;1387
13;1386
13;1386
13;1385
13;1385
13;1384
13;1384
13;1383
13;1383
13;1382
13;1382
13;1381
13;1381
13;1380
13;1380
13;1379
13;1379
13;1378
13;1378
13;1377
13;1377
13;1376
13;1376
13;1375
13;1375
13;1374
13;1374
13;1373
13;1373
13;1372
13;1372
13;1371
13;1371
13;1370
13;1370
13;1369
13;1369
13;1368
13;1368
13;1367
13;1367
13;1366
13;1366
13;1365
13;1365
13;1364
13;1364
13;1363
13;1363
13;1362
13;1362
13;1361
13;1361
13;1360
13;1360
13;1359
13;1359
13;1358
13;1358
13;1357
13;1357
13;1356
13;1356
13;1355
13;1355
13;1354
13;1354
13;1353
13;1353
13;1352
13;1352
13;1351
13;1351
13;1350
13;1350
13;1349
13;1349
13;1348
13;1348
13;1347
13;1347
13;1346
13;1346
13;1345
13;1345
13;1344
13;1344
13;1343
13;1343
13;1342
13;1342
13;1341
13;1341
13;1340
13;1340
13;1339
13;1339
13;1338
13;1338
13;1337
13;1337
13;1336
13;1336
13;1335
13;1335
13;1334
13;1334
13;1333
13;1333
13;1332
13;1332
13;1331
13;1331
13;1330
13;1330
13;1329
13;1329
13;1328
13;1328
13;1327
13;1327
13;1326
13;1326
13;1325
13;1325
13;1324
13;1324
13;1323
13;1323
13;1322
13;1322
13;1321
13;1321
13;1320
13;1320
13;1319
13;1319
13;1318
13;1318
13;1317
13;1317
13;1316
13;1316
13;1315
13;1315
13;1314
13;1314
13;1313
13;1313
13;1312
13;1312
13;1311
13;1311
13;1310
13;1310
13;1309
13;1309
13;1308
13;1308
13;1307
13;1307
13;1306
13;1306
13;1305
13;1305
13;1304
13;1304
13;1303
13;1303
13;1302
13;1302
13;1301
13;1301
13;1300
13;1300
13;1299
13;1299
13;1298
13;1298
13;1297
13;1297
13;1296
13;1296
13;1295
13;1295
13;1294
13;1294
13;1293
13;1293
13;1292
13;1292
13;1291
13;1291
13;1290
13;1290
13;1289
13;1289
13;1288
13;1288
13;1287
13;1287
13;1286
13;1286
13;1285
13;1285
13;1284
13;1284
13;1283
13;1283
13;1282
13;1282
13;1281
13;1281
13;1280
13;1280
13;1279
13;1279
13;1278
13;1278
13;1277
13;1277
13;1276
13;1276
13;1275
13;1275
13;1274
13;1274
13;1273
13;1273
13;1272
13;1272
13;1271
13;1271
13;1270
13;1270
13;1269
13;1269
13;1268
13;1268
13;1267
13;1267
13;1266
13;1266
13;1265
13;1265
13;1264
13;1264
13;1263
13;1263
13;1262
13;1262
13;1261
13;1261
13;1260
13;1260
13;1259
13;1259
13;1258
13;1258
13;1257
13;1257
13;1256
13;1256
13;1255
13;1255
13;1254
13;1254
13;1253
13;1253
13;1252
13;1252
13;1251
13;1251
13;1250
13;1250
13;1249
13;1249
13;1248
13;1248
13;1247
13;1247
13;1246
13;1246
13;1245
13;1245
13;1244
13;1244
13;1243
13;1243
13;1242
13;1242
13;1241
13;1241
13;1240
13;1240
13;1239
13;1239
13;1238
13;1238
13;1237
13;1237
13;1236
13;1236
13;1235
13;1235
13;1234
13;1234
13;1233
13;1233
13;1232
13;1232
13;1231
13;1231
13;1230
13;1230
13;1229
13;1229
13;1228
13;1228
13;1227
13;1227
13;1226
13;1226
13;1225
13;1225
13;1224
13;1224
13;1223
13;1223
13;1222
13;1222
13;1221
13;1221
13;1220
13;1220
13;1219
13;1219
13;1218
13;1218
13;1217
13;1217
13;1216
13;1216
13;1215
13;1215
13;1214
13;1214
13;1213
13;1213
13;1212
13;1212
13;1211
13;1211
13;1210
13;1210
13;1209
13;1209
13;1208
13;1208
13;1207
13;1207
13;1206
13;1206
13;1205
13;1205
13;1204
13;1204
13;1203
13;1203
13;1202
13;1202
13;1201
13;1201
13;1200
13;1200
13;1199
13;1199
13;1198
13;1198
13;1197
13;1197
13;1196
13;1196
13;1195
13;1195
13;1194
13;1194
13;1193
13;1193
13;1192
13;1192
13;1191
13;1191
13;1190
13;1190
13;1189
13;1189
13;1188
13;1188
13;1187
13;1187
13;1186
13;1186
13;1185
13;1185
13;1184
13;1184
13;1183
13;1183
13;1182
13;1182
13;1181
13;1181
13;1180
13;1180
13;1179
13;1179
13;1178
13;1178
13;1177
13;1177
13;1176
13;1176
13;1175
13;1175
13;1174
13;1174
13;1173
13;1173
13;1172
13;1172
13;1171
13;1171
13;1170
13;1170
13;1169
13;1169
13;1168
13;1168
13;1167
13;1167
13;1166
13;1166
13;1165
13;1165
13;1164
13;1164
13;1163
13;1163
13;1162
13;1162
13;1161
13;1161
13;1160
13;1160
13;1159
13;1159
13;1158
13;1158
13;1157
13;1157
13;1156
13;1156
13;1155
13;1155
13;1154
13;1154
13;1153
13;1153
13;1152
13;1152
13;1151
13;1151
13;1150
13;1150
13;1149
13;1149
13;1148
13;1148
13;1147
13;1147
13;1146
13;1146
13;1145
13;1145
13;1144
13;1144
13;1143
13;1143
13;1142
13;1142
13;1141
13;1141
13;1140
13;1140
13;1139
13;1139
13;1138
13;1138
13;1137
13;1137
13;1136
13;1136
13;1135
13;1135
13;1134
13;1134
13;1133
13;1133
13;1132
13;1132
13;1131
13;1131
13;1130
13;1130
13;1129
13;1129
13;1128
13;1128
13;1127
13;1127
13;1126
13;1126
13;1125
13;1125
13;1124
13;1124
13;1123
13;1123
13;1122
13;1122
13;1121
13;1121
13;1120
13;1120
13;1119
13;1119
13;1118
13;1118
13;1117
13;1117
13;1116
13;1116
13;1115
13;1115
13;1114
13;1114
13;1113
13;1113
13;1112
13;1112
13;1111
13;1111
13;1110
13;1110
13;1109
13;1109
13;1108
13;1108
13;1107
13;1107
13;1106
13;1106
13;1105
13;1105
13;1104
13;1104
13;1103
13;1103
13;1102
13;1102
13;1101
13;1101
13;1100
13;1100
13;1099
13;1099
13;1098
13;1098
13;1097
13;1097
13;1096
13;1096
13;1095
13;1095
13;1094
13;1094
13;1093
13;1093
13;1092
13;1092
13;1091
13;1091
13;1090
13;1090
13;1089
13;1089
13;1088
13;1088
13;1087
13;1087
13;1086
13;1086
13;1085
13;1085
13;1084
13;1084
13;1083
13;1083
13;1082
13;1082
13;1081
13;1081
13;1080
13;1080
13;1079
13;1079
13;1078
13;1078
13;1077
13;1077
13;1076
13;1076
13;1075
13;1075
13;1074
13;1074
13;1073
13;1073
13;1072
13;1072
13;1071
13;1071
13;1070
13;1070
13;1069
13;1069
13;1068
13;1068
13;1067
13;1067
13;1066
13;1066
13;1065
13;1065
13;1064
13;1064
13;1063
13;1063
13;1062
13;1062
13;1061
13;1061
13;1060
13;1060
13;1059
13;1059
13;1058
13;1058
13;1057
13;1057
13;1056
13;1056
13;1055
13;1055
13;1054
13;1054
13;1053
13;1053
13;1052
13;1052
13;1051
13;1051
13;1050
13;1050
13;1049
13;1049
13;1048
13;1048
13;1047
13;1047
13;1046
13;1046
13;1045
13;1045
13;1044
13;1044
13;1043
13;1043
13;1042
13;1042
13;1041
13;1041
13;1040
13;1040
13;1039
13;1039
13;1038
13;1038
13;1037
13;1037
13;1036
13;1036
13;1035
13;1035
13;1034
13;1034
13;1033
13;1033
13;1032
13;1032
13;1031
13;1031
13;1030
13;1030
13;1029
13;1029
13;1028
13;1028
13;1027
13;1027
13;1026
13;1026
13;1025
13;1025
13;1024
13;1024
13;1023
13;1023
13;1022
13;1022
13;1021
13;1021
13;1020
13;1020
13;1019
13;1019
13;1018
13;1018
13;1017
13;1017
13;1016
13;1016
13;1015
13;1015
13;1014
13;1014
13;1013
13;1013
13;1012
13;1012
13;1011
13;1011
13;1010
13;1010
13;1009
13;1009
13;1008
13;1008
13;1007
13;1007
13;1006
13;1006
13;1005
13;1005
13;1004
13;1004
13;1003
13;1003
13;1002
13;1002
13;1001
13;1001
13;1000
13;1000
13;999
13;999
13;998
13;998
13;997
13;997
13;996
13;996
13;995
13;995
13;994
13;994
13;993
13;993
13;992
13;992
13;991
13;991
13;990
13;990
13;989
13;989
13;988
13;988
13;987
13;987
13;986
13;986
13;985
13;985
13;984
13;984
13;983
13;983
13;982
13;982
13;981
13;981
13;980
13;980
13;979
13;979
13;978
13;978
13;977
13;977
13;976
13;976
13;975
13;975
13;974
13;974
13;973
13;973
13;972
13;972
13;971
13;971
13;970
14;2654
14;2654
14;2653
14;2653
14;2652
14;2652
14;2651
14;2651
14;2650
14;2650
14;2649
14;2649
14;2648
14;2648
14;2647
14;2647
14;2646
14;2646
14;2645
14;2645
14;2644
14;2644
14;2643
14;2643
14;2642
14;2642
14;2641
14;2641
14;2640
14;2640
14;2639
14;2639
14;2638
14;2638
14;2637
14;2637
14;2636
14;2636
14;2635
14;2635
14;2634
14;2634
14;2633
14;2633
14;2632
14;2632
14;2631
14;2631
14;2630
14;2630
14;2629
14;2629
14;2628
14;2628
14;2627
14;2627
14;2626
14;2626
14;2625
14;2625
14;2624
14;2624
14;2623
14;2623
14;2622
14;2622
14;2621
14;2621
14;2620
14;2620
14;2619
14;2619
14;2618
14;2618
14;2617
14;2617
14;2616
14;2616
14;2615
14;2615
14;2614
14;2614
14;2613
14;2613
14;2612
14;2612
14;2611
14;2611
14;2610
14;2610
14;2609
14;2609
14;2608
14;2608
14;2607
14;2607
14;2606
14;2606
14;2605
14;2605
14;2604
14;2604
14;2603
14;2603
14;2602
14;2602
14;2601
14;2601
14;2600
14;2600
14;2599
14;2599
14;2598
14;2598
14;2597
14;2597
14;2596
14;2596
14;2595
14;2595
14;2594
14;2594
14;2593
14;2593
14;2592
14;2592
14;2591
14;2591
14;2590
14;2590
14;2589
14;2589
14;2588
14;2588
14;2587
14;2587
14;2586
14;2586
14;2585
14;2585
14;2584
14;2584
14;2583
14;2583
14;2582
14;2582
14;2581
14;2581
14;2580
14;2580
14;2579
14;2579
14;2578
14;2578
14;2577
14;2577
14;2576
14;2576
14;2575
14;2575
14;2574
14;2574
14;2573
14;2573
14;2572
14;2572
14;2571
14;2571
14;2570
14;2570
14;2569
14;2569
14;2568
14;2568
14;2567
14;2567
14;2566
14;2566
14;2565
14;2565
14;2564
14;2564
14;2563
14;2563
14;2562
14;2562
14;2561
14;2561
14;2560
14;2560
14;2559
14;2559
14;2558
14;2558
14;2557
14;2557
14;2556
14;2556
14;2555
14;2555
14;2554
14;2554
14;2553
14;2553
14;2552
14;2552
14;2551
14;2551
14;2550
14;2550
14;2549
14;2549
14;2548
14;2548
14;2547
14;2547
14;2546
14;2546
14;2545
14;2545
14;2544
14;2544
14;2543
14;2543
14;2542
14;2542
14;2541
14;2541
14;2540
14;2540
14;2539
14;2539
14;2538
14;2538
14;2537
14;2537
14;2536
14;2536
14;2535
14;2535
14;2534
14;2534
14;2533
14;2533
14;2532
14;2532
14;2531
14;2531
14;2530
14;2530
14;2529
14;2529
14;2528
14;2528
14;2527
14;2527
14;2526
14;2526
14;2525
14;2525
14;2524
14;2524
14;2523
14;2523
14;2522
14;2522
14;2521
14;2521
14;2520
14;2520
14;2519
14;2519
14;2518
14;2518
14;2517
14;2517
14;2516
14;2516
14;2515
14;2515
14;2514
14;2514
14;2513
14;2513
14;2512
14;2512
14;2511
14;2511
14;2510
14;2510
14;2509
14;2509
14;2508
14;2508
14;2507
14;2507
14;2506
14;2506
14;2505
14;2505
14;2504
14;2504
14;2503
14;2503
14;2502
14;2502
14;2501
14;2501
14;2500
14;2500
14;2499
14;2499
14;2498
14;2498
14;2497
14;2497
14;2496
14;2496
14;2495
14;2495
14;2494
14;2494
14;2493
14;2493
14;2492
14;2492
14;2491
14;2491
14;2490
14;2490
14;2489
14;2489
14;2488
14;2488
14;2487
14;2487
14;2486
14;2486
14;2485
14;2485
14;2484
14;2484
14;2483
14;2483
14;2482
14;2482
14;2481
14;2481
14;2480
14;2480
14;2479
14;2479
14;2478
14;2478
14;2477
14;2477
14;2476
14;2476
14;2475
14;2475
14;2474
14;2474
14;2473
14;2473
14;2472
14;2472
14;2471
14;2471
14;2470
14;2470
14;2469
14;2469
14;2468
14;2468
14;2467
14;2467
14;2466
14;2466
14;2465
14;2465
14;2464
14;2464
14;2463
14;2463
14;2462
14;2462
14;2461
14;2461
14;2460
14;2460
14;2459
14;2459
14;2458
14;2458
14;2457
14;2457
14;2456
14;2456
14;2455
14;2455
14;2454
14;2454
14;2453
14;2453
14;2452
14;2452
14;2451
14;2451
14;2450
14;2450
14;2449
14;2449
14;2448
14;2448
14;2447
14;2447
14;2446
14;2446
14;2445
14;2445
14;2444
14;2444
14;2443
14;2443
14;2442
14;2442
14;2441
14;2441
14;2440
14;2440
14;2439
14;2439
14;2438
14;2438
14;2437
14;2437
14;2436
14;2436
14;2435
14;2435
14;2434
14;2434
14;2433
14;2433
14;2432
14;2432
14;2431
14;2431
14;2430
14;2430
14;2429
14;2429
14;2428
14;2428
14;2427
14;2427
14;2426
14;2426
14;2425
14;2425
14;2424
14;2424
14;2423
14;2423
14;2422
14;2422
14;2421
14;2421
14;2420
14;2420
14;2419
14;2419
14;2418
14;2418
14;2417
14;2417
14;2416
14;2416
14;2415
14;2415
14;2414
14;2414
14;2413
14;2413
14;2412
14;2412
14;2411
14;2411
14;2410
14;2410
14;2409
14;2409
14;2408
14;2408
14;2407
14;2407
14;2406
14;2406
14;2405
14;2405
14;2404
14;2404
14;2403
14;2403
14;2402
14;2402
14;2401
14;2401
14;2400
14;2400
14;2399
14;2399
14;2398
14;2398
14;2397
14;2397
14;2396
14;2396
14;2395
14;2395
14;2394
14;2394
14;2393
14;2393
14;2392
14;2392
14;2391
14;2391
14;2390
14;2390
14;2389
14;2389
14;2388
14;2388
14;2387
14;2387
14;2386
14;2386
14;2385
14;2385
14;2384
14;2384
14;2383
14;2383
14;2382
14;2382
14;2381
14;2381
14;2380
14;2380
14;2379
14;2379
14;2378
14;2378
14;2377
14;2377
14;2376
14;2376
14;2375
14;2375
14;2374
14;2374
14;2373
14;2373
14;2372
14;2372
14;2371
14;2371
14;2370
14;2370
14;2369
14;2369
14;2368
14;2368
14;2367
14;2367
14;2366
14;2366
14;2365
14;2365
14;2364
14;2364
14;2363
14;2363
14;2362
14;2362
14;2361
14;2361
14;2360
14;2360
14;2359
14;2359
14;2358
14;2358
14;2357
14;2357
14;2356
14;2356
14;2355
14;2355
14;2354
14;2354
14;2353
14;2353
14;2352
14;2352
14;2351
14;2351
14;2350
14;2350
14;2349
14;2349
14;2348
14;2348
14;2347
14;2347
14;2346
14;2346
14;2345
14;2345
14;2344
14;2344
14;2343
14;2343
14;2342
14;2342
14;2341
14;2341
14;2340
14;2340
14;2339
14;2339
14;2338
14;2338
14;2337
14;2337
14;2336
14;2336
14;2335
14;2335
14;2334
14;2334
14;2333
14;2333
14;2332
14;2332
14;2331
14;2331
14;2330
14;2330
14;2329
14;2329
14;2328
14;2328
14;2327
14;2327
14;2326
14;2326
14;2325
14;2325
14;2324
14;2324
14;2323
14;2323
14;2322
14;2322
14;2321
14;2321
14;2320
14;2320
14;2319
14;2319
14;2318
14;2318
14;2317
14;2317
14;2316
14;2316
14;2315
14;2315
14;2314
14;2314
14;2313
14;2313
14;2312
14;2312
14;2311
14;2311
14;2310
14;2310
14;2309
14;2309
14;2308
14;2308
14;2307
14;2307
14;2306
14;2306
14;2305
14;2305
14;2304
14;2304
14;2303
14;2303
14;2302
14;2302
14;2301
14;2301
14;2300
14;2300
14;2299
14;2299
14;2298
14;2298
14;2297
14;2297
14;2296
14;2296
14;2295
14;2295
14;2294
14;2294
14;2293
14;2293
14;2292
14;2292
14;2291
14;2291
14;2290
14;2290
14;2289
14;2289
14;2288
14;2288
14;2287
14;2287
14;2286
14;2286
14;2285
14;2285
14;2284
14;2284
14;2283
14;2283
14;2282
14;2282
14;2281
14;2281
14;2280
14;2280
14;2279
14;2279
14;2278
14;2278
14;2277
14;2277
14;2276
14;2276
14;2275
14;2275
14;2274
14;2274
14;2273
14;2273
14;2272
14;2272
14;2271
14;2271
14;2270
14;2270
14;2269
14;2269
14;2268
14;2268
14;2267
14;2267
14;2266
14;2266
14;2265
14;2265
14;2264
14;2264
14;2263
14;2263
14;2262
14;2262
14;2261
14;2261
14;2260
14;2260
14;2259
14;2259
14;2258
14;2258
14;2257
14;2257
14;2256
14;2256
14;2255
14;2255
14;2254
14;2254
14;2253
14;2253
14;2252
14;2252
14;2251
14;2251
14;2250
14;2250
14;2249
14;2249
14;2248
14;2248
14;2247
14;2247
14;2246
14;2246
14;2245
14;2245
14;2244
14;2244
14;2243
14;2243
14;2242
14;2242
14;2241
14;2241
14;2240
14;2240
14;2239
14;2239
14;2238
14;2238
14;2237
14;2237
14;2236
14;2236
14;2235
14;2235
14;2234
14;2234
14;2233
14;2233
14;2232
14;2232
14;2231
14;2231
14;2230
14;2230
14;2229
14;2229
14;2228
14;2228
14;2227
14;2227
14;2226
14;2226
14;2225
14;2225
14;2224
14;2224
14;2223
14;2223
14;2222
14;2222
14;2221
14;2221
14;2220
14;2220
14;2219
14;2219
14;2218
14;2218
14;2217
14;2217
14;2216
14;2216
14;2215
14;2215
14;2214
14;2214
14;2213
14;2213
14;2212
14;2212
14;2211
14;2211
14;2210
14;2210
14;2209
14;2209
14;2208
14;2208
14;2207
14;2207
14;2206
14;2206
14;2205
14;2205
14;2204
14;2204
14;2203
14;2203
14;2202
14;2202
14;2201
14;2201
14;2200
14;2200
14;2199
14;2199
14;2198
14;2198
14;2197
14;2197
14;2196
14;2196
14;2195
14;2195
14;2194
14;2194
14;2193
14;2193
14;2192
14;2192
14;2191
14;2191
14;2190
14;2190
14;2189
14;2189
14;2188
14;2188
14;2187
14;2187
14;2186
14;2186
14;2185
14;2185
14;2184
14;2184
14;2183
14;2183
14;2182
14;2182
14;2181
14;2181
14;2180
14;2180
14;2179
14;2179
14;2178
14;2178
14;2177
14;2177
14;2176
14;2176
14;2175
14;2175
14;2174
14;2174
14;2173
14;2173
14;2172
14;2172
14;2171
14;2171
14;2170
14;2170
14;2169
14;2169
14;2168
14;2168
14;2167
14;2167
14;2166
14;2166
14;2165
14;2165
14;2164
14;2164
14;2163
14;2163
14;2162
14;2162
14;2161
14;2161
14;2160
14;2160
14;2159
14;2159
14;2158
14;2158
14;2157
14;2157
14;2156
14;2156
14;2155
14;2155
14;2154
14;2154
14;2153
14;2153
14;2152
14;2152
14;2151
14;2151
14;2150
14;2150
14;2149
14;2149
14;2148
14;2148
14;2147
14;2147
14;2146
14;2146
14;2145
14;2145
14;2144
14;2144
14;2143
14;2143
14;2142
14;2142
14;2141
14;2141
14;2140
14;2140
14;2139
14;2139
14;2138
14;2138
14;2137
14;2137
14;2136
14;2136
14;2135
14;2135
14;2134
14;2134
14;2133
14;2133
14;2132
14;2132
14;2131
14;2131
14;2130
14;2130
14;2129
14;2129
14;2128
14;2128
14;2127
14;2127
14;2126
14;2126
14;2125
14;2125
14;2124
14;2124
14;2123
14;2123
14;2122
14;2122
14;2121
14;2121
14;2120
14;2120
14;2119
14;2119
14;2118
14;2118
14;2117
14;2117
14;2116
14;2116
14;2115
14;2115
14;2114
14;2114
14;2113
14;2113
14;2112
14;2112
14;2111
14;2111
14;2110
14;2110
14;2109
14;2109
14;2108
14;2108
14;2107
14;2107
14;2106
14;2106
14;2105
14;2105
14;2104
14;2104
14;2103
14;2103
14;2102
14;2102
14;2101
14;2101
14;2100
14;2100
14;2099
14;2099
14;2098
14;2098
14;2097
14;2097
14;2096
14;2096
14;2095
14;2095
14;2094
14;2094
14;2093
14;2093
14;2092
14;2092
14;2091
14;2091
14;2090
14;2090
14;2089
14;2089
14;2088
14;2088
14;2087
14;2087
14;2086
14;2086
14;2085
14;2085
14;2084
14;2084
14;2083
14;2083
14;2082
14;2082
14;2081
14;2081
14;2080
14;2080
14;2079
14;2079
14;2078
14;2078
14;2077
14;2077
14;2076
14;2076
14;2075
14;2075
14;2074
14;2074
14;2073
14;2073
14;2072
14;2072
14;2071
14;2071
14;2070
14;2070
14;2069
14;2069
14;2068
14;2068
14;2067
14;2067
14;2066
14;2066
14;2065
14;2065
14;2064
14;2064
14;2063
14;2063
14;2062
14;2062
14;2061
14;2061
14;2060
14;2060
14;2059
14;2059
14;2058
14;2058
14;2057
14;2057
14;2056
14;2056
14;2055
14;2055
14;2054
14;2054
14;2053
14;2053
14;2052
14;2052
14;2051
14;2051
14;2050
14;2050
14;2049
14;2049
14;2048
14;2048
14;2047
14;2047
14;2046
14;2046
14;2045
14;2045
14;2044
14;2044
14;2043
14;2043
14;2042
14;2042
14;2041
14;2041
14;2040
14;2040
14;2039
14;2039
14;2038
14;2038
14;2037
14;2037
14;2036
14;2036
14;2035
14;2035
14;2034
14;2034
14;2033
14;2033
14;2032
14;2032
14;2031
14;2031
14;2030
14;2030
14;2029
14;2029
14;2028
14;2028
14;2027
14;2027
14;2026
14;2026
14;2025
14;2025
14;2024
14;2024
14;2023
14;2023
14;2022
14;2022
14;2021
14;2021
14;2020
14;2020
14;2019
14;2019
14;2018
14;2018
14;2017
14;2017
14;2016
14;2016
14;2015
14;2015
14;2014
14;2014
14;2013
14;2013
14;2012
14;2012
14;2011
14;2011
14;2010
14;2010
14;2009
14;2009
14;2008
14;2008
14;2007
14;2007
14;2006
14;2006
14;2005
14;2005
14;2004
14;2004
14;2003
14;2003
14;2002
14;2002
14;2001
14;2001
14;2000
14;2000
14;1999
14;1999
14;1998
14;1998
14;1997
14;1997
14;1996
14;1996
14;1995
14;1995
14;1994
14;1994
14;1993
14;1993
14;1992
14;1992
14;1991
14;1991
14;1990
14;1990
14;1989
14;1989
14;1988
14;1988
14;1987
14;1987
14;1986
14;1986
14;1985
14;1985
14;1984
14;1984
14;1983
14;1983
14;1982
14;1982
14;1981
14;1981
14;1980
14;1980
14;1979
14;1979
14;1978
14;1978
14;1977
14;1977
14;1976
14;1976
14;1975
14;1975
14;1974
14;1974
14;1973
14;1973
14;1972
14;1972
14;1971
14;1971
14;1970
14;1970
14;1969
14;1969
14;1968
14;1968
14;1967
14;1967
14;1966
14;1966
14;1965
14;1965
14;1964
14;1964
14;1963
14;1963
14;1962
14;1962
14;1961
14;1961
14;1960
14;1960
14;1959
14;1959
14;1958
14;1958
14;1957
14;1957
14;1956
14;1956
14;1955
14;1955
14;1954
14;1954
14;1953
14;1953
14;1952
14;1952
14;1951
14;1951
14;1950
14;1950
14;1949
14;1949
14;1948
14;1948
14;1947
14;1947
14;1946
14;1946
14;1945
14;1945
14;1944
14;1944
14;1943
14;1943
14;1942
14;1942
14;1941
14;1941
14;1940
14;1940
14;1939
14;1939
14;1938
14;1938
14;1937
14;1937
14;1936
14;1936
14;1935
14;1935
14;1934
14;1934
14;1933
14;1933
14;1932
14;1932
14;1931
14;1931
14;1930
14;1930
14;1929
14;1929
14;1928
14;1928
14;1927
14;1927
14;1926
14;1926
14;1925
14;1925
14;1924
14;1924
14;1923
14;1923
14;1922
14;1922
14;1921
14;1921
14;1920
14;1920
14;1919
14;1919
14;1918
14;1918
14;1917
14;1917
14;1916
14;1916
14;1915
14;1915
14;1914
14;1914
14;1913
14;1913
14;1912
14;1912
14;1911
14;1911
14;1910
14;1910
14;1909
14;1909
14;1908
14;1908
14;1907
14;1907
14;1906
14;1906
14;1905
14;1905
14;1904
14;1904
14;1903
14;1903
14;1902
14;1902
14;1901
14;1901
14;1900
14;1900
14;1899
14;1899
14;1898
14;1898
14;1897
14;1897
14;1896
14;1896
14;1895
14;1895
14;1894
14;1894
14;1893
14;1893
14;1892
14;1892
14;1891
14;1891
14;1890
14;1890
14;1889
14;1889
14;1888
14;1888
14;1887
14;1887
14;1886
14;1886
14;1885
14;1885
14;1884
14;1884
14;1883
14;1883
14;1882
14;1882
14;1881
14;1881
14;1880
14;1880
14;1879
14;1879
14;1878
14;1878
14;1877
14;1877
14;1876
14;1876
14;1875
14;1875
14;1874
14;1874
14;1873
14;1873
14;1872
14;1872
14;1871
14;1871
14;1870
14;1870
14;1869
14;1869
14;1868
14;1868
14;1867
14;1867
14;1866
14;1866
14;1865
14;1865
14;1864
14;1864
14;1863
14;1863
14;1862
14;1862
14;1861
14;1861
14;1860
14;1860
14;1859
14;1859
14;1858
14;1858
14;1857
14;1857
14;1856
14;1856
14;1855
14;1855
14;1854
14;1854
14;1853
14;1853
14;1852
14;1852
14;1851
14;1851
14;1850
14;1850
14;1849
14;1849
14;1848
14;1848
14;1847
14;1847
14;1846
14;1846
14;1845
14;1845
14;1844
14;1844
14;1843
14;1843
14;1842
14;1842
14;1841
14;1841
14;1840
14;1840
14;1839
14;1839
14;1838
14;1838
14;1837
14;1837
14;1836
14;1836
14;1835
14;1835
14;1834
14;1834
14;1833
14;1833
14;1832
14;1832
14;1831
14;1831
14;1830
14;1830
14;1829
14;1829
14;1828
14;1828
14;1827
14;1827
14;1826
14;1826
14;1825
14;1825
14;1824
14;1824
14;1823
14;1823
14;1822
14;1822
14;1821
14;1821
14;1820
14;1820
14;1819
14;1819
14;1818
14;1818
14;1817
14;1817
14;1816
14;1816
14;1815
14;1815
14;1814
14;1814
14;1813
14;1813
14;1812
14;1812
14;1811
14;1811
14;1810
14;1810
14;1809
14;1809
14;1808
14;1808
14;1807
14;1807
14;1806
14;1806
14;1805
14;1805
14;1804
14;1804
14;1803
14;1803
14;1802
14;1802
14;1801
14;1801
14;1800
14;1800
14;1799
14;1799
14;1798
14;1798
14;1797
14;1797
14;1796
14;1796
14;1795
14;1795
14;1794
14;1794
14;1793
14;1793
14;1792
14;1792
14;1791
14;1791
14;1790
14;1790
14;1789
14;1789
14;1788
14;1788
14;1787
14;1787
14;1786
14;1786
14;1785
14;1785
14;1784
14;1784
14;1783
14;1783
14;1782
14;1782
14;1781
14;1781
14;1780
14;1780
14;1779
14;1779
14;1778
14;1778
14;1777
14;1777
14;1776
14;1776
14;1775
14;1775
14;1774
14;1774
14;1773
14;1773
14;1772
14;1772
14;1771
14;1771
14;1770
14;1770
14;1769
14;1769
14;1768
14;1768
14;1767
14;1767
14;1766
14;1766
14;1765
14;1765
14;1764
14;1764
14;1763
14;1763
14;1762
14;1762
14;1761
14;1761
14;1760
14;1760
14;1759
14;1759
14;1758
14;1758
14;1757
14;1757
14;1756
14;1756
14;1755
14;1755
14;1754
14;1754
14;1753
14;1753
14;1752
14;1752
14;1751
14;1751
14;1750
14;1750
14;1749
14;1749
14;1748
14;1748
14;1747
14;1747
14;1746
14;1746
14;1745
14;1745
14;1744
14;1744
14;1743
14;1743
14;1742
14;1742
14;1741
14;1741
14;1740
14;1740
14;1739
14;1739
14;1738
14;1738
14;1737
14;1737
14;1736
14;1736
14;1735
14;1735
14;1734
14;1734
14;1733
14;1733
14;1732
14;1732
14;1731
14;1731
14;1730
14;1730
14;1729
14;1729
14;1728
14;1728
14;1727
14;1727
14;1726
14;1726
14;1725
14;1725
14;1724
14;1724
14;1723
14;1723
14;1722
14;1722
14;1721
14;1721
14;1720
14;1720
14;1719
14;1719
14;1718
14;1718
14;1717
14;1717
14;1716
14;1716
14;1715
14;1715
14;1714
14;1714
14;1713
14;1713
14;1712
14;1712
14;1711
14;1711
14;1710
14;1710
14;1709
14;1709
14;1708
14;1708
14;1707
14;1707
14;1706
14;1706
14;1705
14;1705
14;1704
14;1704
14;1703
14;1703
14;1702
14;1702
14;1701
14;1701
14;1700
14;1700
14;1699
14;1699
14;1698
14;1698
14;1697
14;1697
14;1696
14;1696
14;1695
14;1695
14;1694
14;1694
14;1693
14;1693
14;1692
14;1692
14;1691
14;1691
14;1690
14;1690
14;1689
14;1689
14;1688
14;1688
14;1687
14;1687
14;1686
14;1686
14;1685
14;1685
14;1684
14;1684
14;1683
14;1683
14;1682
14;1682
14;1681
14;1681
14;1680
14;1680
14;1679
14;1679
14;1678
14;1678
14;1677
14;1677
14;1676
14;1676
14;1675
14;1675
14;1674
14;1674
14;1673
14;1673
14;1672
14;1672
14;1671
14;1671
14;1670
14;1670
14;1669
14;1669
14;1668
14;1668
14;1667
14;1667
14;1666
14;1666
14;1665
14;1665
14;1664
14;1664
14;1663
14;1663
14;1662
14;1662
14;1661
14;1661
14;1660
14;1660
14;1659
14;1659
14;1658
14;1658
14;1657
14;1657
14;1656
14;1656
14;1655
14;1655
14;1654
14;1654
14;1653
14;1653
14;1652
14;1652
14;1651
14;1651
14;1650
14;1650
14;1649
14;1649
14;1648
14;1648
14;1647
14;1647
14;1646
14;1646
14;1645
14;1645
14;1644
14;1644
14;1643
14;1643
14;1642
14;1642
14;1641
14;1641
14;1640
14;1640
14;1639
14;1639
14;1638
14;1638
14;1637
14;1637
14;1636
14;1636
14;1635
14;1635
14;1634
14;1634
14;1633
14;1633
14;1632
14;1632
14;1631
14;1631
14;1630
14;1630
14;1629
14;1629
14;1628
14;1628
14;1627
14;1627
14;1626
14;1626
14;1625
14;1625
14;1624
14;1624
14;1623
14;1623
14;1622
14;1622
14;1621
14;1621
14;1620
14;1620
14;1619
14;1619
14;1618
14;1618
14;1617
14;1617
14;1616
14;1616
14;1615
14;1615
14;1614
14;1614
14;1613
14;1613
14;1612
14;1612
14;1611
14;1611
14;1610
14;1610
14;1609
14;1609
14;1608
14;1608
14;1607
14;1607
14;1606
14;1606
14;1605
14;1605
14;1604
14;1604
14;1603
14;1603
14;1602
14;1602
14;1601
14;1601
14;1600
14;1600
14;1599
14;1599
14;1598
14;1598
14;1597
14;1597
14;1596
14;1596
14;1595
15;2583
15;2583
15;2582
15;2582
15;2581
15;2581
15;2580
15;2580
15;2579
15;2579
15;2578
15;2578
15;2577
15;2577
15;2576
15;2576
15;2575
15;2575
15;2574
15;2574
15;2573
15;2573
15;2572
15;2572
15;2571
15;2571
15;2570
15;2570
15;2569
15;2569
15;2568
15;2568
15;2567
15;2567
15;2566
15;2566
15;2565
15;2565
15;2564
15;2564
15;2563
15;2563
15;2562
15;2562
15;2561
15;2561
15;2560
15;2560
15;2559
15;2559
15;2558
15;2558
15;2557
15;2557
15;2556
15;2556
15;2555
15;2555
15;2554
15;2554
15;2553
15;2553
15;2552
15;2552
15;2551
15;2551
15;2550
15;2550
15;2549
15;2549
15;2548
15;2548
15;2547
15;2547
15;2546
15;2546
15;2545
15;2545
15;2544
15;2544
15;2543
15;2543
15;2542
15;2542
15;2541
15;2541
15;2540
15;2540
15;2539
15;2539
15;2538
15;2538
15;2537
15;2537
15;2536
15;2536
15;2535
15;2535
15;2534
15;2534
15;2533
15;2533
15;2532
15;2532
15;2531
15;2531
15;2530
15;2530
15;2529
15;2529
15;2528
15;2528
15;2527
15;2527
15;2526
15;2526
15;2525
15;2525
15;2524
15;2524
15;2523
15;2523
15;2522
15;2522
15;2521
15;2521
15;2520
15;2520
15;2519
15;2519
15;2518
15;2518
15;2517
15;2517
15;2516
15;2516
15;2515
15;2515
15;2514
15;2514
15;2513
15;2513
15;2512
15;2512
15;2511
15;2511
15;2510
15;2510
15;2509
15;2509
15;2508
15;2508
15;2507
15;2507
15;2506
15;2506
15;2505
15;2505
15;2504
15;2504
15;2503
15;2503
15;2502
15;2502
15;2501
15;2501
15;2500
15;2500
15;2499
15;2499
15;2498
15;2498
15;2497
15;2497
15;2496
15;2496
15;2495
15;2495
15;2494
15;2494
15;2493
15;2493
15;2492
15;2492
15;2491
15;2491
15;2490
15;2490
15;2489
15;2489
15;2488
15;2488
15;2487
15;2487
15;2486
15;2486
15;2485
15;2485
15;2484
15;2484
15;2483
15;2483
15;2482
15;2482
15;2481
15;2481
15;2480
15;2480
15;2479
15;2479
15;2478
15;2478
15;2477
15;2477
15;2476
15;2476
15;2475
15;2475
15;2474
15;2474
15;2473
15;2473
15;2472
15;2472
15;2471
15;2471
15;2470
15;2470
15;2469
15;2469
15;2468
15;2468
15;2467
15;2467
15;2466
15;2466
15;2465
15;2465
15;2464
15;2464
15;2463
15;2463
15;2462
15;2462
15;2461
15;2461
15;2460
15;2460
15;2459
15;2459
15;2458
15;2458
15;2457
15;2457
15;2456
15;2456
15;2455
15;2455
15;2454
15;2454
15;2453
15;2453
15;2452
15;2452
15;2451
15;2451
15;2450
15;2450
15;2449
15;2449
15;2448
15;2448
15;2447
15;2447
15;2446
15;2446
15;2445
15;2445
15;2444
15;2444
15;2443
15;2443
15;2442
15;2442
15;2441
15;2441
15;2440
15;2440
15;2439
15;2439
15;2438
15;2438
15;2437
15;2437
15;2436
15;2436
15;2435
15;2435
15;2434
15;2434
15;2433
15;2433
15;2432
15;2432
15;2431
15;2431
15;2430
15;2430
15;2429
15;2429
15;2428
15;2428
15;2427
15;2427
15;2426
15;2426
15;2425
15;2425
15;2424
15;2424
15;2423
15;2423
15;2422
15;2422
15;2421
15;2421
15;2420
15;2420
15;2419
15;2419
15;2418
15;2418
15;2417
15;2417
15;2416
15;2416
15;2415
15;2415
15;2414
15;2414
15;2413
15;2413
15;2412
15;2412
15;2411
15;2411
15;2410
15;2410
15;2409
15;2409
15;2408
15;2408
15;2407
15;2407
15;2406
15;2406
15;2405
15;2405
15;2404
15;2404
15;2403
15;2403
15;2402
15;2402
15;2401
15;2401
15;2400
15;2400
15;2399
15;2399
15;2398
15;2398
15;2397
15;2397
15;2396
15;2396
15;2395
15;2395
15;2394
15;2394
15;2393
15;2393
15;2392
15;2392
15;2391
15;2391
15;2390
15;2390
15;2389
15;2389
15;2388
15;2388
15;2387
15;2387
15;2386
15;2386
15;2385
15;2385
15;2384
15;2384
15;2383
15;2383
15;2382
15;2382
15;2381
15;2381
15;2380
15;2380
15;2379
15;2379
15;2378
15;2378
15;2377
15;2377
15;2376
15;2376
15;2375
15;2375
15;2374
15;2374
15;2373
15;2373
15;2372
15;2372
15;2371
15;2371
15;2370
15;2370
15;2369
15;2369
15;2368
15;2368
15;2367
15;2367
15;2366
15;2366
15;2365
15;2365
15;2364
15;2364
15;2363
15;2363
15;2362
15;2362
15;2361
15;2361
15;2360
15;2360
15;2359
15;2359
15;2358
15;2358
15;2357
15;2357
15;2356
15;2356
15;2355
15;2355
15;2354
15;2354
15;2353
15;2353
15;2352
15;2352
15;2351
15;2351
15;2350
15;2350
15;2349
15;2349
15;2348
15;2348
15;2347
15;2347
15;2346
15;2346
15;2345
15;2345
15;2344
15;2344
15;2343
15;2343
15;2342
15;2342
15;2341
15;2341
15;2340
15;2340
15;2339
15;2339
15;2338
15;2338
15;2337
15;2337
15;2336
15;2336
15;2335
15;2335
15;2334
15;2334
15;2333
15;2333
15;2332
15;2332
15;2331
15;2331
15;2330
15;2330
15;2329
15;2329
15;2328
15;2328
15;2327
15;2327
15;2326
15;2326
15;2325
15;2325
15;2324
15;2324
15;2323
15;2323
15;2322
15;2322
15;2321
15;2321
15;2320
15;2320
15;2319
15;2319
15;2318
15;2318
15;2317
15;2317
15;2316
15;2316
15;2315
15;2315
15;2314
15;2314
15;2313
15;2313
15;2312
15;2312
15;2311
15;2311
15;2310
15;2310
15;2309
15;2309
15;2308
15;2308
15;2307
15;2307
15;2306
15;2306
15;2305
15;2305
15;2304
15;2304
15;2303
15;2303
15;2302
15;2302
15;2301
15;2301
15;2300
15;2300
15;2299
15;2299
15;2298
15;2298
15;2297
15;2297
15;2296
15;2296
15;2295
15;2295
15;2294
15;2294
15;2293
15;2293
15;2292
15;2292
15;2291
15;2291
15;2290
15;2290
15;2289
15;2289
15;2288
15;2288
15;2287
15;2287
15;2286
15;2286
15;2285
15;2285
15;2284
15;2284
15;2283
15;2283
15;2282
15;2282
15;2281
15;2281
15;2280
15;2280
15;2279
15;2279
15;2278
15;2278
15;2277
15;2277
15;2276
15;2276
15;2275
15;2275
15;2274
15;2274
15;2273
15;2273
15;2272
15;2272
15;2271
15;2271
15;2270
15;2270
15;2269
15;2269
15;2268
15;2268
15;2267
15;2267
15;2266
15;2266
15;2265
15;2265
15;2264
15;2264
15;2263
15;2263
15;2262
15;2262
15;2261
15;2261
15;2260
15;2260
15;2259
15;2259
15;2258
15;2258
15;2257
15;2257
15;2256
15;2256
15;2255
15;2255
15;2254
15;2254
15;2253
15;2253
15;2252
15;2252
15;2251
15;2251
15;2250
15;2250
15;2249
15;2249
15;2248
15;2248
15;2247
15;2247
15;2246
15;2246
15;2245
15;2245
15;2244
15;2244
15;2243
15;2243
15;2242
15;2242
15;2241
15;2241
15;2240
15;2240
15;2239
15;2239
15;2238
15;2238
15;2237
15;2237
15;2236
15;2236
15;2235
15;2235
15;2234
15;2234
15;2233
15;2233
15;2232
15;2232
15;2231
15;2231
15;2230
15;2230
15;2229
15;2229
15;2228
15;2228
15;2227
15;2227
15;2226
15;2226
15;2225
15;2225
15;2224
15;2224
15;2223
15;2223
15;2222
15;2222
15;2221
15;2221
15;2220
15;2220
15;2219
15;2219
15;2218
15;2218
15;2217
15;2217
15;2216
15;2216
15;2215
15;2215
15;2214
15;2214
15;2213
15;2213
15;2212
15;2212
15;2211
15;2211
15;2210
15;2210
15;2209
15;2209
15;2208
15;2208
15;2207
15;2207
15;2206
15;2206
15;2205
15;2205
15;2204
15;2204
15;2203
15;2203
15;2202
15;2202
15;2201
15;2201
15;2200
15;2200
15;2199
15;2199
15;2198
15;2198
15;2197
15;2197
15;2196
15;2196
15;2195
15;2195
15;2194
15;2194
15;2193
15;2193
15;2192
15;2192
15;2191
15;2191
15;2190
15;2190
15;2189
15;2189
15;2188
15;2188
15;2187
15;2187
15;2186
15;2186
15;2185
15;2185
15;2184
15;2184
15;2183
15;2183
15;2182
15;2182
15;2181
15;2181
15;2180
15;2180
15;2179
15;2179
15;2178
15;2178
15;2177
15;2177
15;2176
15;2176
15;2175
15;2175
15;2174
15;2174
15;2173
15;2173
15;2172
15;2172
15;2171
15;2171
15;2170
15;2170
15;2169
15;2169
15;2168
15;2168
15;2167
15;2167
15;2166
15;2166
15;2165
15;2165
15;2164
15;2164
15;2163
15;2163
15;2162
15;2162
15;2161
15;2161
15;2160
15;2160
15;2159
15;2159
15;2158
15;2158
15;2157
15;2157
15;2156
15;2156
15;2155
15;2155
15;2154
15;2154
15;2153
15;2153
15;2152
15;2152
15;2151
15;2151
15;2150
15;2150
15;2149
15;2149
15;2148
15;2148
15;2147
15;2147
15;2146
15;2146
15;2145
15;2145
15;2144
15;2144
15;2143
15;2143
15;2142
15;2142
15;2141
15;2141
15;2140
15;2140
15;2139
15;2139
15;2138
15;2138
15;2137
15;2137
15;2136
15;2136
15;2135
15;2135
15;2134
15;2134
15;2133
15;2133
15;2132
15;2132
15;2131
15;2131
15;2130
15;2130
15;2129
15;2129
15;2128
15;2128
15;2127
15;2127
15;2126
15;2126
15;2125
15;2125
15;2124
15;2124
15;2123
15;2123
15;2122
15;2122
15;2121
15;2121
15;2120
15;2120
15;2119
15;2119
15;2118
15;2118
15;2117
15;2117
15;2116
15;2116
15;2115
15;2115
15;2114
15;2114
15;2113
15;2113
15;2112
15;2112
15;2111
15;2111
15;2110
15;2110
15;2109
15;2109
15;2108
15;2108
15;2107
15;2107
15;2106
15;2106
15;2105
15;2105
15;2104
15;2104
15;2103
15;2103
15;2102
15;2102
15;2101
15;2101
15;2100
15;2100
15;2099
15;2099
15;2098
15;2098
15;2097
15;2097
15;2096
15;2096
15;2095
15;2095
15;2094
15;2094
15;2093
15;2093
15;2092
15;2092
15;2091
15;2091
15;2090
15;2090
15;2089
15;2089
15;2088
15;2088
15;2087
15;2087
15;2086
15;2086
15;2085
15;2085
15;2084
15;2084
15;2083
15;2083
15;2082
15;2082
15;2081
15;2081
15;2080
15;2080
15;2079
15;2079
15;2078
15;2078
15;2077
15;2077
15;2076
15;2076
15;2075
15;2075
15;2074
15;2074
15;2073
15;2073
15;2072
15;2072
15;2071
15;2071
15;2070
15;2070
15;2069
15;2069
15;2068
15;2068
15;2067
15;2067
15;2066
15;2066
15;2065
15;2065
15;2064
15;2064
15;2063
15;2063
15;2062
15;2062
15;2061
15;2061
15;2060
15;2060
15;2059
15;2059
15;2058
15;2058
15;2057
15;2057
15;2056
15;2056
15;2055
15;2055
15;2054
15;2054
15;2053
15;2053
15;2052
15;2052
15;2051
15;2051
15;2050
15;2050
15;2049
15;2049
15;2048
15;2048
15;2047
15;2047
15;2046
15;2046
15;2045
15;2045
15;2044
15;2044
15;2043
15;2043
15;2042
15;2042
15;2041
15;2041
15;2040
15;2040
15;2039
15;2039
15;2038
15;2038
15;2037
15;2037
15;2036
15;2036
15;2035
15;2035
15;2034
15;2034
15;2033
15;2033
15;2032
15;2032
15;2031
15;2031
15;2030
15;2030
15;2029
15;2029
15;2028
15;2028
15;2027
15;2027
15;2026
15;2026
15;2025
15;2025
15;2024
15;2024
15;2023
15;2023
15;2022
15;2022
15;2021
15;2021
15;2020
15;2020
15;2019
15;2019
15;2018
15;2018
15;2017
15;2017
15;2016
15;2016
15;2015
15;2015
15;2014
15;2014
15;2013
15;2013
15;2012
15;2012
15;2011
15;2011
15;2010
15;2010
15;2009
15;2009
15;2008
15;2008
15;2007
15;2007
15;2006
15;2006
15;2005
15;2005
15;2004
15;2004
15;2003
15;2003
15;2002
15;2002
15;2001
15;2001
15;2000
15;2000
15;1999
15;1999
15;1998
15;1998
15;1997
15;1997
15;1996
15;1996
15;1995
15;1995
15;1994
15;1994
15;1993
15;1993
15;1992
15;1992
15;1991
15;1991
15;1990
15;1990
15;1989
15;1989
15;1988
15;1988
15;1987
15;1987
15;1986
15;1986
15;1985
15;1985
15;1984
15;1984
15;1983
15;1983
15;1982
15;1982
15;1981
15;1981
15;1980
15;1980
15;1979
15;1979
15;1978
15;1978
15;1977
15;1977
15;1976
15;1976
15;1975
15;1975
15;1974
15;1974
15;1973
15;1973
15;1972
15;1972
15;1971
15;1971
15;1970
15;1970
15;1969
15;1969
15;1968
15;1968
15;1967
15;1967
15;1966
15;1966
15;1965
15;1965
15;1964
15;1964
15;1963
15;1963
15;1962
15;1962
15;1961
15;1961
15;1960
15;1960
15;1959
15;1959
15;1958
15;1958
15;1957
15;1957
15;1956
15;1956
15;1955
15;1955
15;1954
15;1954
15;1953
15;1953
15;1952
15;1952
15;1951
15;1951
15;1950
15;1950
15;1949
15;1949
15;1948
15;1948
15;1947
15;1947
15;1946
15;1946
15;1945
15;1945
15;1944
15;1944
15;1943
15;1943
15;1942
15;1942
15;1941
15;1941
15;1940
15;1940
15;1939
15;1939
15;1938
15;1938
15;1937
15;1937
15;1936
15;1936
15;1935
15;1935
15;1934
15;1934
15;1933
15;1933
15;1932
15;1932
15;1931
15;1931
15;1930
15;1930
15;1929
15;1929
15;1928
15;1928
15;1927
15;1927
15;1926
15;1926
15;1925
15;1925
15;1924
15;1924
15;1923
15;1923
15;1922
15;1922
15;1921
15;1921
15;1920
15;1920
15;1919
15;1919
15;1918
15;1918
15;1917
15;1917
15;1916
15;1916
15;1915
15;1915
15;1914
15;1914
15;1913
15;1913
15;1912
15;1912
15;1911
15;1911
15;1910
15;1910
15;1909
15;1909
15;1908
15;1908
15;1907
15;1907
15;1906
15;1906
15;1905
15;1905
15;1904
15;1904
15;1903
15;1903
15;1902
15;1902
15;1901
15;1901
15;1900
15;1900
15;1899
15;1899
15;1898
15;1898
15;1897
15;1897
15;1896
15;1896
15;1895
15;1895
15;1894
15;1894
15;1893
15;1893
15;1892
15;1892
15;1891
15;1891
15;1890
15;1890
15;1889
15;1889
15;1888
15;1888
15;1887
15;1887
15;1886
15;1886
15;1885
15;1885
15;1884
15;1884
15;1883
15;1883
15;1882
15;1882
15;1881
15;1881
15;1880
15;1880
15;1879
15;1879
15;1878
15;1878
15;1877
15;1877
15;1876
15;1876
15;1875
15;1875
15;1874
15;1874
15;1873
15;1873
15;1872
15;1872
15;1871
15;1871
15;1870
15;1870
15;1869
15;1869
15;1868
15;1868
15;1867
15;1867
15;1866
15;1866
15;1865
15;1865
15;1864
15;1864
15;1863
15;1863
15;1862
15;1862
15;1861
15;1861
15;1860
15;1860
15;1859
15;1859
15;1858
15;1858
15;1857
15;1857
15;1856
15;1856
15;1855
15;1855
15;1854
15;1854
15;1853
15;1853
15;1852
15;1852
15;1851
15;1851
15;1850
15;1850
15;1849
15;1849
15;1848
15;1848
15;1847
15;1847
15;1846
15;1846
15;1845
15;1845
15;1844
15;1844
15;1843
15;1843
15;1842
15;1842
15;1841
15;1841
15;1840
15;1840
15;1839
15;1839
15;1838
15;1838
15;1837
15;1837
15;1836
15;1836
15;1835
15;1835
15;1834
15;1834
15;1833
15;1833
15;1832
15;1832
15;1831
15;1831
15;1830
15;1830
15;1829
15;1829
15;1828
15;1828
15;1827
15;1827
15;1826
15;1826
15;1825
15;1825
15;1824
15;1824
15;1823
15;1823
15;1822
15;1822
15;1821
15;1821
15;1820
15;1820
15;1819
15;1819
15;1818
15;1818
15;1817
15;1817
15;1816
15;1816
15;1815
15;1815
15;1814
15;1814
15;1813
15;1813
15;1812
15;1812
15;1811
15;1811
15;1810
15;1810
15;1809
15;1809
15;1808
15;1808
15;1807
15;1807
15;1806
15;1806
15;1805
15;1805
15;1804
15;1804
15;1803
15;1803
15;1802
15;1802
15;1801
15;1801
15;1800
15;1800
15;1799
15;1799
15;1798
15;1798
15;1797
15;1797
15;1796
15;1796
15;1795
15;1795
15;1794
15;1794
15;1793
15;1793
15;1792
15;1792
15;1791
15;1791
15;1790
15;1790
15;1789
15;1789
15;1788
15;1788
15;1787
15;1787
15;1786
15;1786
15;1785
15;1785
15;1784
15;1784
15;1783
15;1783
15;1782
15;1782
15;1781
15;1781
15;1780
15;1780
15;1779
15;1779
15;1778
15;1778
15;1777
15;1777
15;1776
15;1776
15;1775
15;1775
15;1774
15;1774
15;1773
15;1773
15;1772
15;1772
15;1771
15;1771
15;1770
15;1770
15;1769
15;1769
15;1768
15;1768
15;1767
15;1767
15;1766
15;1766
15;1765
15;1765
15;1764
15;1764
15;1763
15;1763
15;1762
15;1762
15;1761
15;1761
15;1760
15;1760
15;1759
15;1759
15;1758
15;1758
15;1757
15;1757
15;1756
15;1756
15;1755
15;1755
15;1754
15;1754
15;1753
15;1753
15;1752
15;1752
15;1751
15;1751
15;1750
15;1750
15;1749
15;1749
15;1748
15;1748
15;1747
15;1747
15;1746
15;1746
15;1745
15;1745
15;1744
15;1744
15;1743
15;1743
15;1742
15;1742
15;1741
15;1741
15;1740
15;1740
15;1739
15;1739
15;1738
15;1738
15;1737
15;1737
15;1736
15;1736
15;1735
15;1735
15;1734
15;1734
15;1733
15;1733
15;1732
15;1732
15;1731
15;1731
15;1730
15;1730
15;1729
15;1729
15;1728
15;1728
15;1727
15;1727
15;1726
15;1726
15;1725
15;1725
15;1724
15;1724
15;1723
15;1723
15;1722
15;1722
15;1721
15;1721
15;1720
15;1720
15;1719
15;1719
15;1718
15;1718
15;1717
15;1717
15;1716
15;1716
15;1715
15;1715
15;1714
15;1714
15;1713
15;1713
15;1712
15;1712
15;1711
15;1711
15;1710
15;1710
15;1709
15;1709
15;1708
15;1708
15;1707
15;1707
15;1706
15;1706
15;1705
15;1705
15;1704
15;1704
15;1703
15;1703
15;1702
15;1702
15;1701
15;1701
15;1700
15;1700
15;1699
15;1699
15;1698
15;1698
15;1697
15;1697
15;1696
15;1696
15;1695
15;1695
15;1694
15;1694
15;1693
15;1693
15;1692
15;1692
15;1691
15;1691
15;1690
15;1690
15;1689
15;1689
15;1688
15;1688
15;1687
15;1687
15;1686
15;1686
15;1685
15;1685
15;1684
15;1684
15;1683
15;1683
15;1682
15;1682
15;1681
15;1681
15;1680
15;1680
15;1679
15;1679
15;1678
15;1678
15;1677
15;1677
15;1676
15;1676
15;1675
15;1675
15;1674
15;1674
15;1673
15;1673
15;1672
15;1672
15;1671
15;1671
15;1670
15;1670
15;1669
15;1669
15;1668
15;1668
15;1667
15;1667
15;1666
15;1666
15;1665
15;1665
15;1664
15;1664
15;1663
15;1663
15;1662
15;1662
15;1661
15;1661
15;1660
15;1660
15;1659
15;1659
15;1658
15;1658
15;1657
15;1657
15;1656
15;1656
15;1655
15;1655
15;1654
15;1654
15;1653
15;1653
15;1652
15;1652
15;1651
15;1651
15;1650
15;1650
15;1649
15;1649
15;1648
15;1648
15;1647
15;1647
15;1646
15;1646
15;1645
15;1645
15;1644
15;1644
15;1643
15;1643
15;1642
15;1642
15;1641
15;1641
15;1640
15;1640
15;1639
15;1639
15;1638
15;1638
15;1637
15;1637
15;1636
15;1636
15;1635
15;1635
15;1634
15;1634
15;1633
15;1633
15;1632
15;1632
15;1631
15;1631
15;1630
15;1630
15;1629
15;1629
15;1628
15;1628
15;1627
15;1627
15;1626
15;1626
15;1625
15;1625
15;1624
15;1624
15;1623
15;1623
15;1622
15;1622
15;1621
15;1621
15;1620
15;1620
15;1619
15;1619
15;1618
15;1618
15;1617
15;1617
15;1616
15;1616
15;1615
15;1615
15;1614
15;1614
15;1613
15;1613
15;1612
15;1612
15;1611
15;1611
15;1610
15;1610
15;1609
15;1609
15;1608
15;1608
15;1607
15;1607
15;1606
15;1606
15;1605
15;1605
15;1604
15;1604
15;1603
15;1603
15;1602
15;1602
15;1601
15;1601
15;1600
15;1600
15;1599
15;1599
15;1598
15;1598
15;1597
15;1597
15;1596
15;1596
15;1595
15;1595
15;1594
15;1594
15;1593
15;1593
15;1592
15;1592
15;1591
15;1591
15;1590
15;1590
15;1589
15;1589
15;1588
15;1588
15;1587
15;1587
15;1586
15;1586
15;1585
15;1585
15;1584
15;1584
15;1583
15;1583
15;1582
15;1582
15;1581
15;1581
15;1580
15;1580
15;1579
15;1579
15;1578
15;1578
15;1577
15;1577
15;1576
15;1576
15;1575
15;1575
15;1574
15;1574
15;1573
15;1573
15;1572
15;1572
15;1571
15;1571
15;1570
15;1570
15;1569
15;1569
15;1568
15;1568
15;1567
15;1567
15;1566
15;1566
15;1565
15;1565
15;1564
15;1564
15;1563
15;1563
15;1562
15;1562
15;1561
15;1561
15;1560
15;1560
15;1559
15;1559
15;1558
15;1558
15;1557
15;1557
15;1556
15;1556
15;1555
15;1555
15;1554
15;1554
15;1553
15;1553
15;1552
15;1552
15;1551
15;1551
15;1550
15;1550
15;1549
15;1549
15;1548
15;1548
15;1547
15;1547
15;1546
15;1546
15;1545
15;1545
15;1544
15;1544
15;1543
15;1543
15;1542
15;1542
15;1541
15;1541
15;1540
15;1540
15;1539
15;1539
15;1538
15;1538
15;1537
15;1537
15;1536
15;1536
15;1535
15;1535
15;1534
15;1534
15;1533
15;1533
15;1532
15;1532
15;1531
15;1531
15;1530
15;1530
15;1529
15;1529
15;1528
15;1528
15;1527
15;1527
15;1526
15;1526
15;1525
15;1525
15;1524
15;1524
15;1523
15;1523
15;1522
15;1522
15;1521
15;1521
15;1520
15;1520
15;1519
15;1519
15;1518
15;1518
15;1517
15;1517
15;1516
15;1516
15;1515
15;1515
15;1514
15;1514
15;1513
15;1513
15;1512
15;1512
15;1511
15;1511
15;1510
15;1510
15;1509
15;1509
15;1508
15;1508
15;1507
15;1507
15;1506
15;1506
15;1505
15;1505
15;1504
15;1504
15;1503
15;1503
15;1502
15;1502
15;1501
15;1501
15;1500
15;1500
15;1499
15;1499
15;1498
15;1498
15;1497
15;1497
15;1496
15;1496
15;1495
15;1495
15;1494
15;1494
15;1493
15;1493
15;1492
15;1492
15;1491
15;1491
15;1490
15;1490
15;1489
15;1489
15;1488
15;1488
15;1487
15;1487
15;1486
15;1486
15;1485
15;1485
15;1484
15;1484
15;1483
15;1483
15;1482
15;1482
15;1481
15;1481
15;1480
15;1480
15;1479
15;1479
15;1478
15;1478
15;1477
15;1477
15;1476
15;1476
15;1475
15;1475
15;1474
15;1474
15;1473
15;1473
15;1472
15;1472
15;1471
15;1471
15;1470
15;1470
15;1469
15;1469
15;1468
15;1468
15;1467
15;1467
15;1466
15;1466
15;1465
15;1465
15;1464
15;1464
15;1463
15;1463
15;1462
15;1462
15;1461
15;1461
15;1460
15;1460
15;1459
15;1459
15;1458
15;1458
15;1457
15;1457
15;1456
15;1456
15;1455
15;1455
15;1454
15;1454
15;1453
15;1453
15;1452
15;1452
15;1451
15;1451
15;1450
15;1450
15;1449
15;1449
15;1448
15;1448
15;1447
15;1447
15;1446
15;1446
15;1445
15;1445
15;1444
15;1444
15;1443
15;1443
15;1442
15;1442
15;1441
15;1441
15;1440
15;1440
15;1439
15;1439
15;1438
15;1438
15;1437
15;1437
15;1436
15;1436
15;1435
15;1435
15;1434
15;1434
15;1433
15;1433
15;1432
15;1432
15;1431
15;1431
15;1430
15;1430
15;1429
15;1429
15;1428
15;1428
15;1427
15;1427
15;1426
15;1426
15;1425
15;1425
15;1424
15;1424
15;1423
15;1423
15;1422
15;1422
15;1421
15;1421
15;1420
15;1420
15;1419
15;1419
15;1418
15;1418
15;1417
15;1417
15;1416
15;1416
15;1415
15;1415
15;1414
15;1414
15;1413
15;1413
15;1412
15;1412
15;1411
15;1411
15;1410
15;1410
15;1409
15;1409
15;1408
15;1408
15;1407
15;1407
15;1406
15;1406
15;1405
15;1405
15;1404
15;1404
15;1403
15;1403
15;1402
15;1402
15;1401
15;1401
15;1400
15;1400
15;1399
15;1399
15;1398
15;1398
15;1397
15;1397
15;1396
15;1396
15;1395
15;1395
15;1394
15;1394
15;1393
15;1393
15;1392
15;1392
15;1391
15;1391
15;1390
15;1390
15;1389
15;1389
15;1388
15;1388
15;1387
15;1387
15;1386
15;1386
15;1385
15;1385
15;1384
15;1384
15;1383
15;1383
15;1382
15;1382
15;1381
15;1381
15;1380
15;1380
15;1379
15;1379
15;1378
15;1378
15;1377
15;1377
15;1376
15;1376
15;1375
15;1375
15;1374
15;1374
15;1373
15;1373
15;1372
15;1372
15;1371
15;1371
15;1370
15;1370
15;1369
15;1369
15;1368
15;1368
15;1367
15;1367
15;1366
15;1366
15;1365
15;1365
15;1364
15;1364
15;1363
15;1363
15;1362
15;1362
15;1361
15;1361
15;1360
15;1360
15;1359
15;1359
15;1358
15;1358
15;1357
15;1357
15;1356
15;1356
15;1355
15;1355
15;1354
15;1354
15;1353
15;1353
15;1352
15;1352
15;1351
15;1351
15;1350
15;1350
15;1349
15;1349
15;1348
15;1348
15;1347
15;1347
15;1346
15;1346
15;1345
15;1345
15;1344
15;1344
15;1343
15;1343
15;1342
15;1342
15;1341
15;1341
15;1340
15;1340
15;1339
15;1339
15;1338
15;1338
15;1337
15;1337
15;1336
15;1336
15;1335
15;1335
15;1334
15;1334
15;1333
15;1333
15;1332
15;1332
15;1331
15;1331
15;1330
15;1330
15;1329
15;1329
15;1328
15;1328
15;1327
15;1327
15;1326
15;1326
15;1325
15;1325
15;1324
15;1324
15;1323
15;1323
15;1322
15;1322
15;1321
15;1321
16;1511
16;1511
16;1510
16;1510
16;1509
16;1509
16;1508
16;1508
16;1507
16;1507
16;1506
16;1506
16;1505
16;1505
16;1504
16;1504
16;1503
16;1503
16;1502
16;1502
16;1501
16;1501
16;1500
16;1500
16;1499
16;1499
16;1498
16;1498
16;1497
16;1497
16;1496
16;1496
16;1495
16;1495
16;1494
16;1494
16;1493
16;1493
16;1492
16;1492
16;1491
16;1491
16;1490
16;1490
16;1489
16;1489
16;1488
16;1488
16;1487
16;1487
16;1486
16;1486
16;1485
16;1485
16;1484
16;1484
16;1483
16;1483
16;1482
16;1482
16;1481
16;1481
16;1480
16;1480
16;1479
16;1479
16;1478
16;1478
16;1477
16;1477
16;1476
16;1476
16;1475
16;1475
16;1474
16;1474
16;1473
16;1473
16;1472
16;1472
16;1471
16;1471
16;1470
16;1470
16;1469
16;1469
16;1468
16;1468
16;1467
16;1467
16;1466
16;1466
16;1465
16;1465
16;1464
16;1464
16;1463
16;1463
16;1462
16;1462
16;1461
16;1461
16;1460
16;1460
16;1459
16;1459
16;1458
16;1458
16;1457
16;1457
16;1456
16;1456
16;1455
16;1455
16;1454
16;1454
16;1453
16;1453
16;1452
16;1452
16;1451
16;1451
16;1450
16;1450
16;1449
16;1449
16;1448
16;1448
16;1447
16;1447
16;1446
16;1446
16;1445
16;1445
16;1444
16;1444
16;1443
16;1443
16;1442
16;1442
16;1441
16;1441
16;1440
16;1440
16;1439
16;1439
16;1438
16;1438
16;1437
16;1437
16;1436
16;1436
16;1435
16;1435
16;1434
16;1434
16;1433
16;1433
16;1432
16;1432
16;1431
16;1431
16;1430
16;1430
16;1429
16;1429
16;1428
16;1428
16;1427
16;1427
16;1426
16;1426
16;1425
16;1425
16;1424
16;1424
16;1423
16;1423
16;1422
16;1422
16;1421
16;1421
16;1420
16;1420
16;1419
16;1419
16;1418
16;1418
16;1417
16;1417
16;1416
16;1416
16;1415
16;1415
16;1414
16;1414
16;1413
16;1413
16;1412
16;1412
16;1411
16;1411
16;1410
16;1410
16;1409
16;1409
16;1408
16;1408
16;1407
16;1407
16;1406
16;1406
16;1405
16;1405
16;1404
16;1404
16;1403
16;1403
16;1402
16;1402
16;1401
16;1401
16;1400
16;1400
16;1399
16;1399
16;1398
16;1398
16;1397
16;1397
16;1396
16;1396
16;1395
16;1395
16;1394
16;1394
16;1393
16;1393
16;1392
16;1392
16;1391
16;1391
16;1390
16;1390
16;1389
16;1389
16;1388
16;1388
16;1387
16;1387
16;1386
16;1386
16;1385
16;1385
16;1384
16;1384
16;1383
16;1383
16;1382
16;1382
16;1381
16;1381
16;1380
16;1380
16;1379
16;1379
16;1378
16;1378
16;1377
16;1377
16;1376
16;1376
16;1375
16;1375
16;1374
16;1374
16;1373
16;1373
16;1372
16;1372
16;1371
16;1371
16;1370
16;1370
16;1369
16;1369
16;1368
16;1368
16;1367
16;1367
16;1366
16;1366
16;1365
16;1365
16;1364
16;1364
16;1363
16;1363
16;1362
16;1362
16;1361
16;1361
16;1360
16;1360
16;1359
16;1359
16;1358
16;1358
16;1357
16;1357
16;1356
16;1356
16;1355
16;1355
16;1354
16;1354
16;1353
16;1353
16;1352
16;1352
16;1351
16;1351
16;1350
16;1350
16;1349
16;1349
16;1348
16;1348
16;1347
16;1347
16;1346
16;1346
16;1345
16;1345
16;1344
16;1344
16;1343
16;1343
16;1342
16;1342
16;1341
16;1341
16;1340
16;1340
16;1339
16;1339
16;1338
16;1338
16;1337
16;1337
16;1336
16;1336
16;1335
16;1335
16;1334
16;1334
16;1333
16;1333
16;1332
16;1332
16;1331
16;1331
16;1330
16;1330
16;1329
16;1329
16;1328
16;1328
16;1327
16;1327
16;1326
16;1326
16;1325
16;1325
16;1324
16;1324
16;1323
16;1323
16;1322
16;1322
16;1321
16;1321
16;1320
16;1320
16;1319
16;1319
16;1318
16;1318
16;1317
16;1317
16;1316
16;1316
16;1315
16;1315
16;1314
16;1314
16;1313
16;1313
16;1312
16;1312
16;1311
16;1311
16;1310
16;1310
16;1309
16;1309
16;1308
16;1308
16;1307
16;1307
16;1306
16;1306
16;1305
16;1305
16;1304
16;1304
16;1303
16;1303
16;1302
16;1302
16;1301
16;1301
16;1300
16;1300
16;1299
16;1299
16;1298
16;1298
16;1297
16;1297
16;1296
16;1296
16;1295
16;1295
16;1294
16;1294
16;1293
16;1293
16;1292
16;1292
16;1291
16;1291
16;1290
16;1290
16;1289
16;1289
16;1288
16;1288
16;1287
16;1287
16;1286
16;1286
16;1285
16;1285
16;1284
16;1284
16;1283
16;1283
16;1282
16;1282
16;1281
16;1281
16;1280
16;1280
16;1279
16;1279
16;1278
16;1278
16;1277
16;1277
16;1276
16;1276
16;1275
16;1275
16;1274
16;1274
16;1273
16;1273
16;1272
16;1272
16;1271
16;1271
16;1270
16;1270
16;1269
16;1269
16;1268
16;1268
16;1267
16;1267
16;1266
16;1266
16;1265
16;1265
16;1264
16;1264
16;1263
16;1263
16;1262
16;1262
16;1261
16;1261
16;1260
16;1260
16;1259
16;1259
16;1258
16;1258
16;1257
16;1257
16;1256
16;1256
16;1255
16;1255
16;1254
16;1254
16;1253
16;1253
16;1252
16;1252
16;1251
16;1251
16;1250
16;1250
16;1249
16;1249
16;1248
16;1248
16;1247
16;1247
16;1246
16;1246
16;1245
16;1245
16;1244
16;1244
16;1243
16;1243
16;1242
16;1242
16;1241
16;1241
16;1240
16;1240
16;1239
16;1239
16;1238
16;1238
16;1237
16;1237
16;1236
16;1236
16;1235
16;1235
16;1234
16;1234
16;1233
16;1233
16;1232
16;1232
16;1231
16;1231
16;1230
16;1230
16;1229
16;1229
16;1228
16;1228
16;1227
16;1227
16;1226
16;1226
16;1225
16;1225
16;1224
16;1224
16;1223
16;1223
16;1222
16;1222
16;1221
16;1221
16;1220
16;1220
16;1219
16;1219
16;1218
16;1218
16;1217
16;1217
16;1216
16;1216
16;1215
16;1215
16;1214
16;1214
16;1213
16;1213
16;1212
16;1212
16;1211
16;1211
16;1210
16;1210
16;1209
16;1209
16;1208
16;1208
16;1207
16;1207
16;1206
16;1206
16;1205
16;1205
16;1204
16;1204
16;1203
16;1203
16;1202
16;1202
16;1201
16;1201
16;1200
16;1200
16;1199
16;1199
16;1198
16;1198
16;1197
16;1197
16;1196
16;1196
16;1195
16;1195
16;1194
16;1194
16;1193
16;1193
16;1192
16;1192
16;1191
16;1191
16;1190
16;1190
16;1189
16;1189
16;1188
16;1188
16;1187
16;1187
16;1186
16;1186
16;1185
16;1185
16;1184
16;1184
16;1183
16;1183
16;1182
16;1182
16;1181
16;1181
16;1180
16;1180
16;1179
16;1179
16;1178
16;1178
16;1177
16;1177
16;1176
16;1176
16;1175
16;1175
16;1174
16;1174
16;1173
16;1173
16;1172
16;1172
16;1171
16;1171
16;1170
16;1170
16;1169
16;1169
16;1168
16;1168
16;1167
16;1167
16;1166
16;1166
16;1165
16;1165
16;1164
16;1164
16;1163
16;1163
16;1162
16;1162
16;1161
16;1161
16;1160
16;1160
16;1159
16;1159
16;1158
16;1158
16;1157
16;1157
16;1156
16;1156
16;1155
16;1155
16;1154
16;1154
16;1153
16;1153
16;1152
16;1152
16;1151
16;1151
16;1150
16;1150
16;1149
16;1149
16;1148
16;1148
16;1147
16;1147
16;1146
16;1146
16;1145
16;1145
16;1144
16;1144
16;1143
16;1143
16;1142
16;1142
16;1141
16;1141
16;1140
16;1140
16;1139
16;1139
16;1138
16;1138
16;1137
16;1137
16;1136
16;1136
16;1135
16;1135
16;1134
16;1134
16;1133
16;1133
16;1132
16;1132
16;1131
16;1131
16;1130
16;1130
16;1129
16;1129
16;1128
16;1128
16;1127
16;1127
16;1126
16;1126
16;1125
16;1125
16;1124
16;1124
16;1123
16;1123
16;1122
16;1122
16;1121
16;1121
16;1120
16;1120
16;1119
16;1119
16;1118
16;1118
16;1117
16;1117
16;1116
16;1116
16;1115
16;1115
16;1114
16;1114
16;1113
16;1113
16;1112
16;1112
16;1111
16;1111
16;1110
16;1110
16;1109
16;1109
16;1108
16;1108
16;1107
16;1107
16;1106
16;1106
16;1105
16;1105
16;1104
16;1104
16;1103
16;1103
16;1102
16;1102
16;1101
16;1101
16;1100
16;1100
16;1099
16;1099
16;1098
16;1098
16;1097
16;1097
16;1096
16;1096
16;1095
16;1095
16;1094
16;1094
16;1093
16;1093
16;1092
16;1092
16;1091
16;1091
16;1090
16;1090
16;1089
16;1089
16;1088
16;1088
16;1087
16;1087
16;1086
16;1086
16;1085
16;1085
16;1084
16;1084
16;1083
16;1083
16;1082
16;1082
16;1081
16;1081
16;1080
16;1080
16;1079
16;1079
16;1078
16;1078
16;1077
16;1077
16;1076
16;1076
16;1075
16;1075
16;1074
16;1074
16;1073
16;1073
16;1072
16;1072
16;1071
16;1071
16;1070
16;1070
16;1069
16;1069
16;1068
16;1068
16;1067
16;1067
16;1066
16;1066
16;1065
16;1065
16;1064
16;1064
16;1063
16;1063
16;1062
16;1062
16;1061
16;1061
16;1060
16;1060
16;1059
16;1059
16;1058
16;1058
16;1057
16;1057
16;1056
16;1056
16;1055
16;1055
16;1054
16;1054
16;1053
16;1053
16;1052
16;1052
16;1051
16;1051
16;1050
16;1050
16;1049
16;1049
16;1048
16;1048
16;1047
16;1047
16;1046
16;1046
16;1045
16;1045
16;1044
16;1044
16;1043
16;1043
16;1042
16;1042
16;1041
16;1041
16;1040
16;1040
16;1039
16;1039
16;1038
16;1038
16;1037
16;1037
16;1036
16;1036
16;1035
16;1035
16;1034
16;1034
16;1033
16;1033
16;1032
16;1032
16;1031
16;1031
16;1030
16;1030
16;1029
16;1029
16;1028
16;1028
16;1027
16;1027
16;1026
16;1026
16;1025
16;1025
16;1024
16;1024
16;1023
16;1023
16;1022
16;1022
16;1021
16;1021
16;1020
16;1020
16;1019
16;1019
16;1018
16;1018
16;1017
16;1017
16;1016
16;1016
16;1015
16;1015
16;1014
16;1014
16;1013
16;1013
16;1012
16;1012
16;1011
16;1011
16;1010
16;1010
16;1009
16;1009
16;1008
16;1008
16;1007
16;1007
16;1006
16;1006
16;1005
16;1005
16;1004
16;1004
16;1003
16;1003
16;1002
16;1002
16;1001
16;1001
16;1000
16;1000
16;999
16;999
16;998
16;998
16;997
16;997
16;996
16;996
16;995
16;995
16;994
16;994
16;993
16;993
16;992
16;992
16;991
16;991
16;990
16;990
16;989
16;989
16;988
16;988
16;987
16;987
16;986
16;986
16;985
16;985
16;984
16;984
16;983
16;983
16;982
16;982
16;981
16;981
16;980
16;980
16;979
16;979
16;978
16;978
16;977
16;977
16;976
16;976
16;975
16;975
16;974
16;974
16;973
16;973
16;972
16;972
16;971
16;971
16;970
16;970
16;969
16;969
16;968
16;968
16;967
16;967
16;966
16;966
16;965
16;965
16;964
16;964
16;963
16;963
16;962
16;962
16;961
16;961
16;960
16;960
16;959
16;959
16;958
16;958
16;957
16;957
16;956
16;956
16;955
16;955
16;954
16;954
16;953
16;953
16;952
16;952
16;951
16;951
16;950
16;950
16;949
16;949
16;948
16;948
16;947
16;947
16;946
16;946
16;945
16;945
16;944
16;944
16;943
16;943
16;942
16;942
16;941
16;941
16;940
16;940
16;939
16;939
16;938
16;938
16;937
16;937
16;936
16;936
16;935
16;935
16;934
16;934
16;933
16;933
16;932
16;932
16;931
16;931
16;930
16;930
16;929
16;929
16;928
16;928
16;927
16;927
16;926
16;926
16;925
16;925
16;924
16;924
16;923
16;923
16;922
16;922
16;921
16;921
16;920
16;920
16;919
16;919
16;918
16;918
16;917
16;917
16;916
16;916
16;915
16;915
16;914
16;914
16;913
16;913
16;912
16;912
16;911
16;911
16;910
16;910
16;909
16;909
16;908
16;908
16;907
16;907
16;906
16;906
16;905
16;905
16;904
16;904
16;903
16;903
16;902
16;902
16;901
16;901
16;900
16;900
16;899
16;899
16;898
16;898
16;897
16;897
16;896
16;896
16;895
16;895
16;894
16;894
16;893
16;893
16;892
16;892
16;891
16;891
16;890
16;890
16;889
16;889
16;888
16;888
16;887
16;887
16;886
16;886
16;885
16;885
16;884
16;884
16;883
16;883
16;882
16;882
16;881
16;881
16;880
16;880
16;879
16;879
16;878
16;878
16;877
16;877
16;876
16;876
16;875
16;875
16;874
16;874
16;873
16;873
16;872
16;872
16;871
16;871
16;870
16;870
16;869
16;869
16;868
16;868
16;867
16;867
16;866
16;866
16;865
16;865
16;864
16;864
16;863
16;863
16;862
16;862
16;861
16;861
16;860
16;860
16;859
16;859
16;858
16;858
16;857
16;857
16;856
16;856
16;855
16;855
16;854
16;854
16;853
16;853
16;852
16;852
16;851
16;851
16;850
16;850
16;849
16;849
16;848
16;848
16;847
16;847
16;846
16;846
16;845
16;845
16;844
16;844
16;843
16;843
16;842
16;842
16;841
16;841
16;840
16;840
16;839
16;839
16;838
16;838
16;837
16;837
16;836
16;836
16;835
16;835
16;834
16;834
16;833
16;833
16;832
16;832
16;831
16;831
16;830
16;830
16;829
16;829
16;828
16;828
16;827
16;827
16;826
16;826
16;825
16;825
16;824
16;824
16;823
16;823
16;822
16;822
16;821
16;821
16;820
16;820
16;819
16;819
16;818
16;818
16;817
16;817
16;816
16;816
16;815
16;815
16;814
16;814
16;813
16;813
16;812
16;812
16;811
16;811
16;810
16;810
16;809
16;809
16;808
16;808
16;807
16;807
16;806
16;806
16;805
16;805
16;804
16;804
16;803
16;803
16;802
16;802
16;801
16;801
16;800
16;800
16;799
16;799
16;798
16;798
16;797
16;797
16;796
16;796
16;795
16;795
16;794
16;794
16;793
16;793
16;792
16;792
16;791
16;791
16;790
16;790
16;789
16;789
16;788
16;788
16;787
16;787
16;786
16;786
16;785
16;785
16;784
16;784
16;783
16;783
16;782
16;782
16;781
16;781
16;780
16;780
16;779
16;779
16;778
16;778
16;777
16;777
16;776
16;776
16;775
16;775
16;774
16;774
16;773
16;773
16;772
16;772
16;771
16;771
16;770
16;770
16;769
16;769
16;768
16;768
16;767
16;767
16;766
16;766
16;765
16;765
16;764
16;764
16;763
16;763
16;762
16;762
16;761
16;761
16;760
16;760
16;759
16;759
16;758
16;758
16;757
16;757
16;756
16;756
16;755
16;755
16;754
16;754
16;753
16;753
16;752
16;752
16;751
16;751
16;750
16;750
16;749
16;749
16;748
16;748
16;747
16;747
16;746
16;746
16;745
16;745
16;744
16;744
16;743
16;743
16;742
16;742
16;741
16;741
16;740
16;740
16;739
16;739
16;738
16;738
16;737
16;737
16;736
16;736
16;735
16;735
16;734
16;734
16;733
16;733
16;732
16;732
16;731
16;731
16;730
16;730
16;729
16;729
16;728
16;728
16;727
16;727
16;726
16;726
16;725
16;725
16;724
16;724
16;723
16;723
16;722
16;722
16;721
16;721
16;720
16;720
16;719
16;719
16;718
16;718
16;717
16;717
16;716
16;716
16;715
16;715
16;714
16;714
16;713
16;713
16;712
16;712
16;711
16;711
16;710
16;710
16;709
16;709
16;708
16;708
16;707
16;707
16;706
16;706
16;705
16;705
16;704
16;704
16;703
16;703
16;702
16;702
16;701
16;701
16;700
16;700
16;699
16;699
16;698
16;698
16;697
16;697
16;696
16;696
16;695
16;695
16;694
16;694
16;693
16;693
16;692
16;692
16;691
16;691
16;690
16;690
16;689
16;689
16;688
16;688
16;687
16;687
16;686
16;686
16;685
16;685
16;684
16;684
16;683
16;683
16;682
16;682
16;681
16;681
16;680
16;680
16;679
16;679
16;678
16;678
16;677
16;677
16;676
16;676
16;675
16;675
16;674
16;674
16;673
16;673
16;672
16;672
16;671
16;671
16;670
16;670
16;669
16;669
16;668
16;668
16;667
16;667
16;666
16;666
16;665
16;665
16;664
16;664
16;663
16;663
16;662
16;662
16;661
16;661
16;660
16;660
16;659
16;659
16;658
16;658
16;657
17;1846
17;1846
17;1845
17;1845
17;1844
17;1844
17;1843
17;1843
17;1842
17;1842
17;1841
17;1841
17;1840
17;1840
17;1839
17;1839
17;1838
17;1838
17;1837
17;1837
17;1836
17;1836
17;1835
17;1835
17;1834
17;1834
17;1833
17;1833
17;1832
17;1832
17;1831
17;1831
17;1830
17;1830
17;1829
17;1829
17;1828
17;1828
17;1827
17;1827
17;1826
17;1826
17;1825
17;1825
17;1824
17;1824
17;1823
17;1823
17;1822
17;1822
17;1821
17;1821
17;1820
17;1820
17;1819
17;1819
17;1818
17;1818
17;1817
17;1817
17;1816
17;1816
17;1815
17;1815
17;1814
17;1814
17;1813
17;1813
17;1812
17;1812
17;1811
17;1811
17;1810
17;1810
17;1809
17;1809
17;1808
17;1808
17;1807
17;1807
17;1806
17;1806
17;1805
17;1805
17;1804
17;1804
17;1803
17;1803
17;1802
17;1802
17;1801
17;1801
17;1800
17;1800
17;1799
17;1799
17;1798
17;1798
17;1797
17;1797
17;1796
17;1796
17;1795
17;1795
17;1794
17;1794
17;1793
17;1793
17;1792
17;1792
17;1791
17;1791
17;1790
17;1790
17;1789
17;1789
17;1788
17;1788
17;1787
17;1787
17;1786
17;1786
17;1785
17;1785
17;1784
17;1784
17;1783
17;1783
17;1782
17;1782
17;1781
17;1781
17;1780
17;1780
17;1779
17;1779
17;1778
17;1778
17;1777
17;1777
17;1776
17;1776
17;1775
17;1775
17;1774
17;1774
17;1773
17;1773
17;1772
17;1772
17;1771
17;1771
17;1770
17;1770
17;1769
17;1769
17;1768
17;1768
17;1767
17;1767
17;1766
17;1766
17;1765
17;1765
17;1764
17;1764
17;1763
17;1763
17;1762
17;1762
17;1761
17;1761
17;1760
17;1760
17;1759
17;1759
17;1758
17;1758
17;1757
17;1757
17;1756
17;1756
17;1755
17;1755
17;1754
17;1754
17;1753
17;1753
17;1752
17;1752
17;1751
17;1751
17;1750
17;1750
17;1749
17;1749
17;1748
17;1748
17;1747
17;1747
17;1746
17;1746
17;1745
17;1745
17;1744
17;1744
17;1743
17;1743
17;1742
17;1742
17;1741
17;1741
17;1740
17;1740
17;1739
17;1739
17;1738
17;1738
17;1737
17;1737
17;1736
17;1736
17;1735
17;1735
17;1734
17;1734
17;1733
17;1733
17;1732
17;1732
17;1731
17;1731
17;1730
17;1730
17;1729
17;1729
17;1728
17;1728
17;1727
17;1727
17;1726
17;1726
17;1725
17;1725
17;1724
17;1724
17;1723
17;1723
17;1722
17;1722
17;1721
17;1721
17;1720
17;1720
17;1719
17;1719
17;1718
17;1718
17;1717
17;1717
17;1716
17;1716
17;1715
17;1715
17;1714
17;1714
17;1713
17;1713
17;1712
17;1712
17;1711
17;1711
17;1710
17;1710
17;1709
17;1709
17;1708
17;1708
17;1707
17;1707
17;1706
17;1706
17;1705
17;1705
17;1704
17;1704
17;1703
17;1703
17;1702
17;1702
17;1701
17;1701
17;1700
17;1700
17;1699
17;1699
17;1698
17;1698
17;1697
17;1697
17;1696
17;1696
17;1695
17;1695
17;1694
17;1694
17;1693
17;1693
17;1692
17;1692
17;1691
17;1691
17;1690
17;1690
17;1689
17;1689
17;1688
17;1688
17;1687
17;1687
17;1686
17;1686
17;1685
17;1685
17;1684
17;1684
17;1683
17;1683
17;1682
17;1682
17;1681
17;1681
17;1680
17;1680
17;1679
17;1679
17;1678
17;1678
17;1677
17;1677
17;1676
17;1676
17;1675
17;1675
17;1674
17;1674
17;1673
17;1673
17;1672
17;1672
17;1671
17;1671
17;1670
17;1670
17;1669
17;1669
17;1668
17;1668
17;1667
17;1667
17;1666
17;1666
17;1665
17;1665
17;1664
17;1664
17;1663
17;1663
17;1662
17;1662
17;1661
17;1661
17;1660
17;1660
17;1659
17;1659
17;1658
17;1658
17;1657
17;1657
17;1656
17;1656
17;1655
17;1655
17;1654
17;1654
17;1653
17;1653
17;1652
17;1652
17;1651
17;1651
17;1650
17;1650
17;1649
17;1649
17;1648
17;1648
17;1647
17;1647
17;1646
17;1646
17;1645
17;1645
17;1644
17;1644
17;1643
17;1643
17;1642
17;1642
17;1641
17;1641
17;1640
17;1640
17;1639
17;1639
17;1638
17;1638
17;1637
17;1637
17;1636
17;1636
17;1635
17;1635
17;1634
17;1634
17;1633
17;1633
17;1632
17;1632
17;1631
17;1631
17;1630
17;1630
17;1629
17;1629
17;1628
17;1628
17;1627
17;1627
17;1626
17;1626
17;1625
17;1625
17;1624
17;1624
17;1623
17;1623
17;1622
17;1622
17;1621
17;1621
17;1620
17;1620
17;1619
17;1619
17;1618
17;1618
17;1617
17;1617
17;1616
17;1616
17;1615
17;1615
17;1614
17;1614
17;1613
17;1613
17;1612
17;1612
17;1611
17;1611
17;1610
17;1610
17;1609
17;1609
17;1608
17;1608
17;1607
17;1607
17;1606
17;1606
17;1605
17;1605
17;1604
17;1604
17;1603
17;1603
17;1602
17;1602
17;1601
17;1601
17;1600
17;1600
17;1599
17;1599
17;1598
17;1598
17;1597
17;1597
17;1596
17;1596
17;1595
17;1595
17;1594
17;1594
17;1593
17;1593
17;1592
17;1592
17;1591
17;1591
17;1590
17;1590
17;1589
17;1589
17;1588
17;1588
17;1587
17;1587
17;1586
17;1586
17;1585
17;1585
17;1584
17;1584
17;1583
17;1583
17;1582
17;1582
17;1581
17;1581
17;1580
17;1580
17;1579
17;1579
17;1578
17;1578
17;1577
17;1577
17;1576
17;1576
17;1575
17;1575
17;1574
17;1574
17;1573
17;1573
17;1572
17;1572
17;1571
17;1571
17;1570
17;1570
17;1569
17;1569
17;1568
17;1568
17;1567
17;1567
17;1566
17;1566
17;1565
17;1565
17;1564
17;1564
17;1563
17;1563
17;1562
17;1562
17;1561
17;1561
17;1560
17;1560
17;1559
17;1559
17;1558
17;1558
17;1557
17;1557
17;1556
17;1556
17;1555
17;1555
17;1554
17;1554
17;1553
17;1553
17;1552
17;1552
17;1551
17;1551
17;1550
17;1550
17;1549
17;1549
17;1548
17;1548
17;1547
17;1547
17;1546
17;1546
17;1545
17;1545
17;1544
17;1544
17;1543
17;1543
17;1542
17;1542
17;1541
17;1541
17;1540
17;1540
17;1539
17;1539
17;1538
17;1538
17;1537
17;1537
17;1536
17;1536
17;1535
17;1535
17;1534
17;1534
17;1533
17;1533
17;1532
17;1532
17;1531
17;1531
17;1530
17;1530
17;1529
17;1529
17;1528
17;1528
17;1527
17;1527
17;1526
17;1526
17;1525
17;1525
17;1524
17;1524
17;1523
17;1523
17;1522
17;1522
17;1521
17;1521
17;1520
17;1520
17;1519
17;1519
17;1518
17;1518
17;1517
17;1517
17;1516
17;1516
17;1515
17;1515
17;1514
17;1514
17;1513
17;1513
17;1512
17;1512
17;1511
17;1511
17;1510
17;1510
17;1509
17;1509
17;1508
17;1508
17;1507
17;1507
17;1506
17;1506
17;1505
17;1505
17;1504
17;1504
17;1503
17;1503
17;1502
17;1502
17;1501
17;1501
17;1500
17;1500
17;1499
17;1499
17;1498
17;1498
17;1497
17;1497
17;1496
17;1496
17;1495
17;1495
17;1494
17;1494
17;1493
17;1493
17;1492
17;1492
17;1491
17;1491
17;1490
17;1490
17;1489
17;1489
17;1488
17;1488
17;1487
17;1487
17;1486
17;1486
17;1485
17;1485
17;1484
17;1484
17;1483
17;1483
17;1482
17;1482
17;1481
17;1481
17;1480
17;1480
17;1479
17;1479
17;1478
17;1478
17;1477
17;1477
17;1476
17;1476
17;1475
17;1475
17;1474
17;1474
17;1473
17;1473
17;1472
17;1472
17;1471
17;1471
17;1470
17;1470
17;1469
17;1469
17;1468
17;1468
17;1467
17;1467
17;1466
17;1466
17;1465
17;1465
17;1464
17;1464
17;1463
17;1463
17;1462
17;1462
17;1461
17;1461
17;1460
17;1460
17;1459
17;1459
17;1458
17;1458
17;1457
17;1457
17;1456
17;1456
17;1455
17;1455
17;1454
17;1454
17;1453
17;1453
17;1452
17;1452
17;1451
17;1451
17;1450
17;1450
17;1449
17;1449
17;1448
17;1448
17;1447
17;1447
17;1446
17;1446
17;1445
17;1445
17;1444
17;1444
17;1443
17;1443
17;1442
17;1442
17;1441
17;1441
17;1440
17;1440
17;1439
17;1439
17;1438
17;1438
17;1437
17;1437
17;1436
17;1436
17;1435
17;1435
17;1434
17;1434
17;1433
17;1433
17;1432
17;1432
17;1431
17;1431
17;1430
17;1430
17;1429
17;1429
17;1428
17;1428
17;1427
17;1427
17;1426
17;1426
17;1425
17;1425
17;1424
17;1424
17;1423
17;1423
17;1422
17;1422
17;1421
17;1421
17;1420
17;1420
17;1419
17;1419
17;1418
17;1418
17;1417
17;1417
17;1416
17;1416
17;1415
17;1415
17;1414
17;1414
17;1413
17;1413
17;1412
17;1412
17;1411
17;1411
17;1410
17;1410
17;1409
17;1409
17;1408
17;1408
17;1407
17;1407
17;1406
17;1406
17;1405
17;1405
17;1404
17;1404
17;1403
17;1403
17;1402
17;1402
17;1401
17;1401
17;1400
17;1400
17;1399
17;1399
17;1398
17;1398
17;1397
17;1397
17;1396
17;1396
17;1395
17;1395
17;1394
17;1394
17;1393
17;1393
17;1392
17;1392
17;1391
17;1391
17;1390
17;1390
17;1389
17;1389
17;1388
17;1388
17;1387
17;1387
17;1386
17;1386
17;1385
17;1385
17;1384
17;1384
17;1383
17;1383
17;1382
17;1382
17;1381
17;1381
17;1380
17;1380
17;1379
17;1379
17;1378
17;1378
17;1377
17;1377
17;1376
17;1376
17;1375
17;1375
17;1374
17;1374
17;1373
17;1373
17;1372
17;1372
17;1371
17;1371
17;1370
17;1370
17;1369
17;1369
17;1368
17;1368
17;1367
17;1367
17;1366
17;1366
17;1365
17;1365
17;1364
17;1364
17;1363
17;1363
17;1362
17;1362
17;1361
17;1361
17;1360
17;1360
17;1359
17;1359
17;1358
17;1358
17;1357
17;1357
17;1356
17;1356
17;1355
17;1355
17;1354
17;1354
17;1353
17;1353
17;1352
17;1352
17;1351
17;1351
17;1350
17;1350
17;1349
17;1349
17;1348
17;1348
17;1347
17;1347
17;1346
17;1346
17;1345
17;1345
17;1344
17;1344
17;1343
17;1343
17;1342
17;1342
17;1341
17;1341
17;1340
17;1340
17;1339
17;1339
17;1338
17;1338
17;1337
17;1337
17;1336
17;1336
17;1335
17;1335
17;1334
17;1334
17;1333
17;1333
17;1332
17;1332
17;1331
17;1331
17;1330
17;1330
17;1329
17;1329
17;1328
17;1328
17;1327
17;1327
17;1326
17;1326
17;1325
17;1325
17;1324
17;1324
17;1323
17;1323
17;1322
17;1322
17;1321
17;1321
17;1320
17;1320
17;1319
17;1319
17;1318
17;1318
17;1317
17;1317
17;1316
17;1316
17;1315
17;1315
17;1314
17;1314
17;1313
17;1313
17;1312
17;1312
17;1311
17;1311
17;1310
17;1310
17;1309
17;1309
17;1308
17;1308
17;1307
17;1307
17;1306
17;1306
17;1305
17;1305
17;1304
17;1304
17;1303
17;1303
17;1302
17;1302
17;1301
17;1301
17;1300
17;1300
17;1299
17;1299
17;1298
17;1298
17;1297
17;1297
17;1296
17;1296
17;1295
17;1295
17;1294
17;1294
17;1293
17;1293
17;1292
17;1292
17;1291
17;1291
17;1290
17;1290
17;1289
17;1289
17;1288
17;1288
17;1287
17;1287
17;1286
17;1286
17;1285
17;1285
17;1284
17;1284
17;1283
17;1283
17;1282
17;1282
17;1281
17;1281
17;1280
17;1280
17;1279
17;1279
17;1278
17;1278
17;1277
17;1277
17;1276
17;1276
17;1275
17;1275
17;1274
17;1274
17;1273
17;1273
17;1272
17;1272
17;1271
17;1271
17;1270
17;1270
17;1269
17;1269
17;1268
17;1268
17;1267
17;1267
17;1266
17;1266
17;1265
17;1265
17;1264
17;1264
17;1263
17;1263
17;1262
17;1262
17;1261
17;1261
17;1260
17;1260
17;1259
17;1259
17;1258
17;1258
17;1257
17;1257
17;1256
17;1256
17;1255
17;1255
17;1254
17;1254
17;1253
17;1253
17;1252
17;1252
17;1251
17;1251
17;1250
17;1250
17;1249
17;1249
17;1248
17;1248
17;1247
17;1247
17;1246
17;1246
17;1245
17;1245
17;1244
17;1244
17;1243
17;1243
17;1242
17;1242
17;1241
17;1241
17;1240
17;1240
17;1239
17;1239
17;1238
17;1238
17;1237
17;1237
17;1236
17;1236
17;1235
17;1235
17;1234
17;1234
17;1233
17;1233
17;1232
17;1232
17;1231
17;1231
17;1230
17;1230
17;1229
17;1229
17;1228
17;1228
17;1227
17;1227
17;1226
17;1226
17;1225
17;1225
17;1224
17;1224
17;1223
17;1223
17;1222
17;1222
17;1221
17;1221
17;1220
17;1220
17;1219
17;1219
17;1218
17;1218
17;1217
17;1217
17;1216
17;1216
17;1215
17;1215
17;1214
17;1214
17;1213
17;1213
17;1212
17;1212
17;1211
17;1211
17;1210
17;1210
17;1209
17;1209
17;1208
17;1208
17;1207
17;1207
17;1206
17;1206
17;1205
17;1205
17;1204
17;1204
17;1203
17;1203
17;1202
17;1202
17;1201
17;1201
17;1200
17;1200
17;1199
17;1199
17;1198
17;1198
17;1197
17;1197
17;1196
17;1196
17;1195
17;1195
17;1194
17;1194
17;1193
17;1193
17;1192
17;1192
17;1191
17;1191
17;1190
17;1190
17;1189
17;1189
17;1188
17;1188
17;1187
17;1187
17;1186
17;1186
17;1185
17;1185
17;1184
17;1184
17;1183
17;1183
17;1182
17;1182
17;1181
17;1181
17;1180
17;1180
17;1179
17;1179
17;1178
17;1178
17;1177
17;1177
17;1176
17;1176
17;1175
17;1175
17;1174
17;1174
17;1173
17;1173
17;1172
17;1172
17;1171
17;1171
17;1170
17;1170
17;1169
17;1169
17;1168
17;1168
17;1167
17;1167
17;1166
17;1166
17;1165
17;1165
17;1164
17;1164
17;1163
17;1163
17;1162
17;1162
17;1161
17;1161
17;1160
17;1160
17;1159
17;1159
17;1158
17;1158
17;1157
17;1157
17;1156
17;1156
17;1155
17;1155
17;1154
17;1154
17;1153
17;1153
17;1152
17;1152
17;1151
17;1151
17;1150
17;1150
17;1149
17;1149
17;1148
17;1148
17;1147
17;1147
17;1146
17;1146
17;1145
17;1145
17;1144
17;1144
17;1143
17;1143
17;1142
17;1142
17;1141
17;1141
17;1140
17;1140
17;1139
17;1139
17;1138
17;1138
17;1137
17;1137
17;1136
17;1136
17;1135
17;1135
17;1134
17;1134
17;1133
17;1133
17;1132
17;1132
17;1131
17;1131
17;1130
17;1130
17;1129
17;1129
17;1128
17;1128
17;1127
17;1127
17;1126
17;1126
17;1125
17;1125
17;1124
17;1124
17;1123
17;1123
17;1122
17;1122
17;1121
17;1121
17;1120
17;1120
17;1119
17;1119
17;1118
17;1118
17;1117
17;1117
17;1116
17;1116
17;1115
17;1115
17;1114
17;1114
17;1113
17;1113
17;1112
17;1112
17;1111
17;1111
17;1110
17;1110
17;1109
17;1109
17;1108
17;1108
17;1107
17;1107
17;1106
17;1106
17;1105
17;1105
17;1104
17;1104
17;1103
17;1103
17;1102
17;1102
17;1101
17;1101
17;1100
17;1100
17;1099
17;1099
17;1098
17;1098
17;1097
17;1097
17;1096
17;1096
17;1095
17;1095
17;1094
17;1094
17;1093
17;1093
17;1092
17;1092
17;1091
17;1091
17;1090
17;1090
17;1089
17;1089
17;1088
17;1088
17;1087
17;1087
17;1086
17;1086
17;1085
17;1085
17;1084
17;1084
17;1083
17;1083
17;1082
17;1082
17;1081
17;1081
17;1080
17;1080
17;1079
17;1079
17;1078
17;1078
17;1077
17;1077
17;1076
17;1076
17;1075
17;1075
17;1074
17;1074
17;1073
17;1073
17;1072
17;1072
17;1071
17;1071
17;1070
17;1070
17;1069
17;1069
17;1068
17;1068
17;1067
17;1067
17;1066
17;1066
17;1065
17;1065
17;1064
17;1064
17;1063
17;1063
17;1062
17;1062
17;1061
17;1061
17;1060
17;1060
17;1059
17;1059
17;1058
17;1058
17;1057
17;1057
17;1056
17;1056
17;1055
17;1055
17;1054
17;1054
17;1053
17;1053
17;1052
17;1052
17;1051
17;1051
17;1050
17;1050
17;1049
17;1049
17;1048
17;1048
17;1047
17;1047
17;1046
17;1046
17;1045
17;1045
17;1044
17;1044
17;1043
17;1043
17;1042
17;1042
17;1041
17;1041
17;1040
17;1040
17;1039
17;1039
17;1038
17;1038
17;1037
17;1037
17;1036
17;1036
17;1035
17;1035
17;1034
17;1034
17;1033
17;1033
17;1032
17;1032
17;1031
17;1031
17;1030
17;1030
17;1029
17;1029
17;1028
17;1028
17;1027
17;1027
17;1026
17;1026
17;1025
17;1025
17;1024
17;1024
17;1023
17;1023
17;1022
17;1022
17;1021
17;1021
17;1020
17;1020
17;1019
17;1019
17;1018
17;1018
17;1017
17;1017
17;1016
17;1016
17;1015
17;1015
17;1014
17;1014
17;1013
17;1013
17;1012
17;1012
17;1011
17;1011
17;1010
17;1010
17;1009
17;1009
17;1008
17;1008
17;1007
17;1007
17;1006
17;1006
17;1005
17;1005
17;1004
17;1004
17;1003
17;1003
17;1002
17;1002
17;1001
17;1001
17;1000
17;1000
17;999
17;999
17;998
17;998
17;997
17;997
17;996
17;996
17;995
17;995
17;994
17;994
17;993
17;993
17;992
17;992
17;991
17;991
17;990
17;990
17;989
17;989
17;988
17;988
17;987
17;987
17;986
17;986
17;985
17;985
17;984
17;984
17;983
17;983
17;982
17;982
17;981
17;981
17;980
17;980
17;979
17;979
17;978
17;978
17;977
17;977
17;976
17;976
17;975
17;975
17;974
17;974
17;973
17;973
17;972
17;972
17;971
17;971
17;970
17;970
17;969
17;969
17;968
17;968
17;967
17;967
17;966
17;966
17;965
17;965
17;964
17;964
17;963
17;963
17;962
17;962
17;961
17;961
17;960
17;960
17;959
17;959
17;958
17;958
17;957
17;957
17;956
17;956
17;955
17;955
17;954
17;954
17;953
17;953
17;952
17;952
17;951
17;951
17;950
17;950
17;949
17;949
17;948
17;948
17;947
17;947
17;946
17;946
17;945
17;945
17;944
17;944
17;943
17;943
17;942
17;942
17;941
17;941
17;940
17;940
17;939
17;939
17;938
17;938
17;937
17;937
17;936
17;936
17;935
17;935
17;934
17;934
17;933
17;933
17;932
17;932
17;931
17;931
17;930
17;930
17;929
17;929
17;928
17;928
17;927
17;927
17;926
17;926
17;925
17;925
17;924
17;924
17;923
17;923
17;922
17;922
17;921
17;921
17;920
17;920
17;919
17;919
17;918
17;918
17;917
17;917
17;916
17;916
17;915
17;915
17;914
17;914
17;913
17;913
17;912
17;912
17;911
17;911
17;910
17;910
17;909
17;909
17;908
17;908
17;907
17;907
17;906
17;906
17;905
17;905
17;904
17;904
17;903
17;903
17;902
17;902
17;901
17;901
17;900
17;900
17;899
17;899
17;898
17;898
17;897
17;897
17;896
17;896
17;895
17;895
17;894
17;894
17;893
17;893
17;892
17;892
17;891
17;891
17;890
17;890
17;889
17;889
17;888
17;888
17;887
17;887
17;886
17;886
17;885
17;885
17;884
17;884
17;883
17;883
17;882
17;882
17;881
17;881
17;880
17;880
17;879
17;879
17;878
17;878
17;877
17;877
17;876
17;876
17;875
17;875
17;874
17;874
17;873
17;873
17;872
17;872
17;871
17;871
17;870
17;870
17;869
17;869
17;868
17;868
17;867
17;867
17;866
17;866
17;865
17;865
17;864
17;864
17;863
17;863
17;862
17;862
17;861
17;861
17;860
17;860
17;859
17;859
17;858
17;858
17;857
17;857
17;856
17;856
17;855
17;855
17;854
17;854
17;853
17;853
17;852
17;852
17;851
17;851
17;850
17;850
17;849
17;849
17;848
17;848
17;847
17;847
17;846
17;846
17;845
17;845
17;844
17;844
17;843
17;843
17;842
17;842
17;841
17;841
17;840
17;840
17;839
17;839
17;838
17;838
17;837
17;837
17;836
17;836
17;835
17;835
17;834
17;834
17;833
17;833
17;832
17;832
17;831
17;831
17;830
17;830
17;829
17;829
17;828
17;828
17;827
17;827
17;826
17;826
17;825
17;825
17;824
17;824
17;823
17;823
17;822
17;822
17;821
17;821
17;820
17;820
17;819
17;819
17;818
17;818
17;817
17;817
17;816
17;816
17;815
17;815
17;814
17;814
17;813
17;813
17;812
17;812
17;811
17;811
17;810
17;810
17;809
17;809
17;808
17;808
17;807
17;807
17;806
17;806
17;805
17;805
17;804
17;804
17;803
17;803
17;802
17;802
17;801
17;801
17;800
17;800
17;799
17;799
17;798
17;798
17;797
17;797
17;796
17;796
17;795
17;795
17;794
17;794
17;793
17;793
17;792
17;792
17;791
17;791
17;790
17;790
17;789
17;789
17;788
17;788
17;787
17;787
17;786
17;786
17;785
17;785
17;784
17;784
17;783
17;783
17;782
17;782
17;781
17;781
17;780
17;780
17;779
17;779
17;778
17;778
17;777
17;777
17;776
17;776
17;775
17;775
17;774
17;774
17;773
17;773
17;772
17;772
17;771
17;771
17;770
17;770
17;769
17;769
17;768
17;768
17;767
17;767
17;766
17;766
17;765
17;765
17;764
17;764
17;763
17;763
17;762
17;762
17;761
17;761
17;760
17;760
17;759
17;759
17;758
17;758
17;757
17;757
17;756
17;756
17;755
17;755
17;754
17;754
17;753
17;753
17;752
17;752
17;751
17;751
17;750
17;750
17;749
17;749
17;748
17;748
17;747
17;747
17;746
17;746
17;745
17;745
17;744
17;744
17;743
17;743
17;742
17;742
17;741
17;741
17;740
17;740
17;739
17;739
17;738
17;738
17;737
17;737
17;736
17;736
17;735
17;735
17;734
17;734
17;733
17;733
17;732
17;732
17;731
17;731
17;730
17;730
17;729
17;729
17;728
17;728
17;727
17;727
17;726
17;726
17;725
17;725
17;724
17;724
17;723
17;723
17;722
17;722
17;721
17;721
17;720
17;720
17;719
17;719
17;718
17;718
17;717
17;717
17;716
17;716
17;715
17;715
17;714
17;714
17;713
17;713
17;712
17;712
17;711
17;711
17;710
17;710
17;709
17;709
17;708
17;708
17;707
17;707
17;706
17;706
17;705
17;705
17;704
17;704
17;703
17;703
17;702
17;702
17;701
17;701
17;700
17;700
17;699
17;699
17;698
17;698
17;697
17;697
17;696
17;696
17;695
17;695
17;694
17;694
17;693
17;693
17;692
17;692
17;691
17;691
17;690
17;690
17;689
17;689
17;688
17;688
17;687
17;687
17;686
17;686
17;685
18;2245
18;2245
18;2244
18;2244
18;2243
18;2243
18;2242
18;2242
18;2241
18;2241
18;2240
18;2240
18;2239
18;2239
18;2238
18;2238
18;2237
18;2237
18;2236
18;2236
18;2235
18;2235
18;2234
18;2234
18;2233
18;2233
18;2232
18;2232
18;2231
18;2231
18;2230
18;2230
18;2229
18;2229
18;2228
18;2228
18;2227
18;2227
18;2226
18;2226
18;2225
18;2225
18;2224
18;2224
18;2223
18;2223
18;2222
18;2222
18;2221
18;2221
18;2220
18;2220
18;2219
18;2219
18;2218
18;2218
18;2217
18;2217
18;2216
18;2216
18;2215
18;2215
18;2214
18;2214
18;2213
18;2213
18;2212
18;2212
18;2211
18;2211
18;2210
18;2210
18;2209
18;2209
18;2208
18;2208
18;2207
18;2207
18;2206
18;2206
18;2205
18;2205
18;2204
18;2204
18;2203
18;2203
18;2202
18;2202
18;2201
18;2201
18;2200
18;2200
18;2199
18;2199
18;2198
18;2198
18;2197
18;2197
18;2196
18;2196
18;2195
18;2195
18;2194
18;2194
18;2193
18;2193
18;2192
18;2192
18;2191
18;2191
18;2190
18;2190
18;2189
18;2189
18;2188
18;2188
18;2187
18;2187
18;2186
18;2186
18;2185
18;2185
18;2184
18;2184
18;2183
18;2183
18;2182
18;2182
18;2181
18;2181
18;2180
18;2180
18;2179
18;2179
18;2178
18;2178
18;2177
18;2177
18;2176
18;2176
18;2175
18;2175
18;2174
18;2174
18;2173
18;2173
18;2172
18;2172
18;2171
18;2171
18;2170
18;2170
18;2169
18;2169
18;2168
18;2168
18;2167
18;2167
18;2166
18;2166
18;2165
18;2165
18;2164
18;2164
18;2163
18;2163
18;2162
18;2162
18;2161
18;2161
18;2160
18;2160
18;2159
18;2159
18;2158
18;2158
18;2157
18;2157
18;2156
18;2156
18;2155
18;2155
18;2154
18;2154
18;2153
18;2153
18;2152
18;2152
18;2151
18;2151
18;2150
18;2150
18;2149
18;2149
18;2148
18;2148
18;2147
18;2147
18;2146
18;2146
18;2145
18;2145
18;2144
18;2144
18;2143
18;2143
18;2142
18;2142
18;2141
18;2141
18;2140
18;2140
18;2139
18;2139
18;2138
18;2138
18;2137
18;2137
18;2136
18;2136
18;2135
18;2135
18;2134
18;2134
18;2133
18;2133
18;2132
18;2132
18;2131
18;2131
18;2130
18;2130
18;2129
18;2129
18;2128
18;2128
18;2127
18;2127
18;2126
18;2126
18;2125
18;2125
18;2124
18;2124
18;2123
18;2123
18;2122
18;2122
18;2121
18;2121
18;2120
18;2120
18;2119
18;2119
18;2118
18;2118
18;2117
18;2117
18;2116
18;2116
18;2115
18;2115
18;2114
18;2114
18;2113
18;2113
18;2112
18;2112
18;2111
18;2111
18;2110
18;2110
18;2109
18;2109
18;2108
18;2108
18;2107
18;2107
18;2106
18;2106
18;2105
18;2105
18;2104
18;2104
18;2103
18;2103
18;2102
18;2102
18;2101
18;2101
18;2100
18;2100
18;2099
18;2099
18;2098
18;2098
18;2097
18;2097
18;2096
18;2096
18;2095
18;2095
18;2094
18;2094
18;2093
18;2093
18;2092
18;2092
18;2091
18;2091
18;2090
18;2090
18;2089
18;2089
18;2088
18;2088
18;2087
18;2087
18;2086
18;2086
18;2085
18;2085
18;2084
18;2084
18;2083
18;2083
18;2082
18;2082
18;2081
18;2081
18;2080
18;2080
18;2079
18;2079
18;2078
18;2078
18;2077
18;2077
18;2076
18;2076
18;2075
18;2075
18;2074
18;2074
18;2073
18;2073
18;2072
18;2072
18;2071
18;2071
18;2070
18;2070
18;2069
18;2069
18;2068
18;2068
18;2067
18;2067
18;2066
18;2066
18;2065
18;2065
18;2064
18;2064
18;2063
18;2063
18;2062
18;2062
18;2061
18;2061
18;2060
18;2060
18;2059
18;2059
18;2058
18;2058
18;2057
18;2057
18;2056
18;2056
18;2055
18;2055
18;2054
18;2054
18;2053
18;2053
18;2052
18;2052
18;2051
18;2051
18;2050
18;2050
18;2049
18;2049
18;2048
18;2048
18;2047
18;2047
18;2046
18;2046
18;2045
18;2045
18;2044
18;2044
18;2043
18;2043
18;2042
18;2042
18;2041
18;2041
18;2040
18;2040
18;2039
18;2039
18;2038
18;2038
18;2037
18;2037
18;2036
18;2036
18;2035
18;2035
18;2034
18;2034
18;2033
18;2033
18;2032
18;2032
18;2031
18;2031
18;2030
18;2030
18;2029
18;2029
18;2028
18;2028
18;2027
18;2027
18;2026
18;2026
18;2025
18;2025
18;2024
18;2024
18;2023
18;2023
18;2022
18;2022
18;2021
18;2021
18;2020
18;2020
18;2019
18;2019
18;2018
18;2018
18;2017
18;2017
18;2016
18;2016
18;2015
18;2015
18;2014
18;2014
18;2013
18;2013
18;2012
18;2012
18;2011
18;2011
18;2010
18;2010
18;2009
18;2009
18;2008
18;2008
18;2007
18;2007
18;2006
18;2006
18;2005
18;2005
18;2004
18;2004
18;2003
18;2003
18;2002
18;2002
18;2001
18;2001
18;2000
18;2000
18;1999
18;1999
18;1998
18;1998
18;1997
18;1997
18;1996
18;1996
18;1995
18;1995
18;1994
18;1994
18;1993
18;1993
18;1992
18;1992
18;1991
18;1991
18;1990
18;1990
18;1989
18;1989
18;1988
18;1988
18;1987
18;1987
18;1986
18;1986
18;1985
18;1985
18;1984
18;1984
18;1983
18;1983
18;1982
18;1982
18;1981
18;1981
18;1980
18;1980
18;1979
18;1979
18;1978
18;1978
18;1977
18;1977
18;1976
18;1976
18;1975
18;1975
18;1974
18;1974
18;1973
18;1973
18;1972
18;1972
18;1971
18;1971
18;1970
18;1970
18;1969
18;1969
18;1968
18;1968
18;1967
18;1967
18;1966
18;1966
18;1965
18;1965
18;1964
18;1964
18;1963
18;1963
18;1962
18;1962
18;1961
18;1961
18;1960
18;1960
18;1959
18;1959
18;1958
18;1958
18;1957
18;1957
18;1956
18;1956
18;1955
18;1955
18;1954
18;1954
18;1953
18;1953
18;1952
18;1952
18;1951
18;1951
18;1950
18;1950
18;1949
18;1949
18;1948
18;1948
18;1947
18;1947
18;1946
18;1946
18;1945
18;1945
18;1944
18;1944
18;1943
18;1943
18;1942
18;1942
18;1941
18;1941
18;1940
18;1940
18;1939
18;1939
18;1938
18;1938
18;1937
18;1937
18;1936
18;1936
18;1935
18;1935
18;1934
18;1934
18;1933
18;1933
18;1932
18;1932
18;1931
18;1931
18;1930
18;1930
18;1929
18;1929
18;1928
18;1928
18;1927
18;1927
18;1926
18;1926
18;1925
18;1925
18;1924
18;1924
18;1923
18;1923
18;1922
18;1922
18;1921
18;1921
18;1920
18;1920
18;1919
18;1919
18;1918
18;1918
18;1917
18;1917
18;1916
18;1916
18;1915
18;1915
18;1914
18;1914
18;1913
18;1913
18;1912
18;1912
18;1911
18;1911
18;1910
18;1910
18;1909
18;1909
18;1908
18;1908
18;1907
18;1907
18;1906
18;1906
18;1905
18;1905
18;1904
18;1904
18;1903
18;1903
18;1902
18;1902
18;1901
18;1901
18;1900
18;1900
18;1899
18;1899
18;1898
18;1898
18;1897
18;1897
18;1896
18;1896
18;1895
18;1895
18;1894
18;1894
18;1893
18;1893
18;1892
18;1892
18;1891
18;1891
18;1890
18;1890
18;1889
18;1889
18;1888
18;1888
18;1887
18;1887
18;1886
18;1886
18;1885
18;1885
18;1884
18;1884
18;1883
18;1883
18;1882
18;1882
18;1881
18;1881
18;1880
18;1880
18;1879
18;1879
18;1878
18;1878
18;1877
18;1877
18;1876
18;1876
18;1875
18;1875
18;1874
18;1874
18;1873
18;1873
18;1872
18;1872
18;1871
18;1871
18;1870
18;1870
18;1869
18;1869
18;1868
18;1868
18;1867
18;1867
18;1866
18;1866
18;1865
18;1865
18;1864
18;1864
18;1863
18;1863
18;1862
18;1862
18;1861
18;1861
18;1860
18;1860
18;1859
18;1859
18;1858
18;1858
18;1857
18;1857
18;1856
18;1856
18;1855
18;1855
18;1854
18;1854
18;1853
18;1853
18;1852
18;1852
18;1851
18;1851
18;1850
18;1850
18;1849
18;1849
18;1848
18;1848
18;1847
18;1847
18;1846
18;1846
18;1845
18;1845
18;1844
18;1844
18;1843
18;1843
18;1842
18;1842
18;1841
18;1841
18;1840
18;1840
18;1839
18;1839
18;1838
18;1838
18;1837
18;1837
18;1836
18;1836
18;1835
18;1835
18;1834
18;1834
18;1833
18;1833
18;1832
18;1832
18;1831
18;1831
18;1830
18;1830
18;1829
18;1829
18;1828
18;1828
18;1827
18;1827
18;1826
18;1826
18;1825
18;1825
18;1824
18;1824
18;1823
18;1823
18;1822
18;1822
18;1821
18;1821
18;1820
18;1820
18;1819
18;1819
18;1818
18;1818
18;1817
18;1817
18;1816
18;1816
18;1815
18;1815
18;1814
18;1814
18;1813
18;1813
18;1812
18;1812
18;1811
18;1811
18;1810
18;1810
18;1809
18;1809
18;1808
18;1808
18;1807
18;1807
18;1806
18;1806
18;1805
18;1805
18;1804
18;1804
18;1803
18;1803
18;1802
18;1802
18;1801
18;1801
18;1800
18;1800
18;1799
18;1799
18;1798
18;1798
18;1797
18;1797
18;1796
18;1796
18;1795
18;1795
18;1794
18;1794
18;1793
18;1793
18;1792
18;1792
18;1791
18;1791
18;1790
18;1790
18;1789
18;1789
18;1788
18;1788
18;1787
18;1787
18;1786
18;1786
18;1785
18;1785
18;1784
18;1784
18;1783
18;1783
18;1782
18;1782
18;1781
18;1781
18;1780
18;1780
18;1779
18;1779
18;1778
18;1778
18;1777
18;1777
18;1776
18;1776
18;1775
18;1775
18;1774
18;1774
18;1773
18;1773
18;1772
18;1772
18;1771
18;1771
18;1770
18;1770
18;1769
18;1769
18;1768
18;1768
18;1767
18;1767
18;1766
18;1766
18;1765
18;1765
18;1764
18;1764
18;1763
18;1763
18;1762
18;1762
18;1761
18;1761
18;1760
18;1760
18;1759
18;1759
18;1758
18;1758
18;1757
18;1757
18;1756
18;1756
18;1755
18;1755
18;1754
18;1754
18;1753
18;1753
18;1752
18;1752
18;1751
18;1751
18;1750
18;1750
18;1749
18;1749
18;1748
18;1748
18;1747
18;1747
18;1746
18;1746
18;1745
18;1745
18;1744
18;1744
18;1743
18;1743
18;1742
18;1742
18;1741
18;1741
18;1740
18;1740
18;1739
18;1739
18;1738
18;1738
18;1737
18;1737
18;1736
18;1736
18;1735
18;1735
18;1734
18;1734
18;1733
18;1733
18;1732
18;1732
18;1731
18;1731
18;1730
18;1730
18;1729
18;1729
18;1728
18;1728
18;1727
18;1727
18;1726
18;1726
18;1725
18;1725
18;1724
18;1724
18;1723
18;1723
18;1722
18;1722
18;1721
18;1721
18;1720
18;1720
18;1719
18;1719
18;1718
18;1718
18;1717
18;1717
18;1716
18;1716
18;1715
18;1715
18;1714
18;1714
18;1713
18;1713
18;1712
18;1712
18;1711
18;1711
18;1710
18;1710
18;1709
18;1709
18;1708
18;1708
18;1707
18;1707
18;1706
18;1706
18;1705
18;1705
18;1704
18;1704
18;1703
18;1703
18;1702
18;1702
18;1701
18;1701
18;1700
18;1700
18;1699
18;1699
18;1698
18;1698
18;1697
18;1697
18;1696
18;1696
18;1695
18;1695
18;1694
18;1694
18;1693
18;1693
18;1692
18;1692
18;1691
18;1691
18;1690
18;1690
18;1689
18;1689
18;1688
18;1688
18;1687
18;1687
18;1686
18;1686
18;1685
18;1685
18;1684
18;1684
18;1683
18;1683
18;1682
18;1682
18;1681
18;1681
18;1680
18;1680
18;1679
18;1679
18;1678
18;1678
18;1677
18;1677
18;1676
18;1676
18;1675
18;1675
18;1674
18;1674
18;1673
18;1673
18;1672
18;1672
18;1671
18;1671
18;1670
18;1670
18;1669
18;1669
18;1668
18;1668
18;1667
18;1667
18;1666
18;1666
18;1665
18;1665
18;1664
18;1664
18;1663
18;1663
18;1662
18;1662
18;1661
18;1661
18;1660
18;1660
18;1659
18;1659
18;1658
18;1658
18;1657
18;1657
18;1656
18;1656
18;1655
18;1655
18;1654
18;1654
18;1653
18;1653
18;1652
18;1652
18;1651
18;1651
18;1650
18;1650
18;1649
18;1649
18;1648
18;1648
18;1647
18;1647
18;1646
18;1646
18;1645
18;1645
18;1644
18;1644
18;1643
18;1643
18;1642
18;1642
18;1641
18;1641
18;1640
18;1640
18;1639
18;1639
18;1638
18;1638
18;1637
18;1637
18;1636
18;1636
18;1635
18;1635
18;1634
18;1634
18;1633
18;1633
18;1632
18;1632
18;1631
18;1631
18;1630
18;1630
18;1629
18;1629
18;1628
18;1628
18;1627
18;1627
18;1626
18;1626
18;1625
18;1625
18;1624
18;1624
18;1623
18;1623
18;1622
18;1622
18;1621
18;1621
18;1620
18;1620
18;1619
18;1619
18;1618
18;1618
18;1617
18;1617
18;1616
18;1616
18;1615
18;1615
18;1614
18;1614
18;1613
18;1613
18;1612
18;1612
18;1611
18;1611
18;1610
18;1610
18;1609
18;1609
18;1608
18;1608
18;1607
18;1607
18;1606
18;1606
18;1605
18;1605
18;1604
18;1604
18;1603
18;1603
18;1602
18;1602
18;1601
18;1601
18;1600
18;1600
18;1599
18;1599
18;1598
18;1598
18;1597
18;1597
18;1596
18;1596
18;1595
18;1595
18;1594
18;1594
18;1593
18;1593
18;1592
18;1592
18;1591
18;1591
18;1590
18;1590
18;1589
18;1589
18;1588
18;1588
18;1587
18;1587
18;1586
18;1586
18;1585
18;1585
18;1584
18;1584
18;1583
18;1583
18;1582
18;1582
18;1581
18;1581
18;1580
18;1580
18;1579
18;1579
18;1578
18;1578
18;1577
18;1577
18;1576
18;1576
18;1575
18;1575
18;1574
18;1574
18;1573
18;1573
18;1572
18;1572
18;1571
18;1571
18;1570
18;1570
18;1569
18;1569
18;1568
18;1568
18;1567
18;1567
18;1566
18;1566
18;1565
18;1565
18;1564
18;1564
18;1563
18;1563
18;1562
18;1562
18;1561
18;1561
18;1560
18;1560
18;1559
18;1559
18;1558
18;1558
18;1557
18;1557
18;1556
18;1556
18;1555
18;1555
18;1554
18;1554
18;1553
18;1553
18;1552
18;1552
18;1551
18;1551
18;1550
18;1550
18;1549
18;1549
18;1548
18;1548
18;1547
18;1547
18;1546
18;1546
18;1545
18;1545
18;1544
18;1544
18;1543
18;1543
18;1542
18;1542
18;1541
18;1541
18;1540
18;1540
18;1539
18;1539
18;1538
18;1538
18;1537
18;1537
18;1536
18;1536
18;1535
18;1535
18;1534
18;1534
18;1533
18;1533
18;1532
18;1532
18;1531
18;1531
18;1530
18;1530
18;1529
18;1529
18;1528
18;1528
18;1527
18;1527
18;1526
18;1526
18;1525
18;1525
18;1524
18;1524
18;1523
18;1523
18;1522
18;1522
18;1521
18;1521
18;1520
18;1520
18;1519
18;1519
18;1518
18;1518
18;1517
18;1517
18;1516
18;1516
18;1515
18;1515
18;1514
18;1514
18;1513
18;1513
18;1512
18;1512
18;1511
18;1511
18;1510
18;1510
18;1509
18;1509
18;1508
18;1508
18;1507
18;1507
18;1506
18;1506
18;1505
18;1505
18;1504
18;1504
18;1503
18;1503
18;1502
18;1502
18;1501
18;1501
18;1500
18;1500
18;1499
18;1499
18;1498
18;1498
18;1497
18;1497
18;1496
18;1496
18;1495
18;1495
18;1494
18;1494
18;1493
18;1493
18;1492
18;1492
18;1491
18;1491
18;1490
18;1490
18;1489
18;1489
18;1488
18;1488
18;1487
18;1487
18;1486
18;1486
18;1485
18;1485
18;1484
18;1484
18;1483
18;1483
18;1482
18;1482
18;1481
18;1481
18;1480
18;1480
18;1479
18;1479
18;1478
18;1478
18;1477
18;1477
18;1476
18;1476
18;1475
18;1475
18;1474
18;1474
18;1473
18;1473
18;1472
18;1472
18;1471
18;1471
18;1470
18;1470
18;1469
18;1469
18;1468
18;1468
18;1467
18;1467
18;1466
18;1466
18;1465
18;1465
18;1464
18;1464
18;1463
18;1463
18;1462
18;1462
18;1461
18;1461
18;1460
18;1460
18;1459
18;1459
18;1458
18;1458
18;1457
18;1457
18;1456
18;1456
18;1455
18;1455
18;1454
18;1454
18;1453
18;1453
18;1452
18;1452
18;1451
18;1451
18;1450
18;1450
18;1449
18;1449
18;1448
18;1448
18;1447
18;1447
18;1446
18;1446
18;1445
18;1445
18;1444
18;1444
18;1443
18;1443
18;1442
18;1442
18;1441
18;1441
18;1440
18;1440
18;1439
18;1439
18;1438
18;1438
18;1437
18;1437
18;1436
18;1436
18;1435
18;1435
18;1434
18;1434
18;1433
18;1433
18;1432
18;1432
18;1431
18;1431
18;1430
18;1430
18;1429
18;1429
18;1428
18;1428
18;1427
18;1427
18;1426
18;1426
18;1425
18;1425
18;1424
18;1424
18;1423
18;1423
18;1422
18;1422
18;1421
18;1421
18;1420
18;1420
18;1419
18;1419
18;1418
18;1418
18;1417
18;1417
18;1416
18;1416
18;1415
18;1415
18;1414
18;1414
18;1413
18;1413
18;1412
18;1412
18;1411
18;1411
18;1410
18;1410
18;1409
18;1409
18;1408
18;1408
18;1407
18;1407
18;1406
18;1406
18;1405
18;1405
18;1404
18;1404
18;1403
18;1403
18;1402
18;1402
18;1401
18;1401
18;1400
18;1400
18;1399
18;1399
18;1398
18;1398
18;1397
18;1397
18;1396
18;1396
18;1395
18;1395
18;1394
18;1394
18;1393
18;1393
18;1392
18;1392
18;1391
18;1391
18;1390
18;1390
18;1389
18;1389
18;1388
18;1388
18;1387
18;1387
18;1386
18;1386
18;1385
18;1385
18;1384
18;1384
18;1383
18;1383
18;1382
18;1382
18;1381
18;1381
18;1380
18;1380
18;1379
18;1379
18;1378
18;1378
18;1377
18;1377
18;1376
18;1376
18;1375
18;1375
18;1374
18;1374
18;1373
18;1373
18;1372
18;1372
18;1371
18;1371
18;1370
18;1370
18;1369
18;1369
18;1368
18;1368
18;1367
18;1367
18;1366
18;1366
18;1365
18;1365
18;1364
18;1364
18;1363
18;1363
18;1362
18;1362
18;1361
18;1361
18;1360
18;1360
18;1359
18;1359
18;1358
18;1358
18;1357
18;1357
18;1356
18;1356
18;1355
18;1355
18;1354
18;1354
18;1353
18;1353
18;1352
18;1352
18;1351
18;1351
18;1350
18;1350
18;1349
18;1349
18;1348
18;1348
18;1347
18;1347
18;1346
18;1346
18;1345
18;1345
18;1344
18;1344
18;1343
18;1343
18;1342
18;1342
18;1341
18;1341
18;1340
18;1340
18;1339
18;1339
18;1338
18;1338
18;1337
18;1337
18;1336
18;1336
18;1335
18;1335
18;1334
18;1334
18;1333
18;1333
18;1332
18;1332
18;1331
18;1331
18;1330
18;1330
18;1329
18;1329
18;1328
18;1328
18;1327
18;1327
18;1326
18;1326
18;1325
18;1325
18;1324
18;1324
18;1323
18;1323
18;1322
18;1322
18;1321
18;1321
18;1320
18;1320
18;1319
18;1319
18;1318
18;1318
18;1317
18;1317
18;1316
18;1316
18;1315
18;1315
18;1314
18;1314
18;1313
18;1313
18;1312
18;1312
18;1311
18;1311
18;1310
18;1310
18;1309
18;1309
18;1308
18;1308
18;1307
18;1307
18;1306
18;1306
18;1305
18;1305
18;1304
18;1304
18;1303
18;1303
18;1302
18;1302
18;1301
18;1301
18;1300
18;1300
18;1299
18;1299
18;1298
18;1298
18;1297
18;1297
18;1296
18;1296
18;1295
18;1295
18;1294
18;1294
18;1293
18;1293
18;1292
18;1292
18;1291
18;1291
18;1290
18;1290
18;1289
18;1289
18;1288
18;1288
18;1287
18;1287
18;1286
18;1286
18;1285
18;1285
18;1284
18;1284
18;1283
18;1283
18;1282
18;1282
18;1281
18;1281
18;1280
18;1280
18;1279
18;1279
18;1278
18;1278
18;1277
18;1277
18;1276
18;1276
18;1275
18;1275
18;1274
18;1274
18;1273
18;1273
18;1272
18;1272
18;1271
18;1271
18;1270
18;1270
18;1269
18;1269
18;1268
18;1268
18;1267
18;1267
18;1266
18;1266
18;1265
18;1265
18;1264
18;1264
18;1263
18;1263
18;1262
18;1262
18;1261
18;1261
18;1260
18;1260
18;1259
18;1259
18;1258
18;1258
18;1257
18;1257
18;1256
18;1256
18;1255
18;1255
18;1254
18;1254
18;1253
18;1253
18;1252
18;1252
18;1251
18;1251
18;1250
18;1250
18;1249
18;1249
18;1248
18;1248
18;1247
18;1247
18;1246
18;1246
18;1245
18;1245
18;1244
18;1244
18;1243
18;1243
18;1242
18;1242
18;1241
18;1241
18;1240
18;1240
18;1239
18;1239
18;1238
18;1238
18;1237
18;1237
18;1236
18;1236
18;1235
18;1235
18;1234
18;1234
18;1233
18;1233
18;1232
18;1232
18;1231
18;1231
18;1230
18;1230
18;1229
18;1229
18;1228
18;1228
18;1227
18;1227
18;1226
18;1226
18;1225
18;1225
18;1224
18;1224
18;1223
18;1223
18;1222
18;1222
18;1221
18;1221
18;1220
18;1220
18;1219
18;1219
18;1218
18;1218
18;1217
18;1217
18;1216
18;1216
18;1215
18;1215
18;1214
18;1214
18;1213
18;1213
18;1212
18;1212
18;1211
18;1211
18;1210
18;1210
18;1209
18;1209
18;1208
18;1208
18;1207
18;1207
18;1206
18;1206
18;1205
18;1205
18;1204
18;1204
18;1203
18;1203
18;1202
18;1202
18;1201
18;1201
18;1200
18;1200
18;1199
18;1199
18;1198
18;1198
18;1197
18;1197
18;1196
18;1196
18;1195
18;1195
18;1194
18;1194
18;1193
18;1193
18;1192
18;1192
18;1191
18;1191
18;1190
18;1190
18;1189
18;1189
18;1188
18;1188
18;1187
18;1187
18;1186
18;1186
18;1185
18;1185
18;1184
18;1184
18;1183
18;1183
18;1182
18;1182
18;1181
18;1181
18;1180
18;1180
18;1179
18;1179
18;1178
18;1178
18;1177
18;1177
18;1176
18;1176
18;1175
18;1175
18;1174
18;1174
18;1173
18;1173
18;1172
18;1172
18;1171
18;1171
18;1170
18;1170
18;1169
18;1169
18;1168
18;1168
18;1167
18;1167
18;1166
18;1166
18;1165
18;1165
18;1164
18;1164
18;1163
18;1163
18;1162
18;1162
18;1161
18;1161
18;1160
18;1160
18;1159
18;1159
18;1158
18;1158
18;1157
18;1157
18;1156
18;1156
18;1155
18;1155
18;1154
18;1154
18;1153
18;1153
18;1152
18;1152
18;1151
18;1151
18;1150
18;1150
18;1149
18;1149
18;1148
18;1148
18;1147
18;1147
18;1146
18;1146
18;1145
18;1145
18;1144
18;1144
18;1143
18;1143
18;1142
18;1142
18;1141
18;1141
18;1140
18;1140
18;1139
18;1139
18;1138
18;1138
18;1137
18;1137
18;1136
18;1136
18;1135
18;1135
18;1134
18;1134
18;1133
18;1133
18;1132
18;1132
18;1131
18;1131
18;1130
18;1130
18;1129
18;1129
18;1128
18;1128
18;1127
18;1127
18;1126
18;1126
18;1125
18;1125
18;1124
18;1124
18;1123
18;1123
18;1122
18;1122
18;1121
18;1121
18;1120
18;1120
18;1119
18;1119
18;1118
18;1118
18;1117
18;1117
18;1116
18;1116
18;1115
18;1115
18;1114
18;1114
18;1113
18;1113
18;1112
18;1112
18;1111
18;1111
18;1110
18;1110
18;1109
18;1109
18;1108
18;1108
18;1107
18;1107
18;1106
18;1106
18;1105
18;1105
18;1104
18;1104
18;1103
18;1103
18;1102
18;1102
18;1101
18;1101
18;1100
18;1100
18;1099
18;1099
18;1098
18;1098
18;1097
18;1097
18;1096
18;1096
18;1095
18;1095
18;1094
18;1094
18;1093
18;1093
18;1092
18;1092
18;1091
18;1091
18;1090
18;1090
18;1089
18;1089
18;1088
18;1088
18;1087
18;1087
18;1086
18;1086
18;1085
18;1085
18;1084
18;1084
18;1083
18;1083
18;1082
18;1082
18;1081
18;1081
18;1080
18;1080
18;1079
18;1079
18;1078
18;1078
18;1077
18;1077
18;1076
18;1076
18;1075
18;1075
18;1074
18;1074
18;1073
18;1073
18;1072
18;1072
18;1071
18;1071
18;1070
18;1070
18;1069
18;1069
18;1068
18;1068
18;1067
18;1067
18;1066
18;1066
18;1065
18;1065
18;1064
18;1064
18;1063
18;1063
18;1062
18;1062
18;1061
18;1061
18;1060
18;1060
18;1059
18;1059
18;1058
18;1058
18;1057
18;1057
18;1056
18;1056
18;1055
18;1055
18;1054
18;1054
18;1053
18;1053
18;1052
18;1052
18;1051
18;1051
18;1050
18;1050
18;1049
18;1049
18;1048
18;1048
18;1047
18;1047
18;1046
18;1046
18;1045
18;1045
18;1044
18;1044
18;1043
18;1043
18;1042
18;1042
18;1041
18;1041
18;1040
18;1040
18;1039
18;1039
18;1038
18;1038
18;1037
18;1037
18;1036
18;1036
18;1035
18;1035
18;1034
18;1034
18;1033
18;1033
18;1032
18;1032
18;1031
18;1031
18;1030
18;1030
18;1029
18;1029
18;1028
18;1028
18;1027
18;1027
18;1026
18;1026
18;1025
18;1025
18;1024
18;1024
18;1023
18;1023
18;1022
18;1022
18;1021
18;1021
18;1020
18;1020
18;1019
18;1019
18;1018
18;1018
18;1017
18;1017
18;1016
18;1016
18;1015
18;1015
18;1014
18;1014
18;1013
18;1013
18;1012
18;1012
18;1011
18;1011
18;1010
18;1010
18;1009
18;1009
18;1008
18;1008
18;1007
18;1007
18;1006
18;1006
18;1005
18;1005
18;1004
18;1004
18;1003
18;1003
18;1002
18;1002
18;1001
18;1001
18;1000
18;1000
18;999
18;999
18;998
18;998
18;997
18;997
18;996
18;996
18;995
18;995
18;994
18;994
18;993
18;993
18;992
18;992
18;991
18;991
18;990
18;990
18;989
18;989
18;988
18;988
18;987
18;987
18;986
18;986
18;985
18;985
18;984
18;984
18;983
18;983
18;982
18;982
18;981
18;981
18;980
18;980
18;979
18;979
18;978
18;978
18;977
18;977
18;976
18;976
18;975
18;975
18;974
18;974
18;973
18;973
18;972
18;972
18;971
18;971
18;970
18;970
18;969
18;969
18;968
18;968
18;967
18;967
18;966
18;966
18;965
18;965
18;964
18;964
18;963
18;963
18;962
18;962
18;961
18;961
18;960
18;960
18;959
18;959
18;958
18;958
18;957
18;957
18;956
18;956
18;955
18;955
18;954
18;954
18;953
18;953
18;952
18;952
18;951
18;951
18;950
18;950
18;949
18;949
18;948
18;948
18;947
18;947
18;946
18;946
18;945
18;945
18;944
18;944
18;943
18;943
18;942
18;942
18;941
18;941
18;940
18;940
18;939
18;939
18;938
18;938
18;937
18;937
18;936
18;936
18;935
18;935
18;934
18;934
18;933
18;933
18;932
18;932
18;931
18;931
18;930
18;930
18;929
18;929
18;928
18;928
18;927
18;927
18;926
18;926
18;925
18;925
18;924
18;924
18;923
18;923
18;922
18;922
18;921
18;921
18;920
18;920
18;919
18;919
18;918
18;918
18;917
18;917
18;916
18;916
18;915
18;915
18;914
18;914
18;913
18;913
18;912
18;912
18;911
18;911
18;910
18;910
18;909
18;909
18;908
18;908
18;907
18;907
18;906
18;906
18;905
18;905
18;904
18;904
18;903
18;903
18;902
18;902
18;901
18;901
18;900
18;900
18;899
18;899
18;898
18;898
18;897
18;897
18;896
18;896
18;895
18;895
18;894
18;894
18;893
18;893
18;892
18;892
18;891
18;891
18;890
18;890
18;889
18;889
18;888
18;888
18;887
18;887
18;886
18;886
18;885
18;885
18;884
18;884
18;883
18;883
18;882
18;882
18;881
18;881
18;880
18;880
18;879
18;879
18;878
18;878
18;877
18;877
18;876
18;876
18;875
18;875
18;874
18;874
18;873
18;873
18;872
18;872
18;871
18;871
18;870
18;870
18;869
18;869
18;868
18;868
18;867
18;867
18;866
18;866
18;865
18;865
18;864
18;864
18;863
18;863
18;862
18;862
18;861
18;861
18;860
18;860
18;859
18;859
18;858
18;858
18;857
18;857
18;856
18;856
18;855
18;855
18;854
18;854
19;1717
19;1717
19;1716
19;1716
19;1715
19;1715
19;1714
19;1714
19;1713
19;1713
19;1712
19;1712
19;1711
19;1711
19;1710
19;1710
19;1709
19;1709
19;1708
19;1708
19;1707
19;1707
19;1706
19;1706
19;1705
19;1705
19;1704
19;1704
19;1703
19;1703
19;1702
19;1702
19;1701
19;1701
19;1700
19;1700
19;1699
19;1699
19;1698
19;1698
19;1697
19;1697
19;1696
19;1696
19;1695
19;1695
19;1694
19;1694
19;1693
19;1693
19;1692
19;1692
19;1691
19;1691
19;1690
19;1690
19;1689
19;1689
19;1688
19;1688
19;1687
19;1687
19;1686
19;1686
19;1685
19;1685
19;1684
19;1684
19;1683
19;1683
19;1682
19;1682
19;1681
19;1681
19;1680
19;1680
19;1679
19;1679
19;1678
19;1678
19;1677
19;1677
19;1676
19;1676
19;1675
19;1675
19;1674
19;1674
19;1673
19;1673
19;1672
19;1672
19;1671
19;1671
19;1670
19;1670
19;1669
19;1669
19;1668
19;1668
19;1667
19;1667
19;1666
19;1666
19;1665
19;1665
19;1664
19;1664
19;1663
19;1663
19;1662
19;1662
19;1661
19;1661
19;1660
19;1660
19;1659
19;1659
19;1658
19;1658
19;1657
19;1657
19;1656
19;1656
19;1655
19;1655
19;1654
19;1654
19;1653
19;1653
19;1652
19;1652
19;1651
19;1651
19;1650
19;1650
19;1649
19;1649
19;1648
19;1648
19;1647
19;1647
19;1646
19;1646
19;1645
19;1645
19;1644
19;1644
19;1643
19;1643
19;1642
19;1642
19;1641
19;1641
19;1640
19;1640
19;1639
19;1639
19;1638
19;1638
19;1637
19;1637
19;1636
19;1636
19;1635
19;1635
19;1634
19;1634
19;1633
19;1633
19;1632
19;1632
19;1631
19;1631
19;1630
19;1630
19;1629
19;1629
19;1628
19;1628
19;1627
19;1627
19;1626
19;1626
19;1625
19;1625
19;1624
19;1624
19;1623
19;1623
19;1622
19;1622
19;1621
19;1621
19;1620
19;1620
19;1619
19;1619
19;1618
19;1618
19;1617
19;1617
19;1616
19;1616
19;1615
19;1615
19;1614
19;1614
19;1613
19;1613
19;1612
19;1612
19;1611
19;1611
19;1610
19;1610
19;1609
19;1609
19;1608
19;1608
19;1607
19;1607
19;1606
19;1606
19;1605
19;1605
19;1604
19;1604
19;1603
19;1603
19;1602
19;1602
19;1601
19;1601
19;1600
19;1600
19;1599
19;1599
19;1598
19;1598
19;1597
19;1597
19;1596
19;1596
19;1595
19;1595
19;1594
19;1594
19;1593
19;1593
19;1592
19;1592
19;1591
19;1591
19;1590
19;1590
19;1589
19;1589
19;1588
19;1588
19;1587
19;1587
19;1586
19;1586
19;1585
19;1585
19;1584
19;1584
19;1583
19;1583
19;1582
19;1582
19;1581
19;1581
19;1580
19;1580
19;1579
19;1579
19;1578
19;1578
19;1577
19;1577
19;1576
19;1576
19;1575
19;1575
19;1574
19;1574
19;1573
19;1573
19;1572
19;1572
19;1571
19;1571
19;1570
19;1570
19;1569
19;1569
19;1568
19;1568
19;1567
19;1567
19;1566
19;1566
19;1565
19;1565
19;1564
19;1564
19;1563
19;1563
19;1562
19;1562
19;1561
19;1561
19;1560
19;1560
19;1559
19;1559
19;1558
19;1558
19;1557
19;1557
19;1556
19;1556
19;1555
19;1555
19;1554
19;1554
19;1553
19;1553
19;1552
19;1552
19;1551
19;1551
19;1550
19;1550
19;1549
19;1549
19;1548
19;1548
19;1547
19;1547
19;1546
19;1546
19;1545
19;1545
19;1544
19;1544
19;1543
19;1543
19;1542
19;1542
19;1541
19;1541
19;1540
19;1540
19;1539
19;1539
19;1538
19;1538
19;1537
19;1537
19;1536
19;1536
19;1535
19;1535
19;1534
19;1534
19;1533
19;1533
19;1532
19;1532
19;1531
19;1531
19;1530
19;1530
19;1529
19;1529
19;1528
19;1528
19;1527
19;1527
19;1526
19;1526
19;1525
19;1525
19;1524
19;1524
19;1523
19;1523
19;1522
19;1522
19;1521
19;1521
19;1520
19;1520
19;1519
19;1519
19;1518
19;1518
19;1517
19;1517
19;1516
19;1516
19;1515
19;1515
19;1514
19;1514
19;1513
19;1513
19;1512
19;1512
19;1511
19;1511
19;1510
19;1510
19;1509
19;1509
19;1508
19;1508
19;1507
19;1507
19;1506
19;1506
19;1505
19;1505
19;1504
19;1504
19;1503
19;1503
19;1502
19;1502
19;1501
19;1501
19;1500
19;1500
19;1499
19;1499
19;1498
19;1498
19;1497
19;1497
19;1496
19;1496
19;1495
19;1495
19;1494
19;1494
19;1493
19;1493
19;1492
19;1492
19;1491
19;1491
19;1490
19;1490
19;1489
19;1489
19;1488
19;1488
19;1487
19;1487
19;1486
19;1486
19;1485
19;1485
19;1484
19;1484
19;1483
19;1483
19;1482
19;1482
19;1481
19;1481
19;1480
19;1480
19;1479
19;1479
19;1478
19;1478
19;1477
19;1477
19;1476
19;1476
19;1475
19;1475
19;1474
19;1474
19;1473
19;1473
19;1472
19;1472
19;1471
19;1471
19;1470
19;1470
19;1469
19;1469
19;1468
19;1468
19;1467
19;1467
19;1466
19;1466
19;1465
19;1465
19;1464
19;1464
19;1463
19;1463
19;1462
19;1462
19;1461
19;1461
19;1460
19;1460
19;1459
19;1459
19;1458
19;1458
19;1457
19;1457
19;1456
19;1456
19;1455
19;1455
19;1454
19;1454
19;1453
19;1453
19;1452
19;1452
19;1451
19;1451
19;1450
19;1450
19;1449
19;1449
19;1448
19;1448
19;1447
19;1447
19;1446
19;1446
19;1445
19;1445
19;1444
19;1444
19;1443
19;1443
19;1442
19;1442
19;1441
19;1441
19;1440
19;1440
19;1439
19;1439
19;1438
19;1438
19;1437
19;1437
19;1436
19;1436
19;1435
19;1435
19;1434
19;1434
19;1433
19;1433
19;1432
19;1432
19;1431
19;1431
19;1430
19;1430
19;1429
19;1429
19;1428
19;1428
19;1427
19;1427
19;1426
19;1426
19;1425
19;1425
19;1424
19;1424
19;1423
19;1423
19;1422
19;1422
19;1421
19;1421
19;1420
19;1420
19;1419
19;1419
19;1418
19;1418
19;1417
19;1417
19;1416
19;1416
19;1415
19;1415
19;1414
19;1414
19;1413
19;1413
19;1412
19;1412
19;1411
19;1411
19;1410
19;1410
19;1409
19;1409
19;1408
19;1408
19;1407
19;1407
19;1406
19;1406
19;1405
19;1405
19;1404
19;1404
19;1403
19;1403
19;1402
19;1402
19;1401
19;1401
19;1400
19;1400
19;1399
19;1399
19;1398
19;1398
19;1397
19;1397
19;1396
19;1396
19;1395
19;1395
19;1394
19;1394
19;1393
19;1393
19;1392
19;1392
19;1391
19;1391
19;1390
19;1390
19;1389
19;1389
19;1388
19;1388
19;1387
19;1387
19;1386
19;1386
19;1385
19;1385
19;1384
19;1384
19;1383
19;1383
19;1382
19;1382
19;1381
19;1381
19;1380
19;1380
19;1379
19;1379
19;1378
19;1378
19;1377
19;1377
19;1376
19;1376
19;1375
19;1375
19;1374
19;1374
19;1373
19;1373
19;1372
19;1372
19;1371
19;1371
19;1370
19;1370
19;1369
19;1369
19;1368
19;1368
19;1367
19;1367
19;1366
19;1366
19;1365
19;1365
19;1364
19;1364
19;1363
19;1363
19;1362
19;1362
19;1361
19;1361
19;1360
19;1360
19;1359
19;1359
19;1358
19;1358
19;1357
19;1357
19;1356
19;1356
19;1355
19;1355
19;1354
19;1354
19;1353
19;1353
19;1352
19;1352
19;1351
19;1351
19;1350
19;1350
19;1349
19;1349
19;1348
19;1348
19;1347
19;1347
19;1346
19;1346
19;1345
19;1345
19;1344
19;1344
19;1343
19;1343
19;1342
19;1342
19;1341
19;1341
19;1340
19;1340
19;1339
19;1339
19;1338
19;1338
19;1337
19;1337
19;1336
19;1336
19;1335
19;1335
19;1334
19;1334
19;1333
19;1333
19;1332
19;1332
19;1331
19;1331
19;1330
19;1330
19;1329
19;1329
19;1328
19;1328
19;1327
19;1327
19;1326
19;1326
19;1325
19;1325
19;1324
19;1324
19;1323
19;1323
19;1322
19;1322
19;1321
19;1321
19;1320
19;1320
19;1319
19;1319
19;1318
19;1318
19;1317
19;1317
19;1316
19;1316
19;1315
19;1315
19;1314
19;1314
19;1313
19;1313
19;1312
19;1312
19;1311
19;1311
19;1310
19;1310
19;1309
19;1309
19;1308
19;1308
19;1307
19;1307
19;1306
19;1306
19;1305
19;1305
19;1304
19;1304
19;1303
19;1303
19;1302
19;1302
19;1301
19;1301
19;1300
19;1300
19;1299
19;1299
19;1298
19;1298
19;1297
19;1297
19;1296
19;1296
19;1295
19;1295
19;1294
19;1294
19;1293
19;1293
19;1292
19;1292
19;1291
19;1291
19;1290
19;1290
19;1289
19;1289
19;1288
19;1288
19;1287
19;1287
19;1286
19;1286
19;1285
19;1285
19;1284
19;1284
19;1283
19;1283
19;1282
19;1282
19;1281
19;1281
19;1280
19;1280
19;1279
19;1279
19;1278
19;1278
19;1277
19;1277
19;1276
19;1276
19;1275
19;1275
19;1274
19;1274
19;1273
19;1273
19;1272
19;1272
19;1271
19;1271
19;1270
19;1270
19;1269
19;1269
19;1268
19;1268
19;1267
19;1267
19;1266
19;1266
19;1265
19;1265
19;1264
19;1264
19;1263
19;1263
19;1262
19;1262
19;1261
19;1261
19;1260
19;1260
19;1259
19;1259
19;1258
19;1258
19;1257
19;1257
19;1256
19;1256
19;1255
19;1255
19;1254
19;1254
19;1253
19;1253
19;1252
19;1252
19;1251
19;1251
19;1250
19;1250
19;1249
19;1249
19;1248
19;1248
19;1247
19;1247
19;1246
19;1246
19;1245
19;1245
19;1244
19;1244
19;1243
19;1243
19;1242
19;1242
19;1241
19;1241
19;1240
19;1240
19;1239
19;1239
19;1238
19;1238
19;1237
19;1237
19;1236
19;1236
19;1235
19;1235
19;1234
19;1234
19;1233
19;1233
19;1232
19;1232
19;1231
19;1231
19;1230
19;1230
19;1229
19;1229
19;1228
19;1228
19;1227
19;1227
19;1226
19;1226
19;1225
19;1225
19;1224
19;1224
19;1223
19;1223
19;1222
19;1222
19;1221
19;1221
19;1220
19;1220
19;1219
19;1219
19;1218
19;1218
19;1217
19;1217
19;1216
19;1216
19;1215
19;1215
19;1214
19;1214
19;1213
19;1213
19;1212
19;1212
19;1211
19;1211
19;1210
19;1210
19;1209
19;1209
19;1208
19;1208
19;1207
19;1207
19;1206
19;1206
19;1205
19;1205
19;1204
19;1204
19;1203
19;1203
19;1202
19;1202
19;1201
19;1201
19;1200
19;1200
19;1199
19;1199
19;1198
19;1198
19;1197
19;1197
19;1196
19;1196
19;1195
19;1195
19;1194
19;1194
19;1193
19;1193
19;1192
19;1192
19;1191
19;1191
19;1190
19;1190
19;1189
19;1189
19;1188
19;1188
19;1187
19;1187
19;1186
19;1186
19;1185
19;1185
19;1184
19;1184
19;1183
19;1183
19;1182
19;1182
19;1181
19;1181
19;1180
19;1180
19;1179
19;1179
19;1178
19;1178
19;1177
19;1177
19;1176
19;1176
19;1175
19;1175
19;1174
19;1174
19;1173
19;1173
19;1172
19;1172
19;1171
19;1171
19;1170
19;1170
19;1169
19;1169
19;1168
19;1168
19;1167
19;1167
19;1166
19;1166
19;1165
19;1165
19;1164
19;1164
19;1163
19;1163
19;1162
19;1162
19;1161
19;1161
19;1160
19;1160
19;1159
19;1159
19;1158
19;1158
19;1157
19;1157
19;1156
19;1156
19;1155
19;1155
19;1154
19;1154
19;1153
19;1153
19;1152
19;1152
19;1151
19;1151
19;1150
19;1150
19;1149
19;1149
19;1148
19;1148
19;1147
19;1147
19;1146
19;1146
19;1145
19;1145
19;1144
19;1144
19;1143
19;1143
19;1142
19;1142
19;1141
19;1141
19;1140
19;1140
19;1139
19;1139
19;1138
19;1138
19;1137
19;1137
19;1136
19;1136
19;1135
19;1135
19;1134
19;1134
19;1133
19;1133
19;1132
19;1132
19;1131
19;1131
19;1130
19;1130
19;1129
19;1129
19;1128
19;1128
19;1127
19;1127
19;1126
19;1126
19;1125
19;1125
19;1124
19;1124
19;1123
19;1123
19;1122
19;1122
19;1121
19;1121
19;1120
19;1120
19;1119
19;1119
19;1118
19;1118
19;1117
19;1117
19;1116
19;1116
19;1115
19;1115
19;1114
19;1114
19;1113
19;1113
19;1112
19;1112
19;1111
19;1111
19;1110
19;1110
19;1109
19;1109
19;1108
19;1108
19;1107
19;1107
19;1106
19;1106
19;1105
19;1105
19;1104
19;1104
19;1103
19;1103
19;1102
19;1102
19;1101
19;1101
19;1100
19;1100
19;1099
19;1099
19;1098
19;1098
19;1097
19;1097
19;1096
19;1096
19;1095
19;1095
19;1094
19;1094
19;1093
19;1093
19;1092
19;1092
19;1091
19;1091
19;1090
19;1090
19;1089
19;1089
19;1088
19;1088
19;1087
19;1087
19;1086
19;1086
19;1085
19;1085
19;1084
19;1084
19;1083
19;1083
19;1082
19;1082
19;1081
19;1081
19;1080
19;1080
19;1079
19;1079
19;1078
19;1078
19;1077
19;1077
19;1076
19;1076
19;1075
19;1075
19;1074
19;1074
19;1073
19;1073
19;1072
19;1072
19;1071
19;1071
19;1070
19;1070
19;1069
19;1069
19;1068
19;1068
19;1067
19;1067
19;1066
19;1066
19;1065
19;1065
19;1064
19;1064
19;1063
19;1063
19;1062
19;1062
19;1061
19;1061
19;1060
19;1060
19;1059
19;1059
19;1058
19;1058
19;1057
19;1057
19;1056
19;1056
19;1055
19;1055
19;1054
19;1054
19;1053
19;1053
19;1052
19;1052
19;1051
19;1051
19;1050
19;1050
19;1049
19;1049
19;1048
19;1048
19;1047
19;1047
19;1046
19;1046
19;1045
19;1045
19;1044
19;1044
19;1043
19;1043
19;1042
19;1042
19;1041
19;1041
19;1040
19;1040
19;1039
19;1039
19;1038
19;1038
19;1037
19;1037
19;1036
19;1036
19;1035
19;1035
19;1034
19;1034
19;1033
19;1033
19;1032
19;1032
19;1031
19;1031
19;1030
19;1030
19;1029
19;1029
19;1028
19;1028
19;1027
19;1027
19;1026
19;1026
19;1025
19;1025
19;1024
19;1024
19;1023
19;1023
19;1022
19;1022
19;1021
19;1021
19;1020
19;1020
19;1019
19;1019
19;1018
19;1018
19;1017
19;1017
19;1016
19;1016
19;1015
19;1015
19;1014
19;1014
19;1013
19;1013
19;1012
19;1012
19;1011
19;1011
19;1010
19;1010
19;1009
19;1009
19;1008
19;1008
19;1007
19;1007
19;1006
19;1006
19;1005
19;1005
19;1004
19;1004
19;1003
19;1003
19;1002
19;1002
19;1001
19;1001
19;1000
19;1000
19;999
19;999
19;998
19;998
19;997
19;997
19;996
19;996
19;995
19;995
19;994
19;994
19;993
19;993
19;992
19;992
19;991
19;991
19;990
19;990
19;989
19;989
19;988
19;988
19;987
19;987
19;986
19;986
19;985
19;985
19;984
19;984
19;983
19;983
19;982
19;982
19;981
19;981
19;980
19;980
19;979
19;979
19;978
19;978
19;977
19;977
19;976
19;976
19;975
19;975
19;974
19;974
19;973
19;973
19;972
19;972
19;971
19;971
19;970
19;970
19;969
19;969
19;968
19;968
19;967
19;967
19;966
19;966
19;965
19;965
19;964
19;964
19;963
19;963
19;962
19;962
19;961
19;961
19;960
19;960
